--
-- PostgreSQL database dump
--

-- Dumped from database version 10.15 (Ubuntu 10.15-0ubuntu0.18.04.1)
-- Dumped by pg_dump version 10.15 (Ubuntu 10.15-0ubuntu0.18.04.1)

SET statement_timeout = 0;
SET lock_timeout = 0;
SET idle_in_transaction_session_timeout = 0;
SET client_encoding = 'UTF8';
SET standard_conforming_strings = on;
SELECT pg_catalog.set_config('search_path', '', false);
SET check_function_bodies = false;
SET xmloption = content;
SET client_min_messages = warning;
SET row_security = off;

--
-- Name: plpgsql; Type: EXTENSION; Schema: -; Owner: 
--

CREATE EXTENSION IF NOT EXISTS plpgsql WITH SCHEMA pg_catalog;


--
-- Name: EXTENSION plpgsql; Type: COMMENT; Schema: -; Owner: 
--

COMMENT ON EXTENSION plpgsql IS 'PL/pgSQL procedural language';


SET default_tablespace = '';

SET default_with_oids = false;

--
-- Name: Appraisals_appraisal; Type: TABLE; Schema: public; Owner: benny6789
--

CREATE TABLE public."Appraisals_appraisal" (
    id integer NOT NULL,
    status character varying(30) NOT NULL,
    created_by_id integer,
    employee_list_id integer,
    manager_id integer,
    rating_scale_id integer,
    user_id integer
);


ALTER TABLE public."Appraisals_appraisal" OWNER TO benny6789;

--
-- Name: Appraisals_appraisal_category; Type: TABLE; Schema: public; Owner: benny6789
--

CREATE TABLE public."Appraisals_appraisal_category" (
    id integer NOT NULL,
    name character varying(100) NOT NULL
);


ALTER TABLE public."Appraisals_appraisal_category" OWNER TO benny6789;

--
-- Name: Appraisals_appraisal_category_id_seq; Type: SEQUENCE; Schema: public; Owner: benny6789
--

CREATE SEQUENCE public."Appraisals_appraisal_category_id_seq"
    AS integer
    START WITH 1
    INCREMENT BY 1
    NO MINVALUE
    NO MAXVALUE
    CACHE 1;


ALTER TABLE public."Appraisals_appraisal_category_id_seq" OWNER TO benny6789;

--
-- Name: Appraisals_appraisal_category_id_seq; Type: SEQUENCE OWNED BY; Schema: public; Owner: benny6789
--

ALTER SEQUENCE public."Appraisals_appraisal_category_id_seq" OWNED BY public."Appraisals_appraisal_category".id;


--
-- Name: Appraisals_appraisal_id_seq; Type: SEQUENCE; Schema: public; Owner: benny6789
--

CREATE SEQUENCE public."Appraisals_appraisal_id_seq"
    AS integer
    START WITH 1
    INCREMENT BY 1
    NO MINVALUE
    NO MAXVALUE
    CACHE 1;


ALTER TABLE public."Appraisals_appraisal_id_seq" OWNER TO benny6789;

--
-- Name: Appraisals_appraisal_id_seq; Type: SEQUENCE OWNED BY; Schema: public; Owner: benny6789
--

ALTER SEQUENCE public."Appraisals_appraisal_id_seq" OWNED BY public."Appraisals_appraisal".id;


--
-- Name: Appraisals_overall_appraisal; Type: TABLE; Schema: public; Owner: benny6789
--

CREATE TABLE public."Appraisals_overall_appraisal" (
    id integer NOT NULL,
    name character varying(50),
    goal_weightage integer,
    competency_weightage integer,
    skill_weightage integer,
    start_date date NOT NULL,
    goals_setting_end_date date NOT NULL,
    mid_year_start_date date NOT NULL,
    mid_year_end_date date NOT NULL,
    end_year_start_date date NOT NULL,
    appraisal_end_date date NOT NULL,
    reports_end_date date NOT NULL,
    calibration_end_date date NOT NULL,
    rating_scale character varying(50),
    status character varying(100),
    appraisal_category_id integer
);


ALTER TABLE public."Appraisals_overall_appraisal" OWNER TO benny6789;

--
-- Name: Appraisals_overall_appraisal_id_seq; Type: SEQUENCE; Schema: public; Owner: benny6789
--

CREATE SEQUENCE public."Appraisals_overall_appraisal_id_seq"
    AS integer
    START WITH 1
    INCREMENT BY 1
    NO MINVALUE
    NO MAXVALUE
    CACHE 1;


ALTER TABLE public."Appraisals_overall_appraisal_id_seq" OWNER TO benny6789;

--
-- Name: Appraisals_overall_appraisal_id_seq; Type: SEQUENCE OWNED BY; Schema: public; Owner: benny6789
--

ALTER SEQUENCE public."Appraisals_overall_appraisal_id_seq" OWNED BY public."Appraisals_overall_appraisal".id;


--
-- Name: Appraisals_peerappraisal; Type: TABLE; Schema: public; Owner: benny6789
--

CREATE TABLE public."Appraisals_peerappraisal" (
    id integer NOT NULL,
    title1 character varying(200) NOT NULL,
    strength1 character varying(3000),
    weaknessdevelopment1 character varying(3000),
    title2 character varying(200) NOT NULL,
    strength2 character varying(3000),
    weaknessdevelopment2 character varying(3000),
    title3 character varying(200) NOT NULL,
    strength3 character varying(3000),
    weaknessdevelopment3 character varying(3000),
    completion character varying(20),
    appraisal_id integer,
    created_by_id integer,
    manager_id integer,
    viewer_id integer
);


ALTER TABLE public."Appraisals_peerappraisal" OWNER TO benny6789;

--
-- Name: Appraisals_peerappraisal_id_seq; Type: SEQUENCE; Schema: public; Owner: benny6789
--

CREATE SEQUENCE public."Appraisals_peerappraisal_id_seq"
    AS integer
    START WITH 1
    INCREMENT BY 1
    NO MINVALUE
    NO MAXVALUE
    CACHE 1;


ALTER TABLE public."Appraisals_peerappraisal_id_seq" OWNER TO benny6789;

--
-- Name: Appraisals_peerappraisal_id_seq; Type: SEQUENCE OWNED BY; Schema: public; Owner: benny6789
--

ALTER SEQUENCE public."Appraisals_peerappraisal_id_seq" OWNED BY public."Appraisals_peerappraisal".id;


--
-- Name: Appraisals_peerappraisalquestion; Type: TABLE; Schema: public; Owner: benny6789
--

CREATE TABLE public."Appraisals_peerappraisalquestion" (
    id integer NOT NULL,
    title character varying(200),
    answer character varying(1000),
    completed character varying(20),
    appraisal_id integer
);


ALTER TABLE public."Appraisals_peerappraisalquestion" OWNER TO benny6789;

--
-- Name: Appraisals_peerappraisalquestion_id_seq; Type: SEQUENCE; Schema: public; Owner: benny6789
--

CREATE SEQUENCE public."Appraisals_peerappraisalquestion_id_seq"
    AS integer
    START WITH 1
    INCREMENT BY 1
    NO MINVALUE
    NO MAXVALUE
    CACHE 1;


ALTER TABLE public."Appraisals_peerappraisalquestion_id_seq" OWNER TO benny6789;

--
-- Name: Appraisals_peerappraisalquestion_id_seq; Type: SEQUENCE OWNED BY; Schema: public; Owner: benny6789
--

ALTER SEQUENCE public."Appraisals_peerappraisalquestion_id_seq" OWNED BY public."Appraisals_peerappraisalquestion".id;


--
-- Name: Appraisals_rating_scale; Type: TABLE; Schema: public; Owner: benny6789
--

CREATE TABLE public."Appraisals_rating_scale" (
    id integer NOT NULL,
    name character varying(50) NOT NULL,
    description character varying(5000) NOT NULL,
    limiter integer NOT NULL
);


ALTER TABLE public."Appraisals_rating_scale" OWNER TO benny6789;

--
-- Name: Appraisals_rating_scale_id_seq; Type: SEQUENCE; Schema: public; Owner: benny6789
--

CREATE SEQUENCE public."Appraisals_rating_scale_id_seq"
    AS integer
    START WITH 1
    INCREMENT BY 1
    NO MINVALUE
    NO MAXVALUE
    CACHE 1;


ALTER TABLE public."Appraisals_rating_scale_id_seq" OWNER TO benny6789;

--
-- Name: Appraisals_rating_scale_id_seq; Type: SEQUENCE OWNED BY; Schema: public; Owner: benny6789
--

ALTER SEQUENCE public."Appraisals_rating_scale_id_seq" OWNED BY public."Appraisals_rating_scale".id;


--
-- Name: Appraisals_user_appraisal_list; Type: TABLE; Schema: public; Owner: benny6789
--

CREATE TABLE public."Appraisals_user_appraisal_list" (
    id integer NOT NULL,
    status character varying(30) NOT NULL,
    appraisal_name character varying(50),
    overall_board_comments character varying(5000),
    start_date date,
    end_date date,
    completion character varying(50),
    "goals_settingM_rejection" character varying(3000) NOT NULL,
    "mid_yearM_rejection" character varying(3000) NOT NULL,
    "appraisalHR_rejection" character varying(3000) NOT NULL,
    mid_year_completion character varying(15) NOT NULL,
    "incrementRecommendation" integer NOT NULL,
    "bonusRecommendation" character varying(1000) NOT NULL,
    "recommendationComments" character varying(1000) NOT NULL,
    final_employee_rating integer,
    final_manager_rating integer,
    final_board_rating integer,
    appraisal_category_id integer,
    employee_id integer,
    manager_id integer,
    overall_appraisal_id integer
);


ALTER TABLE public."Appraisals_user_appraisal_list" OWNER TO benny6789;

--
-- Name: Appraisals_user_appraisal_list_id_seq; Type: SEQUENCE; Schema: public; Owner: benny6789
--

CREATE SEQUENCE public."Appraisals_user_appraisal_list_id_seq"
    AS integer
    START WITH 1
    INCREMENT BY 1
    NO MINVALUE
    NO MAXVALUE
    CACHE 1;


ALTER TABLE public."Appraisals_user_appraisal_list_id_seq" OWNER TO benny6789;

--
-- Name: Appraisals_user_appraisal_list_id_seq; Type: SEQUENCE OWNED BY; Schema: public; Owner: benny6789
--

ALTER SEQUENCE public."Appraisals_user_appraisal_list_id_seq" OWNED BY public."Appraisals_user_appraisal_list".id;


--
-- Name: GnC_comment_box; Type: TABLE; Schema: public; Owner: benny6789
--

CREATE TABLE public."GnC_comment_box" (
    id integer NOT NULL,
    created_on timestamp with time zone NOT NULL,
    goal_id integer NOT NULL,
    comment text,
    created_by_id integer
);


ALTER TABLE public."GnC_comment_box" OWNER TO benny6789;

--
-- Name: GnC_comment_box_id_seq; Type: SEQUENCE; Schema: public; Owner: benny6789
--

CREATE SEQUENCE public."GnC_comment_box_id_seq"
    AS integer
    START WITH 1
    INCREMENT BY 1
    NO MINVALUE
    NO MAXVALUE
    CACHE 1;


ALTER TABLE public."GnC_comment_box_id_seq" OWNER TO benny6789;

--
-- Name: GnC_comment_box_id_seq; Type: SEQUENCE OWNED BY; Schema: public; Owner: benny6789
--

ALTER SEQUENCE public."GnC_comment_box_id_seq" OWNED BY public."GnC_comment_box".id;


--
-- Name: GnC_competencies; Type: TABLE; Schema: public; Owner: benny6789
--

CREATE TABLE public."GnC_competencies" (
    id integer NOT NULL,
    summary character varying(1500) NOT NULL,
    description text,
    weightage integer NOT NULL,
    user_rating integer NOT NULL,
    manager_rating integer NOT NULL,
    board_rating integer NOT NULL,
    user_comments character varying(2000) NOT NULL,
    manager_comments character varying(2000) NOT NULL,
    board_comments character varying(2000) NOT NULL,
    appraisal_id integer,
    competency_category_id integer,
    employee_id integer
);


ALTER TABLE public."GnC_competencies" OWNER TO benny6789;

--
-- Name: GnC_competencies_id_seq; Type: SEQUENCE; Schema: public; Owner: benny6789
--

CREATE SEQUENCE public."GnC_competencies_id_seq"
    AS integer
    START WITH 1
    INCREMENT BY 1
    NO MINVALUE
    NO MAXVALUE
    CACHE 1;


ALTER TABLE public."GnC_competencies_id_seq" OWNER TO benny6789;

--
-- Name: GnC_competencies_id_seq; Type: SEQUENCE OWNED BY; Schema: public; Owner: benny6789
--

ALTER SEQUENCE public."GnC_competencies_id_seq" OWNED BY public."GnC_competencies".id;


--
-- Name: GnC_competency_category; Type: TABLE; Schema: public; Owner: benny6789
--

CREATE TABLE public."GnC_competency_category" (
    id integer NOT NULL,
    name character varying(1000),
    description text
);


ALTER TABLE public."GnC_competency_category" OWNER TO benny6789;

--
-- Name: GnC_competency_category_id_seq; Type: SEQUENCE; Schema: public; Owner: benny6789
--

CREATE SEQUENCE public."GnC_competency_category_id_seq"
    AS integer
    START WITH 1
    INCREMENT BY 1
    NO MINVALUE
    NO MAXVALUE
    CACHE 1;


ALTER TABLE public."GnC_competency_category_id_seq" OWNER TO benny6789;

--
-- Name: GnC_competency_category_id_seq; Type: SEQUENCE OWNED BY; Schema: public; Owner: benny6789
--

ALTER SEQUENCE public."GnC_competency_category_id_seq" OWNED BY public."GnC_competency_category".id;


--
-- Name: GnC_competency_comment; Type: TABLE; Schema: public; Owner: benny6789
--

CREATE TABLE public."GnC_competency_comment" (
    id integer NOT NULL,
    comments text,
    created_on timestamp with time zone NOT NULL,
    competency_id integer NOT NULL,
    created_by_id integer
);


ALTER TABLE public."GnC_competency_comment" OWNER TO benny6789;

--
-- Name: GnC_competency_comment_id_seq; Type: SEQUENCE; Schema: public; Owner: benny6789
--

CREATE SEQUENCE public."GnC_competency_comment_id_seq"
    AS integer
    START WITH 1
    INCREMENT BY 1
    NO MINVALUE
    NO MAXVALUE
    CACHE 1;


ALTER TABLE public."GnC_competency_comment_id_seq" OWNER TO benny6789;

--
-- Name: GnC_competency_comment_id_seq; Type: SEQUENCE OWNED BY; Schema: public; Owner: benny6789
--

ALTER SEQUENCE public."GnC_competency_comment_id_seq" OWNED BY public."GnC_competency_comment".id;


--
-- Name: GnC_departmental_competencies; Type: TABLE; Schema: public; Owner: benny6789
--

CREATE TABLE public."GnC_departmental_competencies" (
    id integer NOT NULL,
    summary text,
    description text,
    appraisal_id integer,
    competency_category_id integer,
    department_id integer,
    manager_id integer
);


ALTER TABLE public."GnC_departmental_competencies" OWNER TO benny6789;

--
-- Name: GnC_departmental_competencies_comment; Type: TABLE; Schema: public; Owner: benny6789
--

CREATE TABLE public."GnC_departmental_competencies_comment" (
    id integer NOT NULL,
    comments text,
    created_on timestamp with time zone NOT NULL,
    created_by_id integer,
    departmental_competencies_id integer NOT NULL
);


ALTER TABLE public."GnC_departmental_competencies_comment" OWNER TO benny6789;

--
-- Name: GnC_departmental_competencies_comment_id_seq; Type: SEQUENCE; Schema: public; Owner: benny6789
--

CREATE SEQUENCE public."GnC_departmental_competencies_comment_id_seq"
    AS integer
    START WITH 1
    INCREMENT BY 1
    NO MINVALUE
    NO MAXVALUE
    CACHE 1;


ALTER TABLE public."GnC_departmental_competencies_comment_id_seq" OWNER TO benny6789;

--
-- Name: GnC_departmental_competencies_comment_id_seq; Type: SEQUENCE OWNED BY; Schema: public; Owner: benny6789
--

ALTER SEQUENCE public."GnC_departmental_competencies_comment_id_seq" OWNED BY public."GnC_departmental_competencies_comment".id;


--
-- Name: GnC_departmental_competencies_id_seq; Type: SEQUENCE; Schema: public; Owner: benny6789
--

CREATE SEQUENCE public."GnC_departmental_competencies_id_seq"
    AS integer
    START WITH 1
    INCREMENT BY 1
    NO MINVALUE
    NO MAXVALUE
    CACHE 1;


ALTER TABLE public."GnC_departmental_competencies_id_seq" OWNER TO benny6789;

--
-- Name: GnC_departmental_competencies_id_seq; Type: SEQUENCE OWNED BY; Schema: public; Owner: benny6789
--

ALTER SEQUENCE public."GnC_departmental_competencies_id_seq" OWNED BY public."GnC_departmental_competencies".id;


--
-- Name: GnC_departmental_goal_comment; Type: TABLE; Schema: public; Owner: benny6789
--

CREATE TABLE public."GnC_departmental_goal_comment" (
    id integer NOT NULL,
    comments text,
    created_on timestamp with time zone NOT NULL,
    created_by_id integer,
    departmental_goal_id integer NOT NULL
);


ALTER TABLE public."GnC_departmental_goal_comment" OWNER TO benny6789;

--
-- Name: GnC_departmental_goal_comment_id_seq; Type: SEQUENCE; Schema: public; Owner: benny6789
--

CREATE SEQUENCE public."GnC_departmental_goal_comment_id_seq"
    AS integer
    START WITH 1
    INCREMENT BY 1
    NO MINVALUE
    NO MAXVALUE
    CACHE 1;


ALTER TABLE public."GnC_departmental_goal_comment_id_seq" OWNER TO benny6789;

--
-- Name: GnC_departmental_goal_comment_id_seq; Type: SEQUENCE OWNED BY; Schema: public; Owner: benny6789
--

ALTER SEQUENCE public."GnC_departmental_goal_comment_id_seq" OWNED BY public."GnC_departmental_goal_comment".id;


--
-- Name: GnC_departmental_goals; Type: TABLE; Schema: public; Owner: benny6789
--

CREATE TABLE public."GnC_departmental_goals" (
    id integer NOT NULL,
    summary text,
    description text,
    due date NOT NULL,
    appraisal_id integer,
    department_id integer,
    goal_category_id integer,
    manager_id integer
);


ALTER TABLE public."GnC_departmental_goals" OWNER TO benny6789;

--
-- Name: GnC_departmental_goals_id_seq; Type: SEQUENCE; Schema: public; Owner: benny6789
--

CREATE SEQUENCE public."GnC_departmental_goals_id_seq"
    AS integer
    START WITH 1
    INCREMENT BY 1
    NO MINVALUE
    NO MAXVALUE
    CACHE 1;


ALTER TABLE public."GnC_departmental_goals_id_seq" OWNER TO benny6789;

--
-- Name: GnC_departmental_goals_id_seq; Type: SEQUENCE OWNED BY; Schema: public; Owner: benny6789
--

ALTER SEQUENCE public."GnC_departmental_goals_id_seq" OWNED BY public."GnC_departmental_goals".id;


--
-- Name: GnC_goal_category; Type: TABLE; Schema: public; Owner: benny6789
--

CREATE TABLE public."GnC_goal_category" (
    id integer NOT NULL,
    name character varying(70) NOT NULL
);


ALTER TABLE public."GnC_goal_category" OWNER TO benny6789;

--
-- Name: GnC_goal_category_id_seq; Type: SEQUENCE; Schema: public; Owner: benny6789
--

CREATE SEQUENCE public."GnC_goal_category_id_seq"
    AS integer
    START WITH 1
    INCREMENT BY 1
    NO MINVALUE
    NO MAXVALUE
    CACHE 1;


ALTER TABLE public."GnC_goal_category_id_seq" OWNER TO benny6789;

--
-- Name: GnC_goal_category_id_seq; Type: SEQUENCE OWNED BY; Schema: public; Owner: benny6789
--

ALTER SEQUENCE public."GnC_goal_category_id_seq" OWNED BY public."GnC_goal_category".id;


--
-- Name: GnC_goal_comment; Type: TABLE; Schema: public; Owner: benny6789
--

CREATE TABLE public."GnC_goal_comment" (
    id integer NOT NULL,
    comments text,
    created_on timestamp with time zone NOT NULL,
    created_by_id integer,
    goal_id integer NOT NULL
);


ALTER TABLE public."GnC_goal_comment" OWNER TO benny6789;

--
-- Name: GnC_goal_comment_id_seq; Type: SEQUENCE; Schema: public; Owner: benny6789
--

CREATE SEQUENCE public."GnC_goal_comment_id_seq"
    AS integer
    START WITH 1
    INCREMENT BY 1
    NO MINVALUE
    NO MAXVALUE
    CACHE 1;


ALTER TABLE public."GnC_goal_comment_id_seq" OWNER TO benny6789;

--
-- Name: GnC_goal_comment_id_seq; Type: SEQUENCE OWNED BY; Schema: public; Owner: benny6789
--

ALTER SEQUENCE public."GnC_goal_comment_id_seq" OWNED BY public."GnC_goal_comment".id;


--
-- Name: GnC_goals; Type: TABLE; Schema: public; Owner: benny6789
--

CREATE TABLE public."GnC_goals" (
    id integer NOT NULL,
    summary text,
    description text,
    due date NOT NULL,
    weightage integer NOT NULL,
    "metrics_Used" text,
    "MID_user_comments" text NOT NULL,
    "MID_manager_comments" text NOT NULL,
    user_rating integer NOT NULL,
    manager_rating integer NOT NULL,
    board_rating integer NOT NULL,
    user_comments character varying(2000) NOT NULL,
    manager_comments character varying(2000) NOT NULL,
    board_comments character varying(2000) NOT NULL,
    tracking_status character varying(50),
    metrics_evidence character varying(100),
    appraisal_id integer,
    employee_id integer,
    goal_category_id integer
);


ALTER TABLE public."GnC_goals" OWNER TO benny6789;

--
-- Name: GnC_goals_id_seq; Type: SEQUENCE; Schema: public; Owner: benny6789
--

CREATE SEQUENCE public."GnC_goals_id_seq"
    AS integer
    START WITH 1
    INCREMENT BY 1
    NO MINVALUE
    NO MAXVALUE
    CACHE 1;


ALTER TABLE public."GnC_goals_id_seq" OWNER TO benny6789;

--
-- Name: GnC_goals_id_seq; Type: SEQUENCE OWNED BY; Schema: public; Owner: benny6789
--

ALTER SEQUENCE public."GnC_goals_id_seq" OWNED BY public."GnC_goals".id;


--
-- Name: GnC_kpi; Type: TABLE; Schema: public; Owner: benny6789
--

CREATE TABLE public."GnC_kpi" (
    id integer NOT NULL,
    description text,
    due date,
    date_created date,
    progress character varying(20) NOT NULL,
    goal_id integer NOT NULL
);


ALTER TABLE public."GnC_kpi" OWNER TO benny6789;

--
-- Name: GnC_kpi_id_seq; Type: SEQUENCE; Schema: public; Owner: benny6789
--

CREATE SEQUENCE public."GnC_kpi_id_seq"
    AS integer
    START WITH 1
    INCREMENT BY 1
    NO MINVALUE
    NO MAXVALUE
    CACHE 1;


ALTER TABLE public."GnC_kpi_id_seq" OWNER TO benny6789;

--
-- Name: GnC_kpi_id_seq; Type: SEQUENCE OWNED BY; Schema: public; Owner: benny6789
--

ALTER SEQUENCE public."GnC_kpi_id_seq" OWNED BY public."GnC_kpi".id;


--
-- Name: GnC_mid_yr_comment_box; Type: TABLE; Schema: public; Owner: benny6789
--

CREATE TABLE public."GnC_mid_yr_comment_box" (
    id integer NOT NULL,
    comment text,
    created_on timestamp with time zone NOT NULL,
    appraisal_id integer,
    created_by_id integer,
    goal_id integer NOT NULL,
    user_id integer
);


ALTER TABLE public."GnC_mid_yr_comment_box" OWNER TO benny6789;

--
-- Name: GnC_mid_yr_comment_box_id_seq; Type: SEQUENCE; Schema: public; Owner: benny6789
--

CREATE SEQUENCE public."GnC_mid_yr_comment_box_id_seq"
    AS integer
    START WITH 1
    INCREMENT BY 1
    NO MINVALUE
    NO MAXVALUE
    CACHE 1;


ALTER TABLE public."GnC_mid_yr_comment_box_id_seq" OWNER TO benny6789;

--
-- Name: GnC_mid_yr_comment_box_id_seq; Type: SEQUENCE OWNED BY; Schema: public; Owner: benny6789
--

ALTER SEQUENCE public."GnC_mid_yr_comment_box_id_seq" OWNED BY public."GnC_mid_yr_comment_box".id;


--
-- Name: Profile_departments; Type: TABLE; Schema: public; Owner: benny6789
--

CREATE TABLE public."Profile_departments" (
    id integer NOT NULL,
    name character varying(100),
    manager_id integer
);


ALTER TABLE public."Profile_departments" OWNER TO benny6789;

--
-- Name: Profile_departments_id_seq; Type: SEQUENCE; Schema: public; Owner: benny6789
--

CREATE SEQUENCE public."Profile_departments_id_seq"
    AS integer
    START WITH 1
    INCREMENT BY 1
    NO MINVALUE
    NO MAXVALUE
    CACHE 1;


ALTER TABLE public."Profile_departments_id_seq" OWNER TO benny6789;

--
-- Name: Profile_departments_id_seq; Type: SEQUENCE OWNED BY; Schema: public; Owner: benny6789
--

ALTER SEQUENCE public."Profile_departments_id_seq" OWNED BY public."Profile_departments".id;


--
-- Name: Profile_discard_skills; Type: TABLE; Schema: public; Owner: benny6789
--

CREATE TABLE public."Profile_discard_skills" (
    id integer NOT NULL,
    name character varying(150) NOT NULL,
    "course_Attended" character varying(150)
);


ALTER TABLE public."Profile_discard_skills" OWNER TO benny6789;

--
-- Name: Profile_discard_skills_id_seq; Type: SEQUENCE; Schema: public; Owner: benny6789
--

CREATE SEQUENCE public."Profile_discard_skills_id_seq"
    AS integer
    START WITH 1
    INCREMENT BY 1
    NO MINVALUE
    NO MAXVALUE
    CACHE 1;


ALTER TABLE public."Profile_discard_skills_id_seq" OWNER TO benny6789;

--
-- Name: Profile_discard_skills_id_seq; Type: SEQUENCE OWNED BY; Schema: public; Owner: benny6789
--

ALTER SEQUENCE public."Profile_discard_skills_id_seq" OWNED BY public."Profile_discard_skills".id;


--
-- Name: Profile_profile; Type: TABLE; Schema: public; Owner: benny6789
--

CREATE TABLE public."Profile_profile" (
    id integer NOT NULL,
    "profile_Picture" character varying(100),
    name character varying(200) NOT NULL,
    "employee_ID" character varying(15) NOT NULL,
    nric character varying(20),
    "typeOfEmployee" character varying(50) NOT NULL,
    email character varying(254) NOT NULL,
    gender character varying(6) NOT NULL,
    address_1 character varying(250) NOT NULL,
    address_2 character varying(250) NOT NULL,
    "date_Of_Passport_Expiry" date,
    "citizenship_Status" character varying(70) NOT NULL,
    "date_Of_Hire" date NOT NULL,
    "job_Title" character varying(100) NOT NULL,
    "employment_Type" character varying(30) NOT NULL,
    skill1 character varying(50),
    skill2 character varying(50),
    skill3 character varying(50),
    "second_Reporting_Manager" character varying(200),
    "division_Centre" character varying(150),
    phone character varying(128),
    department_id integer,
    "first_Reporting_Manager_id" integer,
    user_id integer
);


ALTER TABLE public."Profile_profile" OWNER TO benny6789;

--
-- Name: Profile_profile_id_seq; Type: SEQUENCE; Schema: public; Owner: benny6789
--

CREATE SEQUENCE public."Profile_profile_id_seq"
    AS integer
    START WITH 1
    INCREMENT BY 1
    NO MINVALUE
    NO MAXVALUE
    CACHE 1;


ALTER TABLE public."Profile_profile_id_seq" OWNER TO benny6789;

--
-- Name: Profile_profile_id_seq; Type: SEQUENCE OWNED BY; Schema: public; Owner: benny6789
--

ALTER SEQUENCE public."Profile_profile_id_seq" OWNED BY public."Profile_profile".id;


--
-- Name: Profile_qualifications; Type: TABLE; Schema: public; Owner: benny6789
--

CREATE TABLE public."Profile_qualifications" (
    id integer NOT NULL,
    institution character varying(150),
    name character varying(150) NOT NULL,
    graduation_year integer,
    employee_id integer
);


ALTER TABLE public."Profile_qualifications" OWNER TO benny6789;

--
-- Name: Profile_qualifications_id_seq; Type: SEQUENCE; Schema: public; Owner: benny6789
--

CREATE SEQUENCE public."Profile_qualifications_id_seq"
    AS integer
    START WITH 1
    INCREMENT BY 1
    NO MINVALUE
    NO MAXVALUE
    CACHE 1;


ALTER TABLE public."Profile_qualifications_id_seq" OWNER TO benny6789;

--
-- Name: Profile_qualifications_id_seq; Type: SEQUENCE OWNED BY; Schema: public; Owner: benny6789
--

ALTER SEQUENCE public."Profile_qualifications_id_seq" OWNED BY public."Profile_qualifications".id;


--
-- Name: Ticketing_ticket; Type: TABLE; Schema: public; Owner: benny6789
--

CREATE TABLE public."Ticketing_ticket" (
    id integer NOT NULL,
    category character varying(30) NOT NULL,
    title character varying(50) NOT NULL,
    description character varying(5000),
    status character varying(50) NOT NULL,
    created_by_id integer NOT NULL
);


ALTER TABLE public."Ticketing_ticket" OWNER TO benny6789;

--
-- Name: Ticketing_ticket_comments; Type: TABLE; Schema: public; Owner: benny6789
--

CREATE TABLE public."Ticketing_ticket_comments" (
    id integer NOT NULL,
    comment character varying(500) NOT NULL,
    created_on timestamp with time zone NOT NULL,
    ticket_id integer,
    user_id integer NOT NULL
);


ALTER TABLE public."Ticketing_ticket_comments" OWNER TO benny6789;

--
-- Name: Ticketing_ticket_comments_id_seq; Type: SEQUENCE; Schema: public; Owner: benny6789
--

CREATE SEQUENCE public."Ticketing_ticket_comments_id_seq"
    AS integer
    START WITH 1
    INCREMENT BY 1
    NO MINVALUE
    NO MAXVALUE
    CACHE 1;


ALTER TABLE public."Ticketing_ticket_comments_id_seq" OWNER TO benny6789;

--
-- Name: Ticketing_ticket_comments_id_seq; Type: SEQUENCE OWNED BY; Schema: public; Owner: benny6789
--

ALTER SEQUENCE public."Ticketing_ticket_comments_id_seq" OWNED BY public."Ticketing_ticket_comments".id;


--
-- Name: Ticketing_ticket_id_seq; Type: SEQUENCE; Schema: public; Owner: benny6789
--

CREATE SEQUENCE public."Ticketing_ticket_id_seq"
    AS integer
    START WITH 1
    INCREMENT BY 1
    NO MINVALUE
    NO MAXVALUE
    CACHE 1;


ALTER TABLE public."Ticketing_ticket_id_seq" OWNER TO benny6789;

--
-- Name: Ticketing_ticket_id_seq; Type: SEQUENCE OWNED BY; Schema: public; Owner: benny6789
--

ALTER SEQUENCE public."Ticketing_ticket_id_seq" OWNED BY public."Ticketing_ticket".id;


--
-- Name: Trainings_apply_trainings; Type: TABLE; Schema: public; Owner: benny6789
--

CREATE TABLE public."Trainings_apply_trainings" (
    id integer NOT NULL,
    status character varying(50) NOT NULL,
    date_start date,
    date_end date,
    approved_by character varying(200),
    employee_id integer,
    training_id integer
);


ALTER TABLE public."Trainings_apply_trainings" OWNER TO benny6789;

--
-- Name: Trainings_apply_trainings_id_seq; Type: SEQUENCE; Schema: public; Owner: benny6789
--

CREATE SEQUENCE public."Trainings_apply_trainings_id_seq"
    AS integer
    START WITH 1
    INCREMENT BY 1
    NO MINVALUE
    NO MAXVALUE
    CACHE 1;


ALTER TABLE public."Trainings_apply_trainings_id_seq" OWNER TO benny6789;

--
-- Name: Trainings_apply_trainings_id_seq; Type: SEQUENCE OWNED BY; Schema: public; Owner: benny6789
--

ALTER SEQUENCE public."Trainings_apply_trainings_id_seq" OWNED BY public."Trainings_apply_trainings".id;


--
-- Name: Trainings_career_discussion; Type: TABLE; Schema: public; Owner: benny6789
--

CREATE TABLE public."Trainings_career_discussion" (
    id integer NOT NULL,
    "Q1" character varying(5000) NOT NULL,
    "Q2" character varying(5000) NOT NULL,
    "Q3" character varying(5000) NOT NULL,
    "Q4" character varying(5000) NOT NULL,
    "Q5" character varying(5000) NOT NULL,
    "Q6" character varying(5000) NOT NULL,
    "Q7" character varying(5000) NOT NULL,
    "Q8" character varying(5000) NOT NULL,
    employee_id integer NOT NULL,
    user_appraisal_id integer NOT NULL
);


ALTER TABLE public."Trainings_career_discussion" OWNER TO benny6789;

--
-- Name: Trainings_career_discussion_id_seq; Type: SEQUENCE; Schema: public; Owner: benny6789
--

CREATE SEQUENCE public."Trainings_career_discussion_id_seq"
    AS integer
    START WITH 1
    INCREMENT BY 1
    NO MINVALUE
    NO MAXVALUE
    CACHE 1;


ALTER TABLE public."Trainings_career_discussion_id_seq" OWNER TO benny6789;

--
-- Name: Trainings_career_discussion_id_seq; Type: SEQUENCE OWNED BY; Schema: public; Owner: benny6789
--

ALTER SEQUENCE public."Trainings_career_discussion_id_seq" OWNED BY public."Trainings_career_discussion".id;


--
-- Name: Trainings_skill_category; Type: TABLE; Schema: public; Owner: benny6789
--

CREATE TABLE public."Trainings_skill_category" (
    id integer NOT NULL,
    name character varying(50) NOT NULL
);


ALTER TABLE public."Trainings_skill_category" OWNER TO benny6789;

--
-- Name: Trainings_skill_category_id_seq; Type: SEQUENCE; Schema: public; Owner: benny6789
--

CREATE SEQUENCE public."Trainings_skill_category_id_seq"
    AS integer
    START WITH 1
    INCREMENT BY 1
    NO MINVALUE
    NO MAXVALUE
    CACHE 1;


ALTER TABLE public."Trainings_skill_category_id_seq" OWNER TO benny6789;

--
-- Name: Trainings_skill_category_id_seq; Type: SEQUENCE OWNED BY; Schema: public; Owner: benny6789
--

ALTER SEQUENCE public."Trainings_skill_category_id_seq" OWNED BY public."Trainings_skill_category".id;


--
-- Name: Trainings_skills; Type: TABLE; Schema: public; Owner: benny6789
--

CREATE TABLE public."Trainings_skills" (
    id integer NOT NULL,
    description character varying(1000),
    weightage integer NOT NULL,
    "recommended_Trainings_user" character varying(1000) NOT NULL,
    "recommended_Trainings_manager" character varying(1000) NOT NULL,
    "recommended_Trainings_board" character varying(1000) NOT NULL,
    user_rating integer NOT NULL,
    manager_rating integer NOT NULL,
    board_rating integer NOT NULL,
    user_comments character varying(2000) NOT NULL,
    manager_comments character varying(2000) NOT NULL,
    board_comments character varying(2000) NOT NULL,
    appraisal_id integer,
    employee_id integer,
    skill_category_id integer
);


ALTER TABLE public."Trainings_skills" OWNER TO benny6789;

--
-- Name: Trainings_skills_id_seq; Type: SEQUENCE; Schema: public; Owner: benny6789
--

CREATE SEQUENCE public."Trainings_skills_id_seq"
    AS integer
    START WITH 1
    INCREMENT BY 1
    NO MINVALUE
    NO MAXVALUE
    CACHE 1;


ALTER TABLE public."Trainings_skills_id_seq" OWNER TO benny6789;

--
-- Name: Trainings_skills_id_seq; Type: SEQUENCE OWNED BY; Schema: public; Owner: benny6789
--

ALTER SEQUENCE public."Trainings_skills_id_seq" OWNED BY public."Trainings_skills".id;


--
-- Name: Trainings_survey_trainings; Type: TABLE; Schema: public; Owner: benny6789
--

CREATE TABLE public."Trainings_survey_trainings" (
    id integer NOT NULL,
    objectives_met integer NOT NULL,
    content_design integer NOT NULL,
    trainer_knowledge integer NOT NULL,
    training_relevance integer NOT NULL,
    recommend_training integer NOT NULL,
    training_id integer
);


ALTER TABLE public."Trainings_survey_trainings" OWNER TO benny6789;

--
-- Name: Trainings_survey_trainings_id_seq; Type: SEQUENCE; Schema: public; Owner: benny6789
--

CREATE SEQUENCE public."Trainings_survey_trainings_id_seq"
    AS integer
    START WITH 1
    INCREMENT BY 1
    NO MINVALUE
    NO MAXVALUE
    CACHE 1;


ALTER TABLE public."Trainings_survey_trainings_id_seq" OWNER TO benny6789;

--
-- Name: Trainings_survey_trainings_id_seq; Type: SEQUENCE OWNED BY; Schema: public; Owner: benny6789
--

ALTER SEQUENCE public."Trainings_survey_trainings_id_seq" OWNED BY public."Trainings_survey_trainings".id;


--
-- Name: Trainings_training_courses; Type: TABLE; Schema: public; Owner: benny6789
--

CREATE TABLE public."Trainings_training_courses" (
    id integer NOT NULL,
    name character varying(150) NOT NULL,
    provider character varying(150),
    cost double precision,
    ratings double precision,
    skill_category_id integer
);


ALTER TABLE public."Trainings_training_courses" OWNER TO benny6789;

--
-- Name: Trainings_training_courses_id_seq; Type: SEQUENCE; Schema: public; Owner: benny6789
--

CREATE SEQUENCE public."Trainings_training_courses_id_seq"
    AS integer
    START WITH 1
    INCREMENT BY 1
    NO MINVALUE
    NO MAXVALUE
    CACHE 1;


ALTER TABLE public."Trainings_training_courses_id_seq" OWNER TO benny6789;

--
-- Name: Trainings_training_courses_id_seq; Type: SEQUENCE OWNED BY; Schema: public; Owner: benny6789
--

ALTER SEQUENCE public."Trainings_training_courses_id_seq" OWNED BY public."Trainings_training_courses".id;


--
-- Name: Trainings_trainings; Type: TABLE; Schema: public; Owner: benny6789
--

CREATE TABLE public."Trainings_trainings" (
    id integer NOT NULL,
    name character varying(150) NOT NULL,
    provider character varying(150),
    cost double precision,
    ratings double precision,
    skill_category_id integer
);


ALTER TABLE public."Trainings_trainings" OWNER TO benny6789;

--
-- Name: Trainings_trainings_id_seq; Type: SEQUENCE; Schema: public; Owner: benny6789
--

CREATE SEQUENCE public."Trainings_trainings_id_seq"
    AS integer
    START WITH 1
    INCREMENT BY 1
    NO MINVALUE
    NO MAXVALUE
    CACHE 1;


ALTER TABLE public."Trainings_trainings_id_seq" OWNER TO benny6789;

--
-- Name: Trainings_trainings_id_seq; Type: SEQUENCE OWNED BY; Schema: public; Owner: benny6789
--

ALTER SEQUENCE public."Trainings_trainings_id_seq" OWNED BY public."Trainings_trainings".id;


--
-- Name: auth_group; Type: TABLE; Schema: public; Owner: benny6789
--

CREATE TABLE public.auth_group (
    id integer NOT NULL,
    name character varying(150) NOT NULL
);


ALTER TABLE public.auth_group OWNER TO benny6789;

--
-- Name: auth_group_id_seq; Type: SEQUENCE; Schema: public; Owner: benny6789
--

CREATE SEQUENCE public.auth_group_id_seq
    AS integer
    START WITH 1
    INCREMENT BY 1
    NO MINVALUE
    NO MAXVALUE
    CACHE 1;


ALTER TABLE public.auth_group_id_seq OWNER TO benny6789;

--
-- Name: auth_group_id_seq; Type: SEQUENCE OWNED BY; Schema: public; Owner: benny6789
--

ALTER SEQUENCE public.auth_group_id_seq OWNED BY public.auth_group.id;


--
-- Name: auth_group_permissions; Type: TABLE; Schema: public; Owner: benny6789
--

CREATE TABLE public.auth_group_permissions (
    id integer NOT NULL,
    group_id integer NOT NULL,
    permission_id integer NOT NULL
);


ALTER TABLE public.auth_group_permissions OWNER TO benny6789;

--
-- Name: auth_group_permissions_id_seq; Type: SEQUENCE; Schema: public; Owner: benny6789
--

CREATE SEQUENCE public.auth_group_permissions_id_seq
    AS integer
    START WITH 1
    INCREMENT BY 1
    NO MINVALUE
    NO MAXVALUE
    CACHE 1;


ALTER TABLE public.auth_group_permissions_id_seq OWNER TO benny6789;

--
-- Name: auth_group_permissions_id_seq; Type: SEQUENCE OWNED BY; Schema: public; Owner: benny6789
--

ALTER SEQUENCE public.auth_group_permissions_id_seq OWNED BY public.auth_group_permissions.id;


--
-- Name: auth_permission; Type: TABLE; Schema: public; Owner: benny6789
--

CREATE TABLE public.auth_permission (
    id integer NOT NULL,
    name character varying(255) NOT NULL,
    content_type_id integer NOT NULL,
    codename character varying(100) NOT NULL
);


ALTER TABLE public.auth_permission OWNER TO benny6789;

--
-- Name: auth_permission_id_seq; Type: SEQUENCE; Schema: public; Owner: benny6789
--

CREATE SEQUENCE public.auth_permission_id_seq
    AS integer
    START WITH 1
    INCREMENT BY 1
    NO MINVALUE
    NO MAXVALUE
    CACHE 1;


ALTER TABLE public.auth_permission_id_seq OWNER TO benny6789;

--
-- Name: auth_permission_id_seq; Type: SEQUENCE OWNED BY; Schema: public; Owner: benny6789
--

ALTER SEQUENCE public.auth_permission_id_seq OWNED BY public.auth_permission.id;


--
-- Name: auth_user; Type: TABLE; Schema: public; Owner: benny6789
--

CREATE TABLE public.auth_user (
    id integer NOT NULL,
    password character varying(128) NOT NULL,
    last_login timestamp with time zone,
    is_superuser boolean NOT NULL,
    username character varying(150) NOT NULL,
    first_name character varying(150) NOT NULL,
    last_name character varying(150) NOT NULL,
    email character varying(254) NOT NULL,
    is_staff boolean NOT NULL,
    is_active boolean NOT NULL,
    date_joined timestamp with time zone NOT NULL
);


ALTER TABLE public.auth_user OWNER TO benny6789;

--
-- Name: auth_user_groups; Type: TABLE; Schema: public; Owner: benny6789
--

CREATE TABLE public.auth_user_groups (
    id integer NOT NULL,
    user_id integer NOT NULL,
    group_id integer NOT NULL
);


ALTER TABLE public.auth_user_groups OWNER TO benny6789;

--
-- Name: auth_user_groups_id_seq; Type: SEQUENCE; Schema: public; Owner: benny6789
--

CREATE SEQUENCE public.auth_user_groups_id_seq
    AS integer
    START WITH 1
    INCREMENT BY 1
    NO MINVALUE
    NO MAXVALUE
    CACHE 1;


ALTER TABLE public.auth_user_groups_id_seq OWNER TO benny6789;

--
-- Name: auth_user_groups_id_seq; Type: SEQUENCE OWNED BY; Schema: public; Owner: benny6789
--

ALTER SEQUENCE public.auth_user_groups_id_seq OWNED BY public.auth_user_groups.id;


--
-- Name: auth_user_id_seq; Type: SEQUENCE; Schema: public; Owner: benny6789
--

CREATE SEQUENCE public.auth_user_id_seq
    AS integer
    START WITH 1
    INCREMENT BY 1
    NO MINVALUE
    NO MAXVALUE
    CACHE 1;


ALTER TABLE public.auth_user_id_seq OWNER TO benny6789;

--
-- Name: auth_user_id_seq; Type: SEQUENCE OWNED BY; Schema: public; Owner: benny6789
--

ALTER SEQUENCE public.auth_user_id_seq OWNED BY public.auth_user.id;


--
-- Name: auth_user_user_permissions; Type: TABLE; Schema: public; Owner: benny6789
--

CREATE TABLE public.auth_user_user_permissions (
    id integer NOT NULL,
    user_id integer NOT NULL,
    permission_id integer NOT NULL
);


ALTER TABLE public.auth_user_user_permissions OWNER TO benny6789;

--
-- Name: auth_user_user_permissions_id_seq; Type: SEQUENCE; Schema: public; Owner: benny6789
--

CREATE SEQUENCE public.auth_user_user_permissions_id_seq
    AS integer
    START WITH 1
    INCREMENT BY 1
    NO MINVALUE
    NO MAXVALUE
    CACHE 1;


ALTER TABLE public.auth_user_user_permissions_id_seq OWNER TO benny6789;

--
-- Name: auth_user_user_permissions_id_seq; Type: SEQUENCE OWNED BY; Schema: public; Owner: benny6789
--

ALTER SEQUENCE public.auth_user_user_permissions_id_seq OWNED BY public.auth_user_user_permissions.id;


--
-- Name: django_admin_log; Type: TABLE; Schema: public; Owner: benny6789
--

CREATE TABLE public.django_admin_log (
    id integer NOT NULL,
    action_time timestamp with time zone NOT NULL,
    object_id text,
    object_repr character varying(200) NOT NULL,
    action_flag smallint NOT NULL,
    change_message text NOT NULL,
    content_type_id integer,
    user_id integer NOT NULL,
    CONSTRAINT django_admin_log_action_flag_check CHECK ((action_flag >= 0))
);


ALTER TABLE public.django_admin_log OWNER TO benny6789;

--
-- Name: django_admin_log_id_seq; Type: SEQUENCE; Schema: public; Owner: benny6789
--

CREATE SEQUENCE public.django_admin_log_id_seq
    AS integer
    START WITH 1
    INCREMENT BY 1
    NO MINVALUE
    NO MAXVALUE
    CACHE 1;


ALTER TABLE public.django_admin_log_id_seq OWNER TO benny6789;

--
-- Name: django_admin_log_id_seq; Type: SEQUENCE OWNED BY; Schema: public; Owner: benny6789
--

ALTER SEQUENCE public.django_admin_log_id_seq OWNED BY public.django_admin_log.id;


--
-- Name: django_content_type; Type: TABLE; Schema: public; Owner: benny6789
--

CREATE TABLE public.django_content_type (
    id integer NOT NULL,
    app_label character varying(100) NOT NULL,
    model character varying(100) NOT NULL
);


ALTER TABLE public.django_content_type OWNER TO benny6789;

--
-- Name: django_content_type_id_seq; Type: SEQUENCE; Schema: public; Owner: benny6789
--

CREATE SEQUENCE public.django_content_type_id_seq
    AS integer
    START WITH 1
    INCREMENT BY 1
    NO MINVALUE
    NO MAXVALUE
    CACHE 1;


ALTER TABLE public.django_content_type_id_seq OWNER TO benny6789;

--
-- Name: django_content_type_id_seq; Type: SEQUENCE OWNED BY; Schema: public; Owner: benny6789
--

ALTER SEQUENCE public.django_content_type_id_seq OWNED BY public.django_content_type.id;


--
-- Name: django_migrations; Type: TABLE; Schema: public; Owner: benny6789
--

CREATE TABLE public.django_migrations (
    id integer NOT NULL,
    app character varying(255) NOT NULL,
    name character varying(255) NOT NULL,
    applied timestamp with time zone NOT NULL
);


ALTER TABLE public.django_migrations OWNER TO benny6789;

--
-- Name: django_migrations_id_seq; Type: SEQUENCE; Schema: public; Owner: benny6789
--

CREATE SEQUENCE public.django_migrations_id_seq
    AS integer
    START WITH 1
    INCREMENT BY 1
    NO MINVALUE
    NO MAXVALUE
    CACHE 1;


ALTER TABLE public.django_migrations_id_seq OWNER TO benny6789;

--
-- Name: django_migrations_id_seq; Type: SEQUENCE OWNED BY; Schema: public; Owner: benny6789
--

ALTER SEQUENCE public.django_migrations_id_seq OWNED BY public.django_migrations.id;


--
-- Name: django_session; Type: TABLE; Schema: public; Owner: benny6789
--

CREATE TABLE public.django_session (
    session_key character varying(40) NOT NULL,
    session_data text NOT NULL,
    expire_date timestamp with time zone NOT NULL
);


ALTER TABLE public.django_session OWNER TO benny6789;

--
-- Name: thumbnail_kvstore; Type: TABLE; Schema: public; Owner: benny6789
--

CREATE TABLE public.thumbnail_kvstore (
    key character varying(200) NOT NULL,
    value text NOT NULL
);


ALTER TABLE public.thumbnail_kvstore OWNER TO benny6789;

--
-- Name: Appraisals_appraisal id; Type: DEFAULT; Schema: public; Owner: benny6789
--

ALTER TABLE ONLY public."Appraisals_appraisal" ALTER COLUMN id SET DEFAULT nextval('public."Appraisals_appraisal_id_seq"'::regclass);


--
-- Name: Appraisals_appraisal_category id; Type: DEFAULT; Schema: public; Owner: benny6789
--

ALTER TABLE ONLY public."Appraisals_appraisal_category" ALTER COLUMN id SET DEFAULT nextval('public."Appraisals_appraisal_category_id_seq"'::regclass);


--
-- Name: Appraisals_overall_appraisal id; Type: DEFAULT; Schema: public; Owner: benny6789
--

ALTER TABLE ONLY public."Appraisals_overall_appraisal" ALTER COLUMN id SET DEFAULT nextval('public."Appraisals_overall_appraisal_id_seq"'::regclass);


--
-- Name: Appraisals_peerappraisal id; Type: DEFAULT; Schema: public; Owner: benny6789
--

ALTER TABLE ONLY public."Appraisals_peerappraisal" ALTER COLUMN id SET DEFAULT nextval('public."Appraisals_peerappraisal_id_seq"'::regclass);


--
-- Name: Appraisals_peerappraisalquestion id; Type: DEFAULT; Schema: public; Owner: benny6789
--

ALTER TABLE ONLY public."Appraisals_peerappraisalquestion" ALTER COLUMN id SET DEFAULT nextval('public."Appraisals_peerappraisalquestion_id_seq"'::regclass);


--
-- Name: Appraisals_rating_scale id; Type: DEFAULT; Schema: public; Owner: benny6789
--

ALTER TABLE ONLY public."Appraisals_rating_scale" ALTER COLUMN id SET DEFAULT nextval('public."Appraisals_rating_scale_id_seq"'::regclass);


--
-- Name: Appraisals_user_appraisal_list id; Type: DEFAULT; Schema: public; Owner: benny6789
--

ALTER TABLE ONLY public."Appraisals_user_appraisal_list" ALTER COLUMN id SET DEFAULT nextval('public."Appraisals_user_appraisal_list_id_seq"'::regclass);


--
-- Name: GnC_comment_box id; Type: DEFAULT; Schema: public; Owner: benny6789
--

ALTER TABLE ONLY public."GnC_comment_box" ALTER COLUMN id SET DEFAULT nextval('public."GnC_comment_box_id_seq"'::regclass);


--
-- Name: GnC_competencies id; Type: DEFAULT; Schema: public; Owner: benny6789
--

ALTER TABLE ONLY public."GnC_competencies" ALTER COLUMN id SET DEFAULT nextval('public."GnC_competencies_id_seq"'::regclass);


--
-- Name: GnC_competency_category id; Type: DEFAULT; Schema: public; Owner: benny6789
--

ALTER TABLE ONLY public."GnC_competency_category" ALTER COLUMN id SET DEFAULT nextval('public."GnC_competency_category_id_seq"'::regclass);


--
-- Name: GnC_competency_comment id; Type: DEFAULT; Schema: public; Owner: benny6789
--

ALTER TABLE ONLY public."GnC_competency_comment" ALTER COLUMN id SET DEFAULT nextval('public."GnC_competency_comment_id_seq"'::regclass);


--
-- Name: GnC_departmental_competencies id; Type: DEFAULT; Schema: public; Owner: benny6789
--

ALTER TABLE ONLY public."GnC_departmental_competencies" ALTER COLUMN id SET DEFAULT nextval('public."GnC_departmental_competencies_id_seq"'::regclass);


--
-- Name: GnC_departmental_competencies_comment id; Type: DEFAULT; Schema: public; Owner: benny6789
--

ALTER TABLE ONLY public."GnC_departmental_competencies_comment" ALTER COLUMN id SET DEFAULT nextval('public."GnC_departmental_competencies_comment_id_seq"'::regclass);


--
-- Name: GnC_departmental_goal_comment id; Type: DEFAULT; Schema: public; Owner: benny6789
--

ALTER TABLE ONLY public."GnC_departmental_goal_comment" ALTER COLUMN id SET DEFAULT nextval('public."GnC_departmental_goal_comment_id_seq"'::regclass);


--
-- Name: GnC_departmental_goals id; Type: DEFAULT; Schema: public; Owner: benny6789
--

ALTER TABLE ONLY public."GnC_departmental_goals" ALTER COLUMN id SET DEFAULT nextval('public."GnC_departmental_goals_id_seq"'::regclass);


--
-- Name: GnC_goal_category id; Type: DEFAULT; Schema: public; Owner: benny6789
--

ALTER TABLE ONLY public."GnC_goal_category" ALTER COLUMN id SET DEFAULT nextval('public."GnC_goal_category_id_seq"'::regclass);


--
-- Name: GnC_goal_comment id; Type: DEFAULT; Schema: public; Owner: benny6789
--

ALTER TABLE ONLY public."GnC_goal_comment" ALTER COLUMN id SET DEFAULT nextval('public."GnC_goal_comment_id_seq"'::regclass);


--
-- Name: GnC_goals id; Type: DEFAULT; Schema: public; Owner: benny6789
--

ALTER TABLE ONLY public."GnC_goals" ALTER COLUMN id SET DEFAULT nextval('public."GnC_goals_id_seq"'::regclass);


--
-- Name: GnC_kpi id; Type: DEFAULT; Schema: public; Owner: benny6789
--

ALTER TABLE ONLY public."GnC_kpi" ALTER COLUMN id SET DEFAULT nextval('public."GnC_kpi_id_seq"'::regclass);


--
-- Name: GnC_mid_yr_comment_box id; Type: DEFAULT; Schema: public; Owner: benny6789
--

ALTER TABLE ONLY public."GnC_mid_yr_comment_box" ALTER COLUMN id SET DEFAULT nextval('public."GnC_mid_yr_comment_box_id_seq"'::regclass);


--
-- Name: Profile_departments id; Type: DEFAULT; Schema: public; Owner: benny6789
--

ALTER TABLE ONLY public."Profile_departments" ALTER COLUMN id SET DEFAULT nextval('public."Profile_departments_id_seq"'::regclass);


--
-- Name: Profile_discard_skills id; Type: DEFAULT; Schema: public; Owner: benny6789
--

ALTER TABLE ONLY public."Profile_discard_skills" ALTER COLUMN id SET DEFAULT nextval('public."Profile_discard_skills_id_seq"'::regclass);


--
-- Name: Profile_profile id; Type: DEFAULT; Schema: public; Owner: benny6789
--

ALTER TABLE ONLY public."Profile_profile" ALTER COLUMN id SET DEFAULT nextval('public."Profile_profile_id_seq"'::regclass);


--
-- Name: Profile_qualifications id; Type: DEFAULT; Schema: public; Owner: benny6789
--

ALTER TABLE ONLY public."Profile_qualifications" ALTER COLUMN id SET DEFAULT nextval('public."Profile_qualifications_id_seq"'::regclass);


--
-- Name: Ticketing_ticket id; Type: DEFAULT; Schema: public; Owner: benny6789
--

ALTER TABLE ONLY public."Ticketing_ticket" ALTER COLUMN id SET DEFAULT nextval('public."Ticketing_ticket_id_seq"'::regclass);


--
-- Name: Ticketing_ticket_comments id; Type: DEFAULT; Schema: public; Owner: benny6789
--

ALTER TABLE ONLY public."Ticketing_ticket_comments" ALTER COLUMN id SET DEFAULT nextval('public."Ticketing_ticket_comments_id_seq"'::regclass);


--
-- Name: Trainings_apply_trainings id; Type: DEFAULT; Schema: public; Owner: benny6789
--

ALTER TABLE ONLY public."Trainings_apply_trainings" ALTER COLUMN id SET DEFAULT nextval('public."Trainings_apply_trainings_id_seq"'::regclass);


--
-- Name: Trainings_career_discussion id; Type: DEFAULT; Schema: public; Owner: benny6789
--

ALTER TABLE ONLY public."Trainings_career_discussion" ALTER COLUMN id SET DEFAULT nextval('public."Trainings_career_discussion_id_seq"'::regclass);


--
-- Name: Trainings_skill_category id; Type: DEFAULT; Schema: public; Owner: benny6789
--

ALTER TABLE ONLY public."Trainings_skill_category" ALTER COLUMN id SET DEFAULT nextval('public."Trainings_skill_category_id_seq"'::regclass);


--
-- Name: Trainings_skills id; Type: DEFAULT; Schema: public; Owner: benny6789
--

ALTER TABLE ONLY public."Trainings_skills" ALTER COLUMN id SET DEFAULT nextval('public."Trainings_skills_id_seq"'::regclass);


--
-- Name: Trainings_survey_trainings id; Type: DEFAULT; Schema: public; Owner: benny6789
--

ALTER TABLE ONLY public."Trainings_survey_trainings" ALTER COLUMN id SET DEFAULT nextval('public."Trainings_survey_trainings_id_seq"'::regclass);


--
-- Name: Trainings_training_courses id; Type: DEFAULT; Schema: public; Owner: benny6789
--

ALTER TABLE ONLY public."Trainings_training_courses" ALTER COLUMN id SET DEFAULT nextval('public."Trainings_training_courses_id_seq"'::regclass);


--
-- Name: Trainings_trainings id; Type: DEFAULT; Schema: public; Owner: benny6789
--

ALTER TABLE ONLY public."Trainings_trainings" ALTER COLUMN id SET DEFAULT nextval('public."Trainings_trainings_id_seq"'::regclass);


--
-- Name: auth_group id; Type: DEFAULT; Schema: public; Owner: benny6789
--

ALTER TABLE ONLY public.auth_group ALTER COLUMN id SET DEFAULT nextval('public.auth_group_id_seq'::regclass);


--
-- Name: auth_group_permissions id; Type: DEFAULT; Schema: public; Owner: benny6789
--

ALTER TABLE ONLY public.auth_group_permissions ALTER COLUMN id SET DEFAULT nextval('public.auth_group_permissions_id_seq'::regclass);


--
-- Name: auth_permission id; Type: DEFAULT; Schema: public; Owner: benny6789
--

ALTER TABLE ONLY public.auth_permission ALTER COLUMN id SET DEFAULT nextval('public.auth_permission_id_seq'::regclass);


--
-- Name: auth_user id; Type: DEFAULT; Schema: public; Owner: benny6789
--

ALTER TABLE ONLY public.auth_user ALTER COLUMN id SET DEFAULT nextval('public.auth_user_id_seq'::regclass);


--
-- Name: auth_user_groups id; Type: DEFAULT; Schema: public; Owner: benny6789
--

ALTER TABLE ONLY public.auth_user_groups ALTER COLUMN id SET DEFAULT nextval('public.auth_user_groups_id_seq'::regclass);


--
-- Name: auth_user_user_permissions id; Type: DEFAULT; Schema: public; Owner: benny6789
--

ALTER TABLE ONLY public.auth_user_user_permissions ALTER COLUMN id SET DEFAULT nextval('public.auth_user_user_permissions_id_seq'::regclass);


--
-- Name: django_admin_log id; Type: DEFAULT; Schema: public; Owner: benny6789
--

ALTER TABLE ONLY public.django_admin_log ALTER COLUMN id SET DEFAULT nextval('public.django_admin_log_id_seq'::regclass);


--
-- Name: django_content_type id; Type: DEFAULT; Schema: public; Owner: benny6789
--

ALTER TABLE ONLY public.django_content_type ALTER COLUMN id SET DEFAULT nextval('public.django_content_type_id_seq'::regclass);


--
-- Name: django_migrations id; Type: DEFAULT; Schema: public; Owner: benny6789
--

ALTER TABLE ONLY public.django_migrations ALTER COLUMN id SET DEFAULT nextval('public.django_migrations_id_seq'::regclass);


--
-- Data for Name: Appraisals_appraisal; Type: TABLE DATA; Schema: public; Owner: benny6789
--

COPY public."Appraisals_appraisal" (id, status, created_by_id, employee_list_id, manager_id, rating_scale_id, user_id) FROM stdin;
\.


--
-- Data for Name: Appraisals_appraisal_category; Type: TABLE DATA; Schema: public; Owner: benny6789
--

COPY public."Appraisals_appraisal_category" (id, name) FROM stdin;
1	1st Quarter
2	2nd Quarter
3	3rd Quarter
4	4th Quarter
5	Start Of Year
6	End Of Year
\.


--
-- Data for Name: Appraisals_overall_appraisal; Type: TABLE DATA; Schema: public; Owner: benny6789
--

COPY public."Appraisals_overall_appraisal" (id, name, goal_weightage, competency_weightage, skill_weightage, start_date, goals_setting_end_date, mid_year_start_date, mid_year_end_date, end_year_start_date, appraisal_end_date, reports_end_date, calibration_end_date, rating_scale, status, appraisal_category_id) FROM stdin;
30	2020 Performance Appraisal - Chan Bor Shen	100	0	0	2020-09-01	2020-09-30	2020-10-01	2020-10-31	2021-01-01	2021-01-31	2021-02-01	2021-02-05	Denselight System	Stage 1B	3
31	2020 Performance Appraisal - Soma Sankaran	100	0	0	2020-09-01	2020-09-30	2020-10-01	2020-10-31	2021-01-01	2021-01-31	2021-02-01	2021-02-05	Denselight System	Stage 1B	3
50	doo	100	0	0	2020-11-27	2020-11-27	2020-11-27	2020-11-27	2020-11-27	2020-11-27	2020-11-27	2020-11-27	Denselight System	Stage 1	1
51	dense	100	0	0	2020-11-27	2020-11-27	2020-11-27	2020-11-27	2020-11-27	2020-11-27	2020-11-27	2020-11-27	Denselight System	Stage 1B	1
21	2020 Performance Appraisal	100	0	0	2020-09-01	2020-09-30	2020-11-30	2020-12-15	2021-01-01	2021-01-31	2021-02-15	2021-03-01	Denselight System	Stage 1B	3
36	2020 Performance Appraisal - Kevin Yang	100	0	0	2020-09-01	2020-09-30	2020-10-01	2020-10-31	2021-01-01	2021-01-31	2021-02-01	2021-02-05	Denselight System	Stage 1	3
49	goodone	100	0	0	2020-11-27	2020-11-27	2020-11-27	2020-11-27	2020-11-27	2020-11-27	2020-11-27	2020-11-27	Denselight System	Stage 1B	1
34	2020 Performance Appraisal - Chivukula Subrahmanya	100	0	0	2020-09-01	2020-09-30	2020-10-01	2020-10-31	2021-01-01	2021-01-31	2021-02-01	2021-02-05	Denselight System	Stage 1B	3
23	HR only	25	25	50	2020-09-23	2020-09-23	2020-09-23	2020-09-23	2020-09-23	2020-09-23	2020-09-23	2020-09-23	Denselight System	Stage 1	1
26	2020 Performance Appraisal	100	0	0	2020-09-01	2020-09-30	2020-10-07	2020-10-31	2020-10-07	2020-10-07	2020-10-07	2020-10-07	Denselight System	Stage 1B	3
27	2020 Performance Appraisal - Helen Vincent	100	0	0	2020-09-01	2020-09-30	2020-10-01	2020-10-31	2021-01-01	2021-01-31	2021-02-01	2021-02-05	Denselight System	Stage 1B	3
32	2020 Performance Appraisal - David Chin	100	0	0	2020-09-01	2020-09-30	2020-10-01	2020-10-31	2021-01-01	2021-01-31	2021-02-01	2021-02-05	Denselight System	Stage 1B	3
29	2020 Performance Appraisal - Lam Yee Loy	100	0	0	2020-09-01	2020-09-30	2020-10-01	2020-10-31	2021-01-01	2021-01-31	2021-02-01	2021-02-05	Denselight System	Stage 1B	3
33	2020 Performance Appraisal - Andy Piper	100	0	0	2020-09-01	2020-09-30	2020-10-01	2020-10-31	2021-01-01	2021-01-31	2021-02-01	2021-02-05	Denselight System	Stage 1B	3
35	2020 Performance Appraisal - Chan TK	100	0	0	2020-09-01	2020-09-30	2020-10-01	2020-10-31	2021-01-01	2021-01-31	2021-02-01	2021-02-05	Denselight System	Stage 1B	3
48	Hunet Test 2	100	0	0	2020-11-20	2020-11-20	2020-11-20	2020-11-20	2020-11-20	2020-11-20	2020-11-20	2020-11-20	Denselight System	Stage 2	1
\.


--
-- Data for Name: Appraisals_peerappraisal; Type: TABLE DATA; Schema: public; Owner: benny6789
--

COPY public."Appraisals_peerappraisal" (id, title1, strength1, weaknessdevelopment1, title2, strength2, weaknessdevelopment2, title3, strength3, weaknessdevelopment3, completion, appraisal_id, created_by_id, manager_id, viewer_id) FROM stdin;
\.


--
-- Data for Name: Appraisals_peerappraisalquestion; Type: TABLE DATA; Schema: public; Owner: benny6789
--

COPY public."Appraisals_peerappraisalquestion" (id, title, answer, completed, appraisal_id) FROM stdin;
\.


--
-- Data for Name: Appraisals_rating_scale; Type: TABLE DATA; Schema: public; Owner: benny6789
--

COPY public."Appraisals_rating_scale" (id, name, description, limiter) FROM stdin;
1	Denselight System	Denselight	5
\.


--
-- Data for Name: Appraisals_user_appraisal_list; Type: TABLE DATA; Schema: public; Owner: benny6789
--

COPY public."Appraisals_user_appraisal_list" (id, status, appraisal_name, overall_board_comments, start_date, end_date, completion, "goals_settingM_rejection", "mid_yearM_rejection", "appraisalHR_rejection", mid_year_completion, "incrementRecommendation", "bonusRecommendation", "recommendationComments", final_employee_rating, final_manager_rating, final_board_rating, appraisal_category_id, employee_id, manager_id, overall_appraisal_id) FROM stdin;
168	Employee	2020 Performance Appraisal	No Comments	2020-09-01	2020-09-01	null	NIL	NIL	NIL	Uncompleted	0	NIL	NIL	\N	\N	\N	3	2051658454	52374544	21
175	Employee	2020 Performance Appraisal	No Comments	2020-09-01	2020-09-01	null	NIL	NIL	NIL	Uncompleted	0	NIL	NIL	\N	\N	\N	3	1634575202	52374544	21
182	Employee	2020 Performance Appraisal	No Comments	2020-09-01	2020-09-01	null	NIL	NIL	NIL	Uncompleted	0	NIL	NIL	\N	\N	\N	3	864267076	52374544	21
185	Employee	2020 Performance Appraisal	No Comments	2020-09-01	2020-09-01	null	NIL	NIL	NIL	Uncompleted	0	NIL	NIL	\N	\N	\N	3	1854222316	689543953	21
186	Employee	2020 Performance Appraisal	No Comments	2020-09-01	2020-09-01	null	NIL	NIL	NIL	Uncompleted	0	NIL	NIL	\N	\N	\N	3	1523161462	2107825133	21
193	Employee	2020 Performance Appraisal	No Comments	2020-09-01	2020-09-01	null	NIL	NIL	NIL	Uncompleted	0	NIL	NIL	\N	\N	\N	3	1887544512	689543953	21
171	S1BEmployee	2020 Performance Appraisal	No Comments	2020-09-01	2020-09-01	null	NIL	NIL	NIL	Uncompleted	0	NIL	NIL	\N	\N	\N	3	9327697	1135328161	21
166	S1BEmployee	2020 Performance Appraisal	No Comments	2020-09-01	2020-09-01	null	NIL	NIL	NIL	Uncompleted	0	NIL	NIL	\N	\N	\N	3	2107825133	430837474	21
165	S1BEmployee	2020 Performance Appraisal	No Comments	2020-09-01	2020-09-01	null	Please add core value goals.	NIL	NIL	Uncompleted	0	NIL	NIL	\N	\N	\N	3	985791817	1813823810	21
158	S1BEmployee	2020 Performance Appraisal	No Comments	2020-09-01	2020-09-01	null	Need to input KPI's.	NIL	NIL	Uncompleted	0	NIL	NIL	\N	\N	\N	3	1135328161	1813823810	21
148	S1BEmployee	2020 Performance Appraisal	No Comments	2020-09-01	2020-09-01	null	NIL	NIL	NIL	Uncompleted	0	NIL	NIL	\N	\N	\N	3	135493917	1813823810	21
154	S1BEmployee	2020 Performance Appraisal	No Comments	2020-09-01	2020-09-01	null	NIL	NIL	NIL	Uncompleted	0	NIL	NIL	\N	\N	\N	3	534558467	1813823810	21
189	S1BEmployee	2020 Performance Appraisal	No Comments	2020-09-01	2020-09-01	null	All in your hard copy PMP information must input	NIL	NIL	Uncompleted	0	NIL	NIL	\N	\N	\N	3	1087181548	135493917	21
161	S1BEmployee	2020 Performance Appraisal	No Comments	2020-09-01	2020-09-01	null	NIL	NIL	NIL	Uncompleted	0	NIL	NIL	\N	\N	\N	3	861437177	324340084	21
194	Manager	2020 Performance Appraisal	No Comments	2020-09-01	2020-09-01	null	NIL	NIL	NIL	Uncompleted	0	NIL	NIL	\N	\N	\N	3	290990818	439847763	21
176	Manager	2020 Performance Appraisal	No Comments	2020-09-01	2020-09-01	null	NIL	NIL	NIL	Uncompleted	0	NIL	NIL	\N	\N	\N	3	610693885	861437177	21
179	S1BEmployee	2020 Performance Appraisal	No Comments	2020-09-01	2020-09-01	null	NIL	NIL	NIL	Uncompleted	0	NIL	NIL	\N	\N	\N	3	1906914592	430837474	21
152	S1BEmployee	2020 Performance Appraisal	No Comments	2020-09-01	2020-09-01	null	No KPI's. Please resubmit with KPI's	NIL	NIL	Uncompleted	0	NIL	NIL	\N	\N	\N	3	324340084	1813823810	21
169	S1BEmployee	2020 Performance Appraisal	No Comments	2020-09-01	2020-09-01	null	NIL	NIL	NIL	Uncompleted	0	NIL	NIL	\N	\N	\N	3	1352141850	861437177	21
149	S1BEmployee	2020 Performance Appraisal	No Comments	2020-09-01	2020-09-01	null	Address clear objective and KPI's.	NIL	NIL	Uncompleted	0	NIL	NIL	\N	\N	\N	3	759336758	1813823810	21
180	S1BEmployee	2020 Performance Appraisal	No Comments	2020-09-01	2020-09-01	null	Please provide KPI	NIL	NIL	Uncompleted	0	NIL	NIL	\N	\N	\N	3	1611091001	1224448967	21
160	S1BEmployee	2020 Performance Appraisal	No Comments	2020-09-01	2020-09-01	null	NIL	NIL	NIL	Uncompleted	0	NIL	NIL	\N	\N	\N	3	52374544	135493917	21
188	S1BEmployee	2020 Performance Appraisal	No Comments	2020-09-01	2020-09-01	null	NIL	NIL	NIL	Uncompleted	0	NIL	NIL	\N	\N	\N	3	50985924	759336758	21
167	S1BEmployee	2020 Performance Appraisal	No Comments	2020-09-01	2020-09-01	null	NIL	NIL	NIL	Uncompleted	0	NIL	NIL	\N	\N	\N	3	973701598	759336758	21
162	S1BEmployee	2020 Performance Appraisal	No Comments	2020-09-01	2020-09-01	null	NIL	NIL	NIL	Uncompleted	0	NIL	NIL	\N	\N	\N	3	1982477965	759336758	21
174	S1BEmployee	2020 Performance Appraisal	No Comments	2020-09-01	2020-09-01	null	NIL	NIL	NIL	Uncompleted	0	NIL	NIL	\N	\N	\N	3	1904933651	759336758	21
177	S1BEmployee	2020 Performance Appraisal	No Comments	2020-09-01	2020-09-01	null	NIL	NIL	NIL	Uncompleted	0	NIL	NIL	\N	\N	\N	3	1913240580	973701598	21
164	S1BEmployee	2020 Performance Appraisal	No Comments	2020-09-01	2020-09-01	null	Please inlcude KPI	NIL	NIL	Uncompleted	0	NIL	NIL	\N	\N	\N	3	1428738048	1224448967	21
153	S1BEmployee	2020 Performance Appraisal	No Comments	2020-09-01	2020-09-01	null	NIL	NIL	NIL	Uncompleted	0	NIL	NIL	\N	\N	\N	3	253052978	759336758	21
170	Manager	2020 Performance Appraisal	No Comments	2020-09-01	2020-09-01	null	NIL	NIL	NIL	Uncompleted	0	NIL	NIL	\N	\N	\N	3	1207021661	931345185	21
183	S1BEmployee	2020 Performance Appraisal	No Comments	2020-09-01	2020-09-01	null	NIL	NIL	NIL	Uncompleted	0	NIL	NIL	\N	\N	\N	3	711389827	1616831965	21
157	S1BEmployee	2020 Performance Appraisal	No Comments	2020-09-01	2020-09-01	null	Please add KPI's to each goal and add core value goals	NIL	NIL	Uncompleted	0	NIL	NIL	\N	\N	\N	3	25957709	1813823810	21
150	S1BEmployee	2020 Performance Appraisal	No Comments	2020-09-01	2020-09-01	null	NIL	NIL	NIL	Uncompleted	0	NIL	NIL	\N	\N	\N	3	1557152765	430837474	21
192	Manager	2020 Performance Appraisal	No Comments	2020-09-01	2020-09-01	null	NIL	NIL	NIL	Uncompleted	0	NIL	NIL	\N	\N	\N	3	206959734	1776097184	21
146	S1BEmployee	2020 Performance Appraisal	No Comments	2020-09-01	2020-09-01	null	NIL	NIL	NIL	Uncompleted	0	NIL	NIL	\N	\N	\N	3	1616831965	1813039923	21
181	S1BEmployee	2020 Performance Appraisal	No Comments	2020-09-01	2020-09-01	null	Need to add in the smart goals	NIL	NIL	Uncompleted	0	NIL	NIL	\N	\N	\N	3	1536568573	973701598	21
195	S1BEmployee	2020 Performance Appraisal	No Comments	2020-09-01	2020-09-01	null	Please add KPI of the goals.	NIL	NIL	Uncompleted	0	NIL	NIL	\N	\N	\N	3	1369735000	25957709	21
172	Manager	2020 Performance Appraisal	No Comments	2020-09-01	2020-09-01	null	NIL	NIL	NIL	Uncompleted	0	NIL	NIL	\N	\N	\N	3	364472470	931345185	21
144	S1BEmployee	2020 Performance Appraisal	No Comments	2020-09-01	2020-09-01	null	NIL	NIL	NIL	Uncompleted	0	NIL	NIL	\N	\N	\N	3	430837474	1813823810	21
145	S1BEmployee	2020 Performance Appraisal	No Comments	2020-09-01	2020-09-01	null	Hi Kamal,\r\n\r\n1. you need to add the KPIs in the objectives\r\n2. where is the 40mW FBGL project\r\n3. What about the 10kHz NLW project (you can include that you hit the 30kHz and 50kHz goals)?	NIL	NIL	Uncompleted	0	NIL	NIL	\N	\N	\N	3	1813039923	430837474	21
190	S1BEmployee	2020 Performance Appraisal	No Comments	2020-09-01	2020-09-01	null	NIL	NIL	NIL	Uncompleted	0	NIL	NIL	\N	\N	\N	3	1598293097	645448974	21
155	S1BEmployee	2020 Performance Appraisal	No Comments	2020-09-01	2020-09-01	null	already spoken	NIL	NIL	Uncompleted	0	NIL	NIL	\N	\N	\N	3	931345185	430837474	21
178	S1BEmployee	2020 Performance Appraisal	No Comments	2020-09-01	2020-09-01	null	NIL	NIL	NIL	Uncompleted	0	NIL	NIL	\N	\N	\N	3	1776097184	324340084	21
202	Employee	2020 Performance Appraisal	No Comments	2020-09-01	2020-09-01	null	NIL	NIL	NIL	Uncompleted	0	NIL	NIL	\N	\N	\N	3	249507857	689543953	21
210	Employee	2020 Performance Appraisal	No Comments	2020-09-01	2020-09-01	null	NIL	NIL	NIL	Uncompleted	0	NIL	NIL	\N	\N	\N	3	1436222314	689543953	21
212	Employee	2020 Performance Appraisal	No Comments	2020-09-01	2020-09-01	null	NIL	NIL	NIL	Uncompleted	0	NIL	NIL	\N	\N	\N	3	305986913	52374544	21
216	Employee	2020 Performance Appraisal	No Comments	2020-09-01	2020-09-01	null	NIL	NIL	NIL	Uncompleted	0	NIL	NIL	\N	\N	\N	3	397620336	534558467	21
221	Employee	2020 Performance Appraisal	No Comments	2020-09-01	2020-09-01	null	NIL	NIL	NIL	Uncompleted	0	NIL	NIL	\N	\N	\N	3	726826699	52374544	21
223	Employee	2020 Performance Appraisal	No Comments	2020-09-01	2020-09-01	null	NIL	NIL	NIL	Uncompleted	0	NIL	NIL	\N	\N	\N	3	708482014	689543953	21
226	Employee	2020 Performance Appraisal	No Comments	2020-09-01	2020-09-01	null	NIL	NIL	NIL	Uncompleted	0	NIL	NIL	\N	\N	\N	3	418560939	689543953	21
228	Employee	2020 Performance Appraisal	No Comments	2020-09-01	2020-09-01	null	NIL	NIL	NIL	Uncompleted	0	NIL	NIL	\N	\N	\N	3	1539913308	52374544	21
229	Employee	2020 Performance Appraisal	No Comments	2020-09-01	2020-09-01	null	NIL	NIL	NIL	Uncompleted	0	NIL	NIL	\N	\N	\N	3	410233054	52374544	21
230	Employee	2020 Performance Appraisal	No Comments	2020-09-01	2020-09-01	null	NIL	NIL	NIL	Uncompleted	0	NIL	NIL	\N	\N	\N	3	619517776	52374544	21
231	Employee	2020 Performance Appraisal	No Comments	2020-09-01	2020-09-01	null	NIL	NIL	NIL	Uncompleted	0	NIL	NIL	\N	\N	\N	3	29738722	689543953	21
232	Employee	2020 Performance Appraisal	No Comments	2020-09-01	2020-09-01	null	NIL	NIL	NIL	Uncompleted	0	NIL	NIL	\N	\N	\N	3	1798521118	1616831965	21
233	Employee	2020 Performance Appraisal	No Comments	2020-09-01	2020-09-01	null	NIL	NIL	NIL	Uncompleted	0	NIL	NIL	\N	\N	\N	3	1233462141	689543953	21
235	Employee	2020 Performance Appraisal	No Comments	2020-09-01	2020-09-01	null	NIL	NIL	NIL	Uncompleted	0	NIL	NIL	\N	\N	\N	3	313243524	52374544	21
239	Employee	2020 Performance Appraisal	No Comments	2020-09-01	2020-09-01	null	NIL	NIL	NIL	Uncompleted	0	NIL	NIL	\N	\N	\N	3	2035253683	52374544	21
240	Employee	2020 Performance Appraisal	No Comments	2020-09-01	2020-09-01	null	NIL	NIL	NIL	Uncompleted	0	NIL	NIL	\N	\N	\N	3	1536649866	689543953	21
242	Employee	2020 Performance Appraisal	No Comments	2020-09-01	2020-09-01	null	NIL	NIL	NIL	Uncompleted	0	NIL	NIL	\N	\N	\N	3	148988561	689543953	21
243	Employee	2020 Performance Appraisal	No Comments	2020-09-01	2020-09-01	null	NIL	NIL	NIL	Uncompleted	0	NIL	NIL	\N	\N	\N	3	1575722891	52374544	21
245	Employee	2020 Performance Appraisal	No Comments	2020-09-01	2020-09-01	null	NIL	NIL	NIL	Uncompleted	0	NIL	NIL	\N	\N	\N	3	620999160	689543953	21
246	Employee	2020 Performance Appraisal	No Comments	2020-09-01	2020-09-01	null	NIL	NIL	NIL	Uncompleted	0	NIL	NIL	\N	\N	\N	3	781280338	52374544	21
247	Employee	2020 Performance Appraisal	No Comments	2020-09-01	2020-09-01	null	NIL	NIL	NIL	Uncompleted	0	NIL	NIL	\N	\N	\N	3	1916964989	689543953	21
244	Manager	2020 Performance Appraisal	No Comments	2020-09-01	2020-09-01	null	NIL	NIL	NIL	Uncompleted	0	NIL	NIL	\N	\N	\N	3	1002214209	985791817	21
205	Manager	2020 Performance Appraisal	No Comments	2020-09-01	2020-09-01	null	NIL	NIL	NIL	Uncompleted	0	NIL	NIL	\N	\N	\N	3	1602769597	2107825133	21
224	Manager	2020 Performance Appraisal	No Comments	2020-09-01	2020-09-01	null	NIL	NIL	NIL	Uncompleted	0	NIL	NIL	\N	\N	\N	3	1710250857	985791817	21
200	S1BEmployee	2020 Performance Appraisal	No Comments	2020-09-01	2020-09-01	null	NIL	NIL	NIL	Uncompleted	0	NIL	NIL	\N	\N	\N	3	1777433913	1135328161	21
241	Manager	2020 Performance Appraisal	No Comments	2020-09-01	2020-09-01	null	NIL	NIL	NIL	Uncompleted	0	NIL	NIL	\N	\N	\N	3	2125149271	1776097184	21
208	S1BEmployee	2020 Performance Appraisal	No Comments	2020-09-01	2020-09-01	null	NIL	NIL	NIL	Uncompleted	0	NIL	NIL	\N	\N	\N	3	1921197435	135493917	21
209	Manager	2020 Performance Appraisal	No Comments	2020-09-01	2020-09-01	null	Please re-submit goals	NIL	NIL	Uncompleted	0	NIL	NIL	\N	\N	\N	3	1723530200	1776097184	21
213	Manager	2020 Performance Appraisal	No Comments	2020-09-01	2020-09-01	null	NIL	NIL	NIL	Uncompleted	0	NIL	NIL	\N	\N	\N	3	426739617	253052978	21
211	S1BEmployee	2020 Performance Appraisal	No Comments	2020-09-01	2020-09-01	null	NIL	NIL	NIL	Uncompleted	0	NIL	NIL	\N	\N	\N	3	1510925941	1373136557	21
238	S1BManager	2020 Performance Appraisal	No Comments	2020-09-01	2020-09-01	null	Need target and deliverable in KPI	NIL	NIL	Uncompleted	0	NIL	NIL	\N	\N	\N	3	539619816	430837474	21
204	Manager	2020 Performance Appraisal	No Comments	2020-09-01	2020-09-01	null	NIL	NIL	NIL	Uncompleted	0	NIL	NIL	\N	\N	\N	3	480020115	931345185	21
222	Manager	2020 Performance Appraisal	No Comments	2020-09-01	2020-09-01	null	NIL	NIL	NIL	Uncompleted	0	NIL	NIL	\N	\N	\N	3	1014312820	1982477965	21
237	S1BEmployee	2020 Performance Appraisal	No Comments	2020-09-01	2020-09-01	null	pls include the core value	NIL	NIL	Uncompleted	0	NIL	NIL	\N	\N	\N	3	22592094	135493917	21
199	S1BEmployee	2020 Performance Appraisal	No Comments	2020-09-01	2020-09-01	null	NIL	NIL	NIL	Uncompleted	0	NIL	NIL	\N	\N	\N	3	520727285	973701598	21
215	Manager	2020 Performance Appraisal	No Comments	2020-09-01	2020-09-01	null	NIL	NIL	NIL	Uncompleted	0	NIL	NIL	\N	\N	\N	3	161961016	253052978	21
197	S1BEmployee	2020 Performance Appraisal	No Comments	2020-09-01	2020-09-01	null	pls see me this is quite different from the paper PMP	NIL	NIL	Uncompleted	0	NIL	NIL	\N	\N	\N	3	1017729787	135493917	21
220	S1BEmployee	2020 Performance Appraisal	No Comments	2020-09-01	2020-09-01	null	Need to add KPI. Please look at the sample i provided	NIL	NIL	Uncompleted	0	NIL	NIL	\N	\N	\N	3	231731743	973701598	21
196	S1BEmployee	2020 Performance Appraisal	No Comments	2020-09-01	2020-09-01	null	NIL	NIL	NIL	Uncompleted	0	NIL	NIL	\N	\N	\N	3	2047523461	135493917	21
207	S1BEmployee	2020 Performance Appraisal	No Comments	2020-09-01	2020-09-01	null	Need to add KPI into each goal so it can be tracked. Also add core value goals	NIL	NIL	Uncompleted	0	NIL	NIL	\N	\N	\N	3	1779366736	1813823810	21
236	S1BEmployee	2020 Performance Appraisal	No Comments	2020-09-01	2020-09-01	null	NIL	NIL	NIL	Uncompleted	0	NIL	NIL	\N	\N	\N	3	850138976	135493917	21
217	Manager	2020 Performance Appraisal	No Comments	2020-09-01	2020-09-01	null	NIL	NIL	NIL	Uncompleted	0	NIL	NIL	\N	\N	\N	3	1484926575	861437177	21
214	S1BEmployee	2020 Performance Appraisal	No Comments	2020-09-01	2020-09-01	null	NIL	NIL	NIL	Uncompleted	0	NIL	NIL	\N	\N	\N	3	1608216415	1428738048	21
225	Manager	2020 Performance Appraisal	No Comments	2020-09-01	2020-09-01	null	NIL	NIL	NIL	Uncompleted	0	NIL	NIL	\N	\N	\N	3	1256890838	861437177	21
198	S1BEmployee	2020 Performance Appraisal	No Comments	2020-09-01	2020-09-01	null	pls include the PMP	NIL	NIL	Uncompleted	0	NIL	NIL	\N	\N	\N	3	1941685512	135493917	21
206	Manager	2020 Performance Appraisal	No Comments	2020-09-01	2020-09-01	null	NIL	NIL	NIL	Uncompleted	0	NIL	NIL	\N	\N	\N	3	31853750	1557152765	21
234	S1BManager	2020 Performance Appraisal	No Comments	2020-09-01	2020-09-01	null	NIL	NIL	NIL	Uncompleted	0	NIL	NIL	\N	\N	\N	3	2076006951	539619816	21
248	Employee	2020 Performance Appraisal	No Comments	2020-09-01	2020-09-01	null	NIL	NIL	NIL	Uncompleted	0	NIL	NIL	\N	\N	\N	3	1106999016	534558467	21
251	Employee	2020 Performance Appraisal	No Comments	2020-09-01	2020-09-01	null	NIL	NIL	NIL	Uncompleted	0	NIL	NIL	\N	\N	\N	3	1813823810	\N	21
218	Manager	2020 Performance Appraisal	No Comments	2020-09-01	2020-09-01	null	Please write Goals properly. Same project appearing in 2 categories	NIL	NIL	Uncompleted	0	NIL	NIL	\N	\N	\N	3	673813648	439847763	21
219	S1BEmployee	2020 Performance Appraisal	No Comments	2020-09-01	2020-09-01	null	Did not fill up core values competencies category. Need to fill up. Please fill and re-submit	NIL	NIL	Uncompleted	0	NIL	NIL	\N	\N	\N	3	439847763	324340084	21
184	S1BEmployee	2020 Performance Appraisal	No Comments	2020-09-01	2020-09-01	null	Please fill up core values and competencies category	NIL	NIL	Uncompleted	0	NIL	NIL	\N	\N	\N	3	249343659	324340084	21
201	S1BEmployee	2020 Performance Appraisal	No Comments	2020-09-01	2020-09-01	null	As mentioned, please amend the categories, some of the due dates and also add the sub-categories  for 'Improve Standard Recruitment process'	NIL	NIL	Uncompleted	0	NIL	NIL	\N	\N	\N	3	163946503	534558467	21
156	S1BEmployee	2020 Performance Appraisal	No Comments	2020-09-01	2020-09-01	null	Did not fill up core values competencies category. Please fill up	NIL	NIL	Uncompleted	0	NIL	NIL	\N	\N	\N	3	1224448967	324340084	21
249	S1BEmployee	2020 Performance Appraisal	No Comments	2020-09-01	2020-09-01	null	NIL	NIL	NIL	Uncompleted	0	NIL	NIL	\N	\N	\N	3	5	135493917	21
159	S1BEmployee	2020 Performance Appraisal	No Comments	2020-09-01	2020-09-01	null	Please remove the KFA from your PMP. I don't think you are involve in them.	NIL	NIL	Uncompleted	0	NIL	NIL	\N	\N	\N	3	689543953	759336758	21
250	S1BEmployee	2020 Performance Appraisal	No Comments	2020-09-01	2020-09-01	null	Please insert core value	NIL	NIL	Uncompleted	0	NIL	NIL	\N	\N	\N	3	6	988735390	21
151	S1BEmployee	2020 Performance Appraisal	No Comments	2020-09-01	2020-09-01	null	No KPI's or core value goals	NIL	NIL	Uncompleted	0	NIL	NIL	\N	\N	\N	3	988735390	1813823810	21
283	Employee	dense	No Comments	2020-11-27	2020-11-27	null	NIL	NIL	NIL	Uncompleted	0	NIL	NIL	\N	\N	\N	1	18	534558467	51
227	S1BEmployee	2020 Performance Appraisal	No Comments	2020-09-01	2020-09-01	null	Please insert core value	NIL	NIL	Uncompleted	0	NIL	NIL	\N	\N	\N	3	104959828	988735390	21
252	Manager	2020 Performance Appraisal	No Comments	2020-09-01	2020-09-01	null	proceed to fill in the competency and skills	NIL	NIL	Uncompleted	0	NIL	NIL	\N	\N	\N	3	10	861437177	21
163	S1BEmployee	2020 Performance Appraisal	No Comments	2020-09-01	2020-09-01	null	Hi Sang,\r\n\r\nFor KPIs, they need to be tangible.\r\n\r\n1. For example, for how many products are you going to have the SPC chart and process control?\r\n\r\n2. How many % of the tool SPC you are creating?\r\n\r\n3. How many product growth recipe  will you align with PE team ?	NIL	NIL	Uncompleted	0	NIL	NIL	\N	\N	\N	3	1373136557	430837474	21
255	S1BReview	2020 Performance Appraisal	No Comments	2020-10-07	2020-10-07	null	NIL	Please re-submit as I'm testing yours with balvinder	NIL	Completed	0	NIL	NIL	\N	\N	\N	3	163946503	534558467	26
261	S2Employee	2020 Performance Appraisal - David Chin	No Comments	2020-10-14	2020-10-14	null	NIL	NIL	NIL	Completed	0	NIL	NIL	\N	\N	\N	3	988735390	1813823810	32
147	S1BEmployee	2020 Performance Appraisal	No Comments	2020-09-01	2020-09-01	null	Hi Ashish,\r\n\r\nGood attempt. But for KPI, i need you to include targets you want to hit for all KPIs. I need targets to score against.\r\n\r\nFor example, something like for 3" wafer growth improvement, maybe you can say you will improve PL control to < 5nm within edge exclusion .	NIL	NIL	Uncompleted	0	NIL	NIL	\N	\N	\N	3	645448974	430837474	21
256	S2Employee	2020 Performance Appraisal - Helen Vincent	No Comments	2020-10-14	2020-10-14	null	NIL	NIL	NIL	Completed	0	NIL	NIL	\N	\N	\N	3	534558467	1813823810	27
263	S2Employee	2020 Performance Appraisal - Chivukula Subrahmanya	No Comments	2020-10-14	2020-10-14	null	NIL	NIL	NIL	Completed	0	NIL	NIL	\N	\N	\N	3	324340084	1813823810	34
284	S1BEmployee	dense	No Comments	2020-11-27	2020-11-27	null	NIL	NIL	NIL	Uncompleted	0	NIL	NIL	\N	\N	\N	1	17	18	51
258	S2Employee	2020 Performance Appraisal - Lam Yee Loy	No Comments	2020-10-14	2020-10-14	null	NIL	NIL	NIL	Completed	0	NIL	NIL	\N	\N	\N	3	1135328161	1813823810	29
260	S2Employee	2020 Performance Appraisal - Soma Sankaran	No Comments	2020-10-14	2020-10-14	null	NIL	NIL	NIL	Completed	0	NIL	NIL	\N	\N	\N	3	985791817	1813823810	31
262	S1BEmployee	2020 Performance Appraisal - Andy Piper	No Comments	2020-10-14	2020-10-14	null	NIL	NIL	NIL	Uncompleted	0	NIL	NIL	\N	\N	\N	3	430837474	1813823810	33
265	S1BEmployee	2020 Performance Appraisal - Kevin Yang	No Comments	2020-10-14	2020-10-14	null	NIL	NIL	NIL	Uncompleted	0	NIL	NIL	\N	\N	\N	3	25957709	1813823810	36
259	S2Employee	2020 Performance Appraisal - Chan Bor Shen	No Comments	2020-10-14	2020-10-14	null	NIL	NIL	NIL	Completed	0	NIL	NIL	\N	\N	\N	3	135493917	1813823810	30
264	S1BManager	2020 Performance Appraisal - Chan TK	No Comments	2020-10-14	2020-10-14	null	NIL	NIL	NIL	Uncompleted	0	NIL	NIL	\N	\N	\N	3	759336758	1813823810	35
277	Employee	Hunet Test 2	No Comments	2020-11-20	2020-11-20	null	NIL	NIL	NIL	Uncompleted	0	NIL	NIL	\N	\N	\N	1	18	534558467	48
280	S1BReview	goodone	No Comments	2020-11-27	2020-11-27	null	NIL	NIL	NIL	Completed	0	NIL	NIL	\N	\N	\N	1	17	18	49
281	Employee	doo	No Comments	2020-11-27	2020-11-27	null	NIL	NIL	NIL	Uncompleted	0	NIL	NIL	\N	\N	\N	1	18	534558467	50
278	S1BManager	Hunet Test 2	No Comments	2020-11-20	2020-11-20	null	NIL	Please change Goals	NIL	Completed	0	NIL	NIL	\N	\N	\N	1	17	18	48
279	Employee	goodone	No Comments	2020-11-27	2020-11-27	null	NIL	NIL	NIL	Uncompleted	0	NIL	NIL	\N	\N	\N	1	18	534558467	49
282	S1BManager	doo	No Comments	2020-11-27	2020-11-27	null	NIL	NIL	NIL	Uncompleted	0	NIL	NIL	\N	\N	\N	1	17	18	50
\.


--
-- Data for Name: GnC_comment_box; Type: TABLE DATA; Schema: public; Owner: benny6789
--

COPY public."GnC_comment_box" (id, created_on, goal_id, comment, created_by_id) FROM stdin;
7	2020-11-24 06:07:24.292099+00	514	hi the giid	18
8	2020-11-24 06:08:17.561342+00	514	hi though is good denselight	17
9	2020-11-24 06:14:32.487017+00	515	hi this is good	17
10	2020-11-24 06:16:04.157148+00	515	hi i am manager 1	18
11	2020-11-24 17:31:22.930203+00	516	Hi this is aishwary pratap singh	18
12	2020-11-27 07:02:23.510301+00	517	Hi this is foo	17
13	2020-11-27 07:02:28.638579+00	517	Hi this is foo	17
14	2020-11-27 07:02:50.538975+00	517	hi this	17
15	2020-11-27 07:03:21.036762+00	518	hi this	17
16	2020-11-27 07:12:35.652545+00	518	hi good	18
17	2020-11-27 07:16:42.108684+00	520	hi thi	17
18	2020-11-27 07:17:39.798927+00	520	good is good	18
20	2020-12-01 03:05:02.982961+00	464	sdfadfadsf	861437177
21	2020-12-02 01:49:46.54445+00	92	1)  Unable to achieve PO conversion rate of >12% due to COVID-19.\r\n2)  More than 98% RFQ responded within 48hrs with 2% due to delayed information from Engineering team.\r\n3)  Initiated virtual meeting with Optronsicence, EQ Photonics and Viavi during 1st half of 2020 discussing customer demand and potential business opportunities.	1710250857
22	2020-12-02 02:32:51.041551+00	342	asddffsd	861437177
23	2020-12-02 02:32:59.330045+00	28	asdfs	861437177
19	2020-12-01 03:05:02.629034+00	464	Closed 7 NCMRs for ELED/SLED with average 77 days cycle time. Higher than 30 days target, but this is comparable to other department. \r\n\r\nPlease verify the NCMR trend under PE, has it increased or dropped 30%.	861437177
24	2020-12-02 02:45:52.776111+00	466	The COS level kink evaluation and improvement on FBGL chip is a good topic to write technical paper.	861437177
25	2020-12-02 02:52:30.022449+00	461	Please add in the current CBT/COS yield & forecast yield  & timeline by product family as we presented in the yield meeting. You can add in to the KPIs.	861437177
26	2020-12-02 02:56:57.052383+00	54	To support WW Sales Team to meet: 1. Denselight's overall FY20 goal of $12.1m 2. Meet Denselight's quarterly goal: Q1 = $1.24m Q2 = $2.04m Q3 = $3.87m Q4 = $4.59m	1710250857
27	2020-12-02 06:53:40.045331+00	462	Xiaoyu's focus in 2020 on Eloira project is to support the test on both AFR & SFO samples and provide data to sales team to win the NRE business.	861437177
28	2020-12-02 06:57:19.304106+00	463	Get the quantity details from QA (SLED: # of RMAs, % RMA reduction compared to last year and cycle time on closure).	861437177
29	2020-12-02 07:01:33.159445+00	465	Xiaoyu did one round of good assessment on SLED opportunity in OCT market, and the joint effort with sales team has triggerd a product council review on the OCT opportunity and management team decision to develop super broadband SLED in the 1310nm wavelength range application	861437177
30	2020-12-02 07:16:40.627025+00	460	Agree with the goals that Ronaldo input. His contribution on cost reduction is mainly on team efficiency improvement by creating script to speed up the data pulling & compilation, test setup & test time reduction (UPH improvement) as well as enable CM to do test for us by establishing inhouse to CM test data correlation.	861437177
31	2020-12-02 07:32:02.909954+00	456	Ronaldo took over the DFB yield scope from Chai Hong since Mar'2020, and hand over to Zuhdi in Aug'20.	861437177
32	2020-12-02 07:54:04.620198+00	458	The goal on 25G DML is to ensure seamless transfer from NPD to PE by strictly following the PDM process established. This is also the first program in transferring mode that follow the new PDM flow, so need to follow the checklist to establish a a good example.	861437177
33	2020-12-02 08:15:24.363869+00	459	Agree with the KPI. One of Ronaldo's expertise and core strength is test setup and automation, therefore, he was assigned to support test setup & automation work on other project works.	861437177
34	2020-12-03 02:17:32.821098+00	229	hello	2076006951
35	2020-12-03 02:46:58.178469+00	230	This goal has been transferred to another colleague.	2076006951
36	2020-12-07 07:10:00.167246+00	344	All three projects were half-way taken over from Hafiz in May'20. For Eloira, project ownership was later transferred to Xiaoyu after he joined DSL.	861437177
\.


--
-- Data for Name: GnC_competencies; Type: TABLE DATA; Schema: public; Owner: benny6789
--

COPY public."GnC_competencies" (id, summary, description, weightage, user_rating, manager_rating, board_rating, user_comments, manager_comments, board_comments, appraisal_id, competency_category_id, employee_id) FROM stdin;
43	Reduce Turnover	Provide regular feedback to HODs on their 'People Issues'.	40	1	1	1	NIL	NIL	NIL	154	6	534558467
44	Improve Company's Branding	Develop a new HR team to excel in business partnering.	30	1	1	1	NIL	NIL	NIL	154	7	534558467
45	Improve COmpnay's Branding	Upload Denselight core values with fairness to all employees (regardless of rank) by giving feedback to anyone if seen to waiver from the values	30	1	1	1	NIL	NIL	NIL	154	8	534558467
46	People issues	Provide regular feedback to HODs on their people issues	1	1	1	1	NIL	NIL	NIL	201	6	163946503
47	Business partnering	Business partnering with the HODs and managers of the assigned departments to provide advice pertaining to HR issues	1	1	1	1	NIL	NIL	NIL	201	7	163946503
48	Uphold Denselight core values with fairness	Uphold Denselight core values with fairness to all employees (regardless of rank) by giving feedback to anyone if seen to waiver from the values	1	1	1	1	NIL	NIL	NIL	201	8	163946503
52	Work closely with sales team, CTO and market reports	1. Getting involve with revenue meetings to understanding existing and new sales opportunities\r\n2. Regular meetings with sales team and CTO to determine current product performance and health.\r\n3. Being involve with KFA 2.4 to understand and provide inputs to company's product marketing strategy\r\n4. Engaging customers with Sales team both technically and commercially.	20	1	1	1	NIL	NIL	NIL	144	6	430837474
53	Communications and Engagement with external and internal parties	1. Communicate effectively and diplomatically\r\n2. Provide response to parties within 24hrs (if urgent) and within a week of deadlines\r\n3. Transparency of execution. Communication on common platform with entire NPD team.\r\n4. Do as i say and say as i do whilst engaging with my team and peers.	20	1	1	1	NIL	NIL	NIL	144	7	430837474
54	Efficiency and Urgency	1. Continual encouragement of urgency in getting revenue with existing and innovative technology.\r\n2. If possible, offer innovative and creative ideas to both customer for continual interest and opportunities. Not to give up unless customer gives up.\r\n3. Encourage team to take ownership daily and think creatively to resolve issues if required.	20	1	1	1	NIL	NIL	NIL	144	8	430837474
55	Small wins lead to big gains	1. Daily 930 pow wow with entire NPD team to motivate and keep track of achievements for weekly targets\r\n2. Send weekly targets to entire NPD team to help them focus\r\n3. Lead by example to show them that everyone matters and that everyone has a role to play and contribute. Provide daily examples and suggestions to improve and at meetings	20	1	1	1	NIL	NIL	NIL	144	10	430837474
56	Customer Mindset	\tTo ensure all actions, improvement projects and plans are to ensure MFG and equipment are able to perform to its best capability to support the customers need.\r\n\tEnsure proper communication and understanding from customers need, ensure 100% follow up for any committed actions. \r\n\tEnsure all identified CA and PA are implemented and closed. Ensure implementation actions are feasible and effective.	10	1	1	1	NIL	NIL	NIL	148	6	135493917
57	Commitment to You	- Broaden collaborative partnership within team through open communication channel.\r\n- Intensify efforts to create greater ownership of tasks and responsibilities.	10	1	1	1	NIL	NIL	NIL	148	7	135493917
58	Integrity with Passion & Tenacity	\tFeedback timely if goal are not able to achieve so that appropriate action can be taken. \r\n\tPatiently listen to other problem; show more tolerance to accept reasonable explanation. \r\n\tBe patient to listen to others suggestions and give yourself time before giving answer that you might not be sure. \r\n\tSpeak up you views, allow debate and ultimate buy off by everybody and move as a team.	5	1	1	1	NIL	NIL	NIL	148	8	135493917
59	Zero complaint on account receivable from customer	Ensure there is no complaint on account receivable from customer by providing timely and accurate account receivable.	30	1	1	1	NIL	NIL	NIL	151	6	988735390
60	Sharing of PNL with analysis and cost review in staff meeting	Sharing of PNL with analysis with staff and to the Fab A, B and APT owner on the regular basis.	30	1	1	1	NIL	NIL	NIL	151	7	988735390
61	Ensure no finance violations	Monitor and ensure there is no finance violations within the company	30	1	1	1	NIL	NIL	NIL	151	8	988735390
50	We are accountable in our commitment to achieve excellence.  We do what we say and behave with integrity at all time. We will uphold the ethical standards of the company always.  We respect each other and value every employees contribution.  Collaboration as a team is our motto and we celebrate small and big wins with appreciation.	\tBe punctual and adhere to company and fab rules. To inform by phone when needs to go for MC. Do not leave company early and do not have extended break time.\r\n\tDon't do anything which is unrelated to work during your working hour.\r\n\tWhen activated during times of need at work place, must be able to respond and come back if required.\r\n\tAlways stay contactable\r\n\tMotivate and be motivated by a passion to compete and win. Drive initiatives and take smart risks to achieve our goals.\r\n\tSet parameters so actions and decisions can be taken by employees.Take initiative to decide, act and be accountable within the parameters given.	20	1	1	1	NIL	NIL	NIL	249	7	5
51	At DenseLight, we take pride in every job that we do by having the highest level of honesty and openness. We cultivate our entrepreneurial drive as a means to remain flexible, agile and willingness to change. We are passionate about DenseLight and have a never-say-die attitude!	\tFeedback timely if goals are not able to achieve so that appropriate action can be taken. \r\n\tPatiently listen to other problem; show more tolerance to accept reasonable explanation. \r\n\tBe patient to listen to others suggestions and give yourself time before giving answer that you might not be sure. \r\n\tSpeak up you views, allow debate and ultimate buy off by everybody and move as a team. \r\n\tMaintain the highest standards of fairness, honesty, and transparency in everything we do, be it Technologically, Socially, Environmentally, As an Employer, As a Supplier, As a Partner.	20	1	1	1	NIL	NIL	NIL	249	8	5
278	Hunet Test	HunetTest	100	1	1	1	NIL	NIL	NIL	\N	6	17
62	Customer first mindset	Customer projects for POET, 25G DLS programs, high power DFB, production DFB, SSC laser processes are being executed with utmost priority. Existing processes are being optimized to meet the customer requirements and demands.	90	1	1	1	NIL	NIL	NIL	218	6	673813648
63	Commitment to excel	My personal commitment to achieve excellence is to maintain highest level of work ethics with passion and integrity and respect individuals with dignity irrespective of job level.	90	1	1	1	NIL	NIL	NIL	218	7	673813648
64	Passionate about work with strong work ethics	I always display willingness to learn and change and show passion in the jobs and proactively work and maintain the flexible and agile attitudes.	90	1	1	1	NIL	NIL	NIL	218	8	673813648
65	People skills	I posses people skill to work with people irrespective of the job level and get the job done. \r\nTransfer the processes to colleagues and operators without any process issues.	80	1	1	1	NIL	NIL	NIL	218	9	673813648
66	Leadership	Make sure the team is united and every individual in the team understands the organisation priorities to achieve revenue, NRE targets and meet the deadlines without dropping the balls. Laser focus is the key to the success.	80	1	1	1	NIL	NIL	NIL	218	10	673813648
67	Zero complain on account receivables from customer	Zero complain on account receivables from customer	33	1	1	1	NIL	NIL	NIL	250	6	6
68	Supporting with analysis/highlight on periodical expenses (actual vs budget/forecast)	Supporting with analysis/highlight on periodical expenses (actual vs budget/forecast)	33	1	1	1	NIL	NIL	NIL	250	7	6
69	Ensure no finance violations	Ensure no finance violations	34	1	1	1	NIL	NIL	NIL	250	8	6
70	zero complaint on accounts receivable from customer	zero complaint on accounts receivable from customer	33	1	1	1	NIL	NIL	NIL	227	6	104959828
71	Assist to monitor periodic expenses	Assist to monitor periodic expenses	33	1	1	1	NIL	NIL	NIL	227	7	104959828
72	Ensure no financial violations	Ensure no financial violations	34	1	1	1	NIL	NIL	NIL	227	8	104959828
73	Working with internal teams to win new designs at customer	Work with the engineering & production teams to deliver NPI to key customers, and work with ROW sales teams to win new designs. Ensure that what we commit to deliver is within our capability, and work to set customer expectations early in these deals	40	1	1	1	NIL	NIL	NIL	165	6	985791817
74	Active participation in Product Council	Be an active part of the product council. Ensure the council has all the relevant market information to make an investment decision. Work with both China & the ROW sales team to deliver these inputs from the field.	30	1	1	1	NIL	NIL	NIL	165	7	985791817
75	Branding & Marketing	Work with all the internal stake holders (PE, NPI, IT) to enhance DenseLights online presence, by presenting accurate and up to date information. Drive DenseLights branding efforts by showcasing individuals expertise such that DenseLight is seen as a technology leader.	30	1	1	1	NIL	NIL	NIL	165	8	985791817
76	Cultivate customer first mindset within PE team	1. Cultivate customer first mindset within PE team, and always priotize job to support customer enquires, projects and engineering work;\r\n2. Drive aggressively & continuously on RMA issues for proper closure.\r\n3. For complicated customer related technical issues, form tiger team across functions for effective problem solving through leveraging capabilities & experience within DLS.	35	1	1	1	NIL	NIL	NIL	161	6	861437177
77	Build strong team	1. Cultivate a harmony culture within the team and urge all tem members to help each other with the best thye can;\r\n2. Coach PE engineer on critical communication skills and conflict resolving skills.	30	1	1	1	NIL	NIL	NIL	161	7	861437177
78	Build "CAN DO" mindset in PE team	Build a strong "CAN DO" mindset and culture within PE team: train every PE to think "what needs to get the job done" rather than "explain why job cannot be done" in their daily job.	35	1	1	1	NIL	NIL	NIL	161	8	861437177
79	Provide prompt quality response to both internal and external customers.		25	1	1	1	NIL	NIL	NIL	149	6	759336758
80	Drive team to work together in achieving Denselights corporate goals.		25	1	1	1	NIL	NIL	NIL	149	7	759336758
81	Promote a culture of ownership, collaboration and transparency.		25	1	1	1	NIL	NIL	NIL	149	8	759336758
84	Ownership and Teamwork	Collaboratively working with the team especially the NPD team by fulfilling their request and commit date as agreed in the ops meeting, providing inputs to the team to make things more efficient.	100	1	1	1	NIL	NIL	NIL	222	7	1014312820
86	Timeliness and good quality mindset	Actively highlight issues and work closely with engineers for closure in timely manner.	100	1	1	1	NIL	NIL	NIL	222	6	1014312820
85	Passion to others and being a good teamplayer	Supporting PPC by giving feedback regarding effective planning and scheduling work and priority. As well as giving them the capacity constraints. Sharing with them the calculated UPH and capacity model that had been developed to help them improve the planning aspect.	100	1	1	1	NIL	NIL	NIL	222	8	1014312820
83	Systems & design by establishing workflow and procedure	Create a procedure in managing cleanroom uniforms.	100	1	1	1	NIL	NIL	NIL	222	7	1014312820
87	Our customers, comes first. We will strive to provide them with superior innovative products and will continuously improve their quality that will in turn see us win in our end markets	Ensure and consider the quality of work all the time.	10	1	1	1	NIL	NIL	NIL	184	6	249343659
88	We are accountable in our commitment to achieve excellence. We do what we say and behave with integrity at all time. We will uphold the ethical standards of the company always. We respect each other and value every employee's contribution. Collaboration as a team is our motto and we celebrate small and big wins with appreciation.	Be a good team player and demonstrate initiatives in all task that may assign.	10	1	1	1	NIL	NIL	NIL	184	7	249343659
89	At DenseLight, we take pride in every job that we do by having the highest level of honesty and openness. We cultivate our entrepreneurial drive as a means to remain flexible, agile and willingness to change. We are passionate about DenseLight and have a never-say-die attitude!	Execute job responsibilities with strong passion at work.	10	1	1	1	NIL	NIL	NIL	184	8	249343659
90	1st time right, sense of urgency and quality of execution	i) Proper planning and execution of critical customer programs to ensure we deliver as per plan and within the timeline.\r\nii) Appraised team on the need to react fast and show sense of urgency. Proper execution for 1st time right	40	1	1	1	NIL	NIL	NIL	152	6	324340084
82	Mentor and coach team leads to take on more leadership role in the organization		25	1	1	1	NIL	NIL	NIL	149	9	759336758
279	testing	testing	100	1	1	1	NIL	NIL	NIL	\N	6	17
91	High level of honesty and openness	i) create an environment to share and solve problems together.\r\n\r\nii) Learnings from one program to be shared across all programs to ensure same issues are not repeated.	30	1	1	1	NIL	NIL	NIL	152	8	324340084
92	accountability to achieve excellence to our customers	Gaps are there in the quality of wafers coming out of Fab B. Set individual tasks to my team to ensure we give consistent quality wafers.	30	1	1	1	NIL	NIL	NIL	152	7	324340084
93	customer first	Our customers, come first. We will strive to provide them with superior innovative products and will continuously improve their quality that will in turn see us win in our end markets.\r\nAction plan\r\nCycle time: reduce the long hold and rework, strive to deliver the goods on time, weekend coverage \r\nQuality: Focus on details, reduce defect, improve yield	5	1	1	1	NIL	NIL	NIL	178	6	1776097184
94	Commitment	We are accountable in our commitment to achieve excellence. We do what we say and behave with integrity at all time. We will uphold the ethical standards of the company always. We respect each other and value every employee's contribution. Collaboration as a team is our motto and we celebrate small and big wins with appreciation.\r\nAction plan: \r\nBeing accountable, take responsibility\r\nSay what we do and do what we say\r\nWork as a team, help each other	5	1	1	1	NIL	NIL	NIL	178	7	1776097184
95	Integrity	At Denselight, we take pride in every job that we do by having the highest level of honesty and openness. We cultivate our entrepreneurial drive as a means to remain flexible., agile and willingness to change. We are passionate about DenseLight and have a never-say-die attitude!\r\nAction plan:\r\nBeing a team member and contribute to the team with best of knowledge\r\nFollow company policy and rules, and respecting others.\r\nBe patient	5	1	1	1	NIL	NIL	NIL	178	8	1776097184
97	Alu DFB Qual in Denton I29	The development of non hermetic coating solutions will enhance our products into next level	25	1	1	1	NIL	NIL	NIL	209	6	1723530200
100	I support the new joiners to learn processes and involve into work as early as they can	I support new joiners in my team as well as the NPD, PE etc.	10	1	1	1	NIL	NIL	NIL	209	9	1723530200
102	New product development	To support and provide solutions for new product developments  8-pin TO cans, narrow linewidth FBGL lasers, etc.	33	1	1	1	NIL	NIL	NIL	188	6	50985924
103	Team communication	To communicate and to facilitate requirements from engineering teams to the various subcons. To learn technical details on new product requirements to ease communication to subcons and internal team members.	33	1	1	1	NIL	NIL	NIL	188	7	50985924
104	Solutions across platforms	To look for solutions across multiple disciplines (mechanical, electrical, optical) and to remain open to ideas from colleagues	33	1	1	1	NIL	NIL	NIL	188	8	50985924
105	Process Discipline	Ensure discipline in any process flow and module change so as not to affect final product quality and reliability.	20	1	1	1	NIL	NIL	NIL	219	6	439847763
106	Communication	Spend more time discussing and communicating with fellow engineers on process engineering and development.	20	1	1	1	NIL	NIL	NIL	219	7	439847763
107	Tenacity in Process Development	Continue to pursue NPI process integration development regardless of setbacks.	20	1	1	1	NIL	NIL	NIL	219	8	439847763
108	Develop Team Expertise	Guide team to build expertise in process integration development.	20	1	1	1	NIL	NIL	NIL	219	9	439847763
109	Motivate Team to Achieve Development Goals	Motivate team to achieve process development goals and support revenue generation.	20	1	1	1	NIL	NIL	NIL	219	10	439847763
113	Ensure QA involvement in all facet of DLS operations to ensure the best possible quality outcome	Provide information to stakeholders by providing factual data which comes from reliable database/sources	30	1	1	1	NIL	NIL	NIL	156	6	1224448967
114	Ensure that all non-conforming materials are address and given a disposition on time	Ensure the completion of the critical projects that will help the company in the digital transformation	30	1	1	1	NIL	NIL	NIL	156	7	1224448967
115	Ensure that commitment is follow thoroughly to accomplish the desire results	Provide commitment date and give top priority and advise all stakeholder in advance if the commitment cannot meet	40	1	1	1	NIL	NIL	NIL	156	8	1224448967
110	Alignment of DenseLight solutions to Customers needs	Work attentively with DLS sales & mkt and NPD colleagues to customers inputs to ensure that their specs and application requirements are well understood and properly supported by our proposed solutions	35	1	1	1	NIL	NIL	NIL	158	6	1135328161
111	Technology mentorship to all DenseLight colleagues	Proactive in providing technical guidance to all technology and operation groups and colleagues	35	1	1	1	NIL	NIL	NIL	158	7	1135328161
112	Focus on meeting Stakeholders goals	To continue communicate our shared belief and aspiration in shaping DenseLight towards IPO	30	1	1	1	NIL	NIL	NIL	158	8	1135328161
117	Commitment	Be accountable, positive thinking and deliver on time	20	1	1	1	NIL	NIL	NIL	192	7	206959734
116	Customer first and Quality mindset	Always stick to customer first and quality mindset	20	1	1	1	NIL	NIL	NIL	192	6	206959734
119	Integrity	Always be honest, open mind, flexible and willingness to change.	20	1	1	1	NIL	NIL	NIL	192	8	206959734
96	25G coating Qual (Alu DFB) in Denton I29	Inhouse coating development for 25G can make us competitive in market in terms of performance and price	15	1	1	1	NIL	NIL	NIL	209	6	1723530200
98	Containment actions for coating related issues	Immediate containment actions for the all the Thin film deposition/ coating process related issues which helps the operations& manufacturing to ship the products on time.\r\n1. NML peel off issues resolved in a month\r\n2. Found the possible causes and added more checks to the AR coating peel off issues.\r\n3. OSA & LIV failures due to Coating Jig contaminations were rectified\r\n4. Support manufacturing for the RTP issues, Shower head change, E-Beam process optimizations	20	1	1	1	NIL	NIL	NIL	209	7	1723530200
99	Passionate about the work I am doing	I am extremely passionate and truthful to my job. \r\nI like the way things moving & would like to increase the speed in coming years. \r\nThe challenges are the stepping stone for tomorrows success and we will succeed.	10	1	1	1	NIL	NIL	NIL	209	8	1723530200
186	Plan production schedule according to sales forecast. Monitor the execution of production plan and work with team to resolve any potential issue that delays the customer schedule. Escalate road blocks to management.		100	1	1	1	NIL	NIL	NIL	213	7	426739617
121	We are accountable in our commitment to achieve excellence.  We do what we say and behave with integrity at all time. We will uphold the ethical standards of the company always.  We respect each other and value every employees contribution.  Collaboration as a team is our motto and we celebrate small and big wins with appreciation.	1.\tAlways be committed to timelines and tasks as communicated with the team.\r\n2.\tAlways report transparently with ethical data \r\n3.\tRepresent Denselight Semiconductors with pride and professionalism	20	1	1	1	NIL	NIL	NIL	200	7	1777433913
122	At DenseLight, we take pride in every job that we do by having the highest level of honesty and openness. We cultivate our entrepreneurial drive as a means to remain flexible, agile and willingness to change. We are passionate about DenseLight and have a never-say-die attitude!	1.\tBe responsible and committed to the task assigned with your team members\r\n2.\tAlways strive to be the subject matter expert in your field of work. \r\n3.\tConstantly innovate and improve	20	1	1	1	NIL	NIL	NIL	200	8	1777433913
123	Ability to transfer expertise and build the long-term leadership capability of others by teaching, coaching and/or mentoring	1. Conduct cross-department sharing sessions\r\n2. Conduct cross-training of simulation and design software for Product Engineers\r\n3. Peer coaching of fellow colleagues.	20	1	1	1	NIL	NIL	NIL	200	9	1777433913
124	Ensure that the team is focused, motivated and inspired to achieve organizational objectives	1. Take the lead and responsibility in completing own action items accountable to the team.\r\n2. Take the lead to organise and coordinate the team for schedule and work plan.\r\n3. Take initiative to motivate and drive the team to focus and achieve success in final objectives.	20	1	1	1	NIL	NIL	NIL	200	10	1777433913
120	Our customers, come first. We will strive to provide them with superior innovative products and will continuously improve their quality that will in turn see us win in our end markets.	1.\tStrive for excellence in quality and functionality in all of our products   \r\n2.\tTimely delivery\r\n3.\tBe effective in customer feedback to product iteration\r\n4.\tProvide relevant and effective technical sales support to our customers	20	1	1	1	NIL	NIL	NIL	200	6	1777433913
125	Customer First Mindset	Our customers, come first. We will strive to provide them with superior innovative products and will continuously improve their quality that will in turn see us win in our end markets.	34	1	1	1	NIL	NIL	NIL	171	6	9327697
127	Integrity with Passion & Tenacity	At DenseLight, we take pride in every job that we do by having the highest level of honesty and openness.\r\nWe cultivate our entrepreneurial drive as a means to remain flexible, agile and willingness to change.\r\nWe are passionate about DenseLight and have a never-say-die attitude!	33	1	1	1	NIL	NIL	NIL	171	8	9327697
126	Commitment to You	We are accountable in our commitment to achieve excellence.\r\nWe do what we say and behave with integrity at all time.\r\nWe will uphold the ethical standards of the company always.\r\nWe respect each other and value every employees contribution.\r\nCollaboration as a team is our motto and we celebrate small and big wins with appreciation.	33	1	1	1	NIL	NIL	NIL	171	7	9327697
128	Provide customers' request to internal team on time.	Provide customers' request to internal team on time.	40	1	1	1	NIL	NIL	NIL	195	6	1369735000
129	Work with different departments( NPD, Operation etc) as one team to win business.	Work with different departments( NPD, Operation etc) as one team to win business.	40	1	1	1	NIL	NIL	NIL	195	7	1369735000
130	Do it actively and never give up when facing customers.	Do it actively and never give up when facing customers.	20	1	1	1	NIL	NIL	NIL	195	8	1369735000
101	Motivation support and inspiration via daily Process meetings	I believe, I have personally learned (and learning) the FAB B processes and inter module activities through the Daily process meetings.  \r\nThe platform is to learn, analyze, brainstorm, understand in-depth, different perspective of problems and make discussions for the the problems we face day to day processing runs.	20	1	1	1	NIL	NIL	NIL	209	10	1723530200
131	Ability to meet or exceed customer service needs and expectations and provide excellent service in a direct or indirect manner.	Smooth co-operation with all that need assistance wit epi/wafer related problems	30	1	1	1	NIL	NIL	NIL	211	6	1510925941
132	Take pride in your work and strive to deliver the best possible results.	Take my job duties seriously and continually strive for excellence and maximum productivity. \r\nMaking Fab A, a place where people work with passion and engagement	40	1	1	1	NIL	NIL	NIL	211	7	1510925941
133	Gains the trust of others by taking responsibility for own actions and being honest	Take responsibility of my actions, always be willing to go the extra mile in work	30	1	1	1	NIL	NIL	NIL	211	8	1510925941
134	Improve the communication with Fab B	As a part of Fab A, we are highly interdependent with Fab B on various tasks. I will try to improve the work flow between Fab A and Fab B as smooth as possible	100	1	1	1	NIL	NIL	NIL	179	8	1906914592
135	Internal and External Customer First Mindset	To work well with colleagues and vendors to achieve my/team's/department's objectives by:\r\n1) prioritising to meet the deadlines\r\n2) serving with a good quality	33	1	1	1	NIL	NIL	NIL	234	6	2076006951
136	Quality results	Produce results with integrity, ethical standards, collaboration and dedication.	33	1	1	1	NIL	NIL	NIL	234	7	2076006951
137	Be a team player	Taking initiative in view of risk mitigation.\r\nShowing integrity to the team and coworkers.\r\nRespecting each other.	34	1	1	1	NIL	NIL	NIL	234	8	2076006951
140	Integrity with Passion	- To accept new challenges and work out of my comfort zone to contribute my best in each functional team that I supporting with the aim to increase DenseLight presence in the global marketplace.	30	1	1	1	NIL	NIL	NIL	207	8	1779366736
139	Commitment to You	- To be an effective ambassador for CEO and act as a conduit for managing many competing priorities and find smarter ways of getting things done.	30	1	1	1	NIL	NIL	NIL	207	7	1779366736
138	Customer First Mindset	- Work with the Sales, engineering and production team to win the deals.\r\n- Work with PPC to ensure customer orders are deliver as per our committed ship date.\r\n- Uses social platforms to help DenseLight to connect with the customers	40	1	1	1	NIL	NIL	NIL	207	6	1779366736
141	Provide products and supports above their expectation.	Always try to provide customers best products, and provide supports above their expectation.	40	1	1	1	NIL	NIL	NIL	157	6	25957709
142	Keep my commitment and behave with integrity.	Keep my commitment and behave with integrity.	30	1	1	1	NIL	NIL	NIL	157	7	25957709
143	Motivate people and ensure the team achieve our goal.	Motivate people and ensure the team achieve our goal.	30	1	1	1	NIL	NIL	NIL	157	10	25957709
183	APT Manufacturing	To promote ownership, team collaboration and transparency culture  for operators.	33	1	1	1	NIL	NIL	NIL	159	8	689543953
144	Action plan: Strive to  (a)\tbe open and be willing to listen and flexible to change (b)\tbe entrepreneurial in willingness to take calculated risks to achieve key objectives	Action plan: Strive to \r\n(a)\tbe open and be willing to listen and flexible to change\r\n(b)\tbe entrepreneurial in willingness to take calculated risks to achieve key objectives	30	1	1	1	NIL	NIL	NIL	205	8	1602769597
145	Commitment To You	Action plan: Strive to \r\n(a)\tdo it right the first time\r\n(b)\tachieve excellence the first time we do it\r\n(c)\tdo what we say to uphold integrity\r\n(d)\trespect and value contributions from other team members	30	1	1	1	NIL	NIL	NIL	205	7	1602769597
146	Customer Mindset	Action plan: Strive to \r\n(1) provide customer with products that are superior in performance, matching the requirement in product specification, \r\n(b) communicate to customer with clarity, succinct and focus to the point	30	1	1	1	NIL	NIL	NIL	205	10	1602769597
151	Spirit To Win	\tDrive initiatives and take smart risks to achieve our goals.\r\n\tTo believe that excellence is achievable if we put our hearts and minds to achieve it. \r\n\tTo know that change is needed to improve situations. \r\n\tTo set out goals and do what it takes to attain them. \r\n\tTo challenge oneself continuously by setting higher targets after achieving the last set target	20	1	1	1	NIL	NIL	NIL	249	10	5
49	Our customers, come first. We will strive to provide them with superior innovative products and will continuously improve their quality that will in turn see us win in our end markets.	\tTo ensure all actions, improvement projects and plans are to ensure equipment are perform to its best capability to support the customers need.\r\n\tEnsure proper communication and understanding from your customers need, ensure 100% follow up for any committed actions. \r\n\tEnsure all identified CA and PA are implemented and closed. Ensure implementation actions are feasible and effective.	20	1	1	1	NIL	NIL	NIL	249	6	5
156	Manage, leads and enables the process of developing excellence mindset and seek continuous improvement to contribute to company's need	\tBe punctual and adhere to company and fab rules. To inform by phone when needs to go for MC. Do not leave company early and do not have extended break time.\r\n\tDon't do anything which is unrelated to work during your working hour.\r\n\tWhen activated during times of need at work place, must be able to respond and come back if required.\r\n\tAlways stay contactable\r\n\tMotivate and be motivated by a passion to compete and win. Drive initiatives and take smart risks to achieve our goals.\r\n\tSet parameters so actions and decisions can be taken by employees.Take initiative to decide, act and be accountable within the parameters given.	20	1	1	1	NIL	NIL	NIL	160	7	52374544
155	Take personal responsibility and commitment for the quality and wafer cycle time to meet customer expectation.re carried out and to ensure the entire MFG team are performing to its best capability to support the customers need.	 Ensure all actions, improvement projects are carried out and to ensure the entire MFG team are performing to its best capability to support the customers need.\r\n-  Ensure proper communication and understanding from your customers need, ensure 100% follow up for any committed actions. \r\n\tEnsure all identified CA and PA are implemented and closed. Ensure implementation actions are feasible and effective.	20	1	1	1	NIL	NIL	NIL	160	6	52374544
157	Has always adapt to changing business need, condition and customer demand and work responsibilities with individual and group to meet the requirement	\tFeedback timely if goals are not able to achieve so that appropriate action can be taken. \r\n\tPatiently listen to other problem; show more tolerance to accept reasonable explanation. \r\n\tBe patient to listen to others suggestions and give yourself time before giving answer that you might not be sure. \r\n\tSpeak up you views, allow debate and ultimate buy off by everybody and move as a team. \r\n\tMaintain the highest standards of fairness, honesty, and transparency in everything we do, be it Technologically, Socially, Environmentally, As an Employer, As a Supplier, As a Partner	20	1	1	1	NIL	NIL	NIL	160	8	52374544
158	Assigned training for team member are follow through closely with certification.	1.\tTo manage align the operation requirement between the Equipment, Process and Manufacturing teams to ultimately foster long term sustainability in terms of Morale and Synergy.  \r\n2.\tTo take the lead by being fair and sensitive to the other teams needs and indices. This will foster trust and improved co-operation. The subordinates will see and learn that win-win situations can be achieve, thereby following suit. \r\n3.\tTo increase contact with the Process and Equip engineers, to have balanced points of views. This will enhance the working relationships with understanding each other's problems and concerns. \r\n4.\tTo increase the contact with the subordinate to listen to their feedback and problems. Avoid finger pointing to them unnecessary to foster trust. This gives the subordinate the feeling that they are being heard and that their feedback is of value, which will encourage them to speak up and uplifts their self worth and foster ownership. \r\n5.\t Carry out individual conversation. Understand their issues and problems, but at the same time truthfully tell them their standing, strengths and weaknesses. Tell them on which areas to improve on. \r\n6.\tMet out punishments and rewards appropriately. This will create role models and also real life examples of wrong-doings. In managing the team, being firm and fair is the key.	20	1	1	1	NIL	NIL	NIL	160	9	52374544
159	Closely following-up with operation status (operators, equipment, WIP status, planning,...) to assure meeting targets.	\tTo ensure all actions, improvement projects and plans are to ensure the entire MFG team are perform to its best capability to support the customers need.\r\n\tEnsure proper communication and understanding from your customers need, ensure 100% follow up for any committed actions. \r\n\tEnsure all identified CA and PA are implemented and closed. Ensure implementation actions are feasible and effective.	35	1	1	1	NIL	NIL	NIL	208	6	1921197435
153	Commitment to You	We are accountable in our commitment to achieve excellence.  We do what we say and behave with integrity at all time. We will uphold the ethical standards of the company always.  We respect each other and value every employees contribution.  Collaboration as a team is our motto and we celebrate small and big wins with appreciation.\r\n \r\nAction plan:\r\nBroaden collaborative partnership within team through open communication channel.	40	1	1	1	NIL	NIL	NIL	189	7	1087181548
154	Integrity with Passion	At DenseLight, we take pride in every job that we do by having the highest level of honesty and openness. We cultivate our entrepreneurial drive as a means to remain flexible, agile and willingness to change. We are passionate about DenseLight and have a never-say-die attitude!\r\nAction plan:\r\nCreating innovation sandbox to tested, trial and field test new processes and initiatives.	20	1	1	1	NIL	NIL	NIL	189	8	1087181548
184	Provide good quality, be more responsive and improve delivery to internal and external customers desires and needs.		100	1	1	1	NIL	NIL	NIL	213	6	426739617
160	Strictly following fab disciplines and always response to Fab operation's need	\tBe punctual and adhere to company and fab rules. To inform by phone when needs to go for MC. Do not leave company early and do not have extended break time.\r\n\tDon't do anything which is unrelated to work during your working hour.\r\n\tWhen activated during times of need at work place, must be able to respond and come back if required.\r\n\tAlways stay contactable	35	1	1	1	NIL	NIL	NIL	208	7	1921197435
161	Focus on common goals, open mindset	\tFeedback timely if goal are not able to achieve so that appropriate action can be taken. \r\n\tPatiently listen to other problem; show more tolerance to accept reasonable explanation. \r\n\tBe patient to listen to others suggestions and give yourself time before giving answer that you might not be sure. \r\n\tSpeak up you views, allow debate and ultimate buy off by everybody and move as a team.	30	1	1	1	NIL	NIL	NIL	208	8	1921197435
164	Integrity with Passion	At DenseLight, we take pride in every job that we do by having the highest level of honesty and openness. We cultivate our entrepreneurial drive as a means to remain flexible, agile and willingness to change. We are passionate about DenseLight and have a never-say-die attitude! \r\n\r\nAction plan:\r\nCreating innovation sandbox to tested, trial and field test new processes and initiatives.	30	1	1	1	NIL	NIL	NIL	237	8	22592094
162	Customer Mindset	Our customers, come first. We will strive to provide them with superior innovative products and will continuously improve their quality that will in turn see us win in our end markets.\r\n\r\nAction plan: \r\nCommunicating with team. Clear and open communication within team to align team with customers needs. Accept feedback early to preempt issues and roadblocks.	30	1	1	1	NIL	NIL	NIL	237	6	22592094
178	We are accountable in our commitment to achieve excellence.  We do what we say and behave with integrity at all time. We will uphold the ethical standards of the company always.  We respect each other and value every employees contribution.  Collaboration as a team is our motto and we celebrate small and big wins with appreciation.	\tBe punctual and adhere to company and fab rules. To inform by phone when needs to go for MC. Do not leave company early and do not have extended break time.\r\n\tDon't do anything which is unrelated to work during your working hour.\r\n\tWhen activated during times of need at work place, must be able to respond and come back if required.\r\n\tAlways stay contactable	25	1	1	1	NIL	NIL	NIL	197	7	1017729787
163	Commitment to You	We are accountable in our commitment to achieve excellence.  We do what we say and behave with integrity at all time. We will uphold the ethical standards of the company always.  We respect each other and value every employees contribution.  Collaboration as a team is our motto and we celebrate small and big wins with appreciation.\r\n \r\nAction plan:\r\nBroaden collaborative partnership within team through open communication channel.	30	1	1	1	NIL	NIL	NIL	237	7	22592094
166	Collaboration as a team.	1)\tContinue working with Product and NPI to release new ILM boxes / Address Box issues.	1	1	1	1	NIL	NIL	NIL	177	7	1913240580
165	Our customers, come first	1)\tContinue to work with cross functional departments to address customer issues such as RMAs and product support.	1	1	1	1	NIL	NIL	NIL	177	6	1913240580
167	we take pride in every job that we do	1.\tFollow through with proper procedure and specifications when manufacturing.	1	1	1	1	NIL	NIL	NIL	177	8	1913240580
152	Customer Mindset	Our customers, come first. We will strive to provide them with superior innovative products and will continuously improve their quality that will in turn see us win in our end markets.\r\n\r\nAction plan: \r\nCommunicating with team. Clear and open communication within team to align team with customers needs. Accept feedback early to preempt issues and roadblocks.	40	1	1	1	NIL	NIL	NIL	189	6	1087181548
168	Collaboration improvement	To achieve and provide timely feedback on the engineering task to support the new prototypes\r\nbuilding.	40	1	1	1	NIL	NIL	NIL	167	7	973701598
169	Provide transparency and information clearly	Provided clear data analysis in yield meeting to tackle and resolve current assembly yield issues.	30	1	1	1	NIL	NIL	NIL	167	8	973701598
170	Improve communication	Team restructuring and development through cross training	30	1	1	1	NIL	NIL	NIL	167	10	973701598
171	Wip Visibility thru ODOO for Fab A and APT	To provide support thru visibility which then would enable expediting and producing quality shipment of new products, from MOCVD growth scheduling, Fab B and right thru APT, ext mfg and final test for shipment	40	1	1	1	NIL	NIL	NIL	162	6	1982477965
172	Build team spirit	Sit in occasionally in the 5pm operations meeting to contribute suggestions and recommendations to improve overall collaborations between teams and foster teamwork	30	1	1	1	NIL	NIL	NIL	162	7	1982477965
173	Improve OTD as a way of life	To promote DIFOT (Deliver in full on time) amongst my team and myself	30	1	1	1	NIL	NIL	NIL	162	8	1982477965
175	Deliver as commit and find ways.	Deliver parts as per commit date and find ways to bridge that gap if any disruption to meet it.	30	1	1	1	NIL	NIL	NIL	215	7	161961016
177	Our customers, come first. We will strive to provide them with superior innovative products and will continuously improve their quality that will in turn see us win in our end markets.	\tTo ensure all actions, improvement projects and plans are to ensure equipment are perform to its best capability to support the customers need.\r\n\tEnsure proper communication and understanding from your customers need, ensure 100% follow up for any committed actions. \r\n\tEnsure all identified CA and PA are implemented and closed. Ensure implementation actions are feasible and effective.	25	1	1	1	NIL	NIL	NIL	197	6	1017729787
179	At DenseLight, we take pride in every job that we do by having the highest level of honesty and openness. We cultivate our entrepreneurial drive as a means to remain flexible, agile and willingness to change. We are passionate about DenseLight and have a never-say-die attitude!	\tFeedback timely if goal are not able to achieve so that appropriate action can be taken. \r\n\tPatiently listen to other problem; show more tolerance to accept reasonable explanation. \r\n\tBe patient to listen to others suggestions and give yourself time before giving answer that you might not be sure. \r\n\tSpeak up you views, allow debate and ultimate buy off by everybody and move as a team.	10	1	1	1	NIL	NIL	NIL	197	8	1017729787
180	APT Manufacturing	Escalate any quality issue in the production line and work closely with engineering team for closure in a timely manner.	34	1	1	1	NIL	NIL	NIL	159	6	689543953
182	APT Manufacturing	Working with PPC, PE, NPD, Wafer fab, and HR as a team to achieving Denselight's corporate goals.	33	1	1	1	NIL	NIL	NIL	159	7	689543953
185	Be positive, flexible and open minded to adopt the changes for better future of Denselight. Respect others and work as team to resolve the issues.		100	1	1	1	NIL	NIL	NIL	213	8	426739617
187	Customer obsession by delighting them through on time delivery of quality parts.	meet and deliver as per commit date	50	1	1	1	NIL	NIL	NIL	215	6	161961016
176	Deliver attune to customer needs while driving help achieve company goals.	work with cross-functional team to develop solution and organizational efficiencies	20	1	1	1	NIL	NIL	NIL	215	8	161961016
188	Flexibility and Core competency	Fast integration on Bar testing, Burn-in and other process to support productions/engineering build.	40	1	1	1	NIL	NIL	NIL	181	6	1536568573
189	Flexibility and Core competency	Hand-on training on burn-in oven to able to fix issues and restore the loss capacity.	30	1	1	1	NIL	NIL	NIL	181	7	1536568573
190	Teamwork	Review and Analyze the existing data for production and engineering build.  Then come up with Improvement plan on system and data baseline analysis.\r\n\r\nHighly committed for fixing recurring issues through improvement. Example of this are Die Bond long downtime with very old HDD and also replacement of Keithley Spheres into Newport spheres.\r\n\r\nWorking out to simplify SPC and Documentations	30	1	1	1	NIL	NIL	NIL	181	8	1536568573
181	quality against time	We, ILM, might commitment to build box with quality not target on time. We can manage if follow up process, step by step on time.\r\nNeed to discuss between teams which including before accept any order esp. new order.	50	1	1	1	NIL	NIL	NIL	220	7	231731743
193	Leadership & teamwork	- Lead by example by showing the team good working attitude, creativity, and going the extra mile.\r\n- Constant team motivation by holding regular discussions and meetings to encourage openness of ideas and allow them to voice their feedback.	20	1	1	1	NIL	NIL	NIL	196	10	2047523461
192	Work commitment & integrity	- Positive working attitude and honesty. \r\n- Work commitment to complete the job satisfactorily. \r\n- Constant self-improvement and innovation to achieve department targets and goals. \r\n- Follow company's policies and instructions, and encourage my team to do the same.	20	1	1	1	NIL	NIL	NIL	196	7	2047523461
191	Customer oriented	- Support internal customer to deliver EHS & facility services effectively. \r\n- Maintain professionalism and a friendly relationship with the customers. \r\n- Listen and note customers feedback and apply to service promptly, where possible and reasonable.	20	1	1	1	NIL	NIL	NIL	196	6	2047523461
197	Demonstrate commitment in leading NPI program	Commitment in leading 1310nm low PDG SOA and 1310nm low DOP SLED team & support technical lead to achieve full characterization needed in program objectives.	50	1	1	1	NIL	NIL	NIL	204	7	480020115
198	Demonstrate Passion & tenacity in program execution	Drive result per project plan & meet or exceed timeline expected. Promote collaboration among team members to achieve common objectives of organization.	50	1	1	1	NIL	NIL	NIL	204	8	480020115
199	Deliver devices/wafer better than expected from customers	Improve epi structure/growth wafers to have devices performing.	50	1	1	1	NIL	NIL	NIL	163	6	1373136557
200	Trust and gain trust from team members, managers		30	1	1	1	NIL	NIL	NIL	163	8	1373136557
210	Seeing your Coworkers as Customers and attend to their request and provide commitment	Had tried very best to accommodate all Customers / Coworkers requests and solved some issues with communication and solutions.	100	1	1	1	NIL	NIL	NIL	164	6	1428738048
211	1.\tTo plan and schedule work load to meet commitment completion date	Had tried very best to meet Time Lines of work load plans and schedules.	100	1	1	1	NIL	NIL	NIL	164	7	1428738048
201	Transfer knowledge to other process engineer and equipment engineer	Train Uma in MOCVD process; \r\nTrain Hameed to understand MOCVD from basic to advance levels.	20	1	1	1	NIL	NIL	NIL	163	9	1373136557
196	Development of In-house Knowledge base	To develop and maintain in-house knowledge base of various technical aspects of projects concerned.\r\nThis is achieved by active documentation and building and launching of documentation platform using wikimedia.\r\nhttp://dlvas/mediawiki/index.php?title=Main_Page	100	1	1	1	NIL	NIL	NIL	183	9	711389827
212	1.\tTo ensure what is being committed will be completed otherwise will inform or advise if commitment cannot be fulfilled.	What have committed has been done accordingly and within time lines given.	100	1	1	1	NIL	NIL	NIL	164	8	1428738048
195	Principled person, adheres to high standards	- Love every job and perform it to the highest standard. \r\n- Flexible, passionate for innovation and adaptable to new improvements.\r\n- On-time submission of reports and on-time completion of projects and tasks.	20	1	1	1	NIL	NIL	NIL	196	8	2047523461
194	Ability to train and coach effectively	- Share ideas and knowledge with my team by conducting trainings.\r\n- Ensure transfer and retention of knowledge by encouraging the practice of the practical skills shared during trainings.\r\n- Help the team to develop their situational awareness of unsafe conditions to improve their leadership qualities and decision making skills.	20	1	1	1	NIL	NIL	NIL	196	9	2047523461
204	Improve Company's Branding	Upload Denselight core values with fairness to all employees (regardless of rank) by giving feedback to anyone if seen to waiver from the values	30	1	1	1	NIL	NIL	NIL	256	8	534558467
205	Improve Company's Branding	Develop a new HR team to excel in business partnering.	30	1	1	1	NIL	NIL	NIL	256	7	534558467
206	Reduce Turnover	Provide regular feedback to HODs on their 'People Issues'.	40	1	1	1	NIL	NIL	NIL	256	6	534558467
207	Focus on meeting Stakeholders goals	To continue communicate our shared belief and aspiration in shaping DenseLight towards IPO	30	1	1	1	NIL	NIL	NIL	258	8	1135328161
208	Technology mentorship to all DenseLight colleagues	Proactive in providing technical guidance to all technology and operation groups and colleagues	35	1	1	1	NIL	NIL	NIL	258	7	1135328161
209	Alignment of DenseLight solutions to Customers needs	Work attentively with DLS sales & mkt and NPD colleagues to customers inputs to ensure that their specs and application requirements are well understood and properly supported by our proposed solutions	35	1	1	1	NIL	NIL	NIL	258	6	1135328161
213	Integrity with Passion & Tenacity	 Feedback timely if goal are not able to achieve so that appropriate action can be taken.  Patiently listen to other problem; show more tolerance to accept reasonable explanation.  Be patient to listen to others suggestions and give yourself time before giving answer that you might not be sure.  Speak up you views, allow debate and ultimate buy off by everybody and move as a team.	5	1	1	1	NIL	NIL	NIL	259	8	135493917
214	Commitment to You	- Broaden collaborative partnership within team through open communication channel. - Intensify efforts to create greater ownership of tasks and responsibilities.	10	1	1	1	NIL	NIL	NIL	259	7	135493917
215	Customer Mindset	 To ensure all actions, improvement projects and plans are to ensure MFG and equipment are able to perform to its best capability to support the customers need.  Ensure proper communication and understanding from customers need, ensure 100% follow up for any committed actions.  Ensure all identified CA and PA are implemented and closed. Ensure implementation actions are feasible and effective.	10	1	1	1	NIL	NIL	NIL	259	6	135493917
216	Always meeting customers needs.	Smooth cooperation with all that need assistance with wafer related problems.	40	1	1	1	NIL	NIL	NIL	190	6	1598293097
219	Branding & Marketing	Work with all the internal stake holders (PE, NPI, IT) to enhance DenseLights online presence, by presenting accurate and up to date information. Drive DenseLights branding efforts by showcasing individuals expertise such that DenseLight is seen as a technology leader.	30	1	1	1	NIL	NIL	NIL	260	8	985791817
220	Active participation in Product Council	Be an active part of the product council. Ensure the council has all the relevant market information to make an investment decision. Work with both China & the ROW sales team to deliver these inputs from the field.	30	1	1	1	NIL	NIL	NIL	260	7	985791817
221	Working with internal teams to win new designs at customer	Work with the engineering & production teams to deliver NPI to key customers, and work with ROW sales teams to win new designs. Ensure that what we commit to deliver is within our capability, and work to set customer expectations early in these deals	40	1	1	1	NIL	NIL	NIL	260	6	985791817
222	Ensure no finance violations	Monitor and ensure there is no finance violations within the company	30	1	1	1	NIL	NIL	NIL	261	8	988735390
223	Sharing of PNL with analysis and cost review in staff meeting	Sharing of PNL with analysis with staff and to the Fab A, B and APT owner on the regular basis.	30	1	1	1	NIL	NIL	NIL	261	7	988735390
224	Zero complaint on account receivable from customer	Ensure there is no complaint on account receivable from customer by providing timely and accurate account receivable.	30	1	1	1	NIL	NIL	NIL	261	6	988735390
225	Small wins lead to big gains	1. Daily 930 pow wow with entire NPD team to motivate and keep track of achievements for weekly targets 2. Send weekly targets to entire NPD team to help them focus 3. Lead by example to show them that everyone matters and that everyone has a role to play and contribute. Provide daily examples and suggestions to improve and at meetings	20	1	1	1	NIL	NIL	NIL	262	10	430837474
226	Efficiency and Urgency	1. Continual encouragement of urgency in getting revenue with existing and innovative technology. 2. If possible, offer innovative and creative ideas to both customer for continual interest and opportunities. Not to give up unless customer gives up. 3. Encourage team to take ownership daily and think creatively to resolve issues if required.	20	1	1	1	NIL	NIL	NIL	262	8	430837474
227	Communications and Engagement with external and internal parties	1. Communicate effectively and diplomatically 2. Provide response to parties within 24hrs (if urgent) and within a week of deadlines 3. Transparency of execution. Communication on common platform with entire NPD team. 4. Do as i say and say as i do whilst engaging with my team and peers.	20	1	1	1	NIL	NIL	NIL	262	7	430837474
228	Work closely with sales team, CTO and market reports	1. Getting involve with revenue meetings to understanding existing and new sales opportunities 2. Regular meetings with sales team and CTO to determine current product performance and health. 3. Being involve with KFA 2.4 to understand and provide inputs to company's product marketing strategy 4. Engaging customers with Sales team both technically and commercially.	20	1	1	1	NIL	NIL	NIL	262	6	430837474
229	accountability to achieve excellence to our customers	Gaps are there in the quality of wafers coming out of Fab B. Set individual tasks to my team to ensure we give consistent quality wafers.	30	1	1	1	NIL	NIL	NIL	263	7	324340084
230	High level of honesty and openness	i) create an environment to share and solve problems together. ii) Learnings from one program to be shared across all programs to ensure same issues are not repeated.	30	1	1	1	NIL	NIL	NIL	263	8	324340084
231	1st time right, sense of urgency and quality of execution	i) Proper planning and execution of critical customer programs to ensure we deliver as per plan and within the timeline. ii) Appraised team on the need to react fast and show sense of urgency. Proper execution for 1st time right	40	1	1	1	NIL	NIL	NIL	263	6	324340084
232	Mentor and coach team leads to take on more leadership role in the organization		25	1	1	1	NIL	NIL	NIL	264	9	759336758
233	Promote a culture of ownership, collaboration and transparency.		25	1	1	1	NIL	NIL	NIL	264	8	759336758
234	Drive team to work together in achieving Denselights corporate goals.		25	1	1	1	NIL	NIL	NIL	264	7	759336758
235	Provide prompt quality response to both internal and external customers.		25	1	1	1	NIL	NIL	NIL	264	6	759336758
236	Motivate people and ensure the team achieve our goal.	Motivate people and ensure the team achieve our goal.	30	1	1	1	NIL	NIL	NIL	265	10	25957709
237	Keep my commitment and behave with integrity.	Keep my commitment and behave with integrity.	30	1	1	1	NIL	NIL	NIL	265	7	25957709
238	Provide products and supports above their expectation.	Always try to provide customers best products, and provide supports above their expectation.	40	1	1	1	NIL	NIL	NIL	265	6	25957709
217	To be able to work and contribute as a team.	Making Fab A a conducive environment not only for working but also for learning.	30	1	1	1	NIL	NIL	NIL	190	7	1598293097
218	Always striving to give your 100%	Making Fab A a learning environment where we learn from our mistakes and grow together as a team.	30	1	1	1	NIL	NIL	NIL	190	8	1598293097
240	Establish Organized Project Team Meeting Status Update and Plan	1. Review and Update of Project Deliverable with Core Team\r\n2. Summary Update of all Project Milestone/Delivery Review with the Management through PDM	30	1	1	1	NIL	NIL	NIL	170	7	1207021661
241	Translate Project Phase and Milestone/Deliverable into Revenue and Profit targets	Review and Update with Core Team All Project Deliverable/Milestones translated into Revenue and Profit Targets\r\n1. Initiate Business Case and Modeling with ROI template, Cost Modelling, and Development Cost inclusion into the PDM Process.\r\n2. On-Going implementation for 25G Program, rest of the Projects to follow-suit	30	1	1	1	NIL	NIL	NIL	170	8	1207021661
239	Implementation of PDM Process	1. Execution of NPD Phase  Process for each Project/Program\r\n2. Proper Documentation for each required Design/Process Structure\r\n3. Project/Program Alignment base on Customer commitments	40	1	1	1	NIL	NIL	NIL	170	6	1207021661
242	Core Values - Customer Mindset	Our customers, come first. We will strive to provide them with superior innovative products and will continuously improve their quality that will in turn see us win in our end markets.\r\n\r\nAction plan: \r\nCommunicating with team. Clear and open communication within team to align team with customers needs. Accept feedback early to preempt issues and roadblocks.	30	1	1	1	NIL	NIL	NIL	236	6	850138976
243	Core Values - Commitment to You	We are accountable in our commitment to achieve excellence.  We do what we say and behave with integrity at all time. We will uphold the ethical standards of the company always.  We respect each other and value every employees contribution.  Collaboration as a team is our motto and we celebrate small and big wins with appreciation.\r\n \r\nAction plan:\r\nBroaden collaborative partnership within team through open communication channel.	30	1	1	1	NIL	NIL	NIL	236	7	850138976
244	Core Values  Integrity with Passion	At DenseLight, we take pride in every job that we do by having the highest level of honesty and openness. We cultivate our entrepreneurial drive as a means to remain flexible, agile and willingness to change. We are passionate about DenseLight and have a never-say-die attitude! \r\n\r\nAction plan:\r\nCreating innovation sandbox to tested, trial and field test new processes and initiatives.	30	1	1	1	NIL	NIL	NIL	236	8	850138976
245	Customer Mindset	Our customers, come first. We will strive to provide them with superior innovative products and will\r\ncontinuously improve their quality that will in turn see us win in our end markets.	30	1	1	1	NIL	NIL	NIL	198	6	1941685512
246	Commitment to You	We are accountable in our commitment to achieve excellence. We do what we say and behave with integrity at\r\nall time. We will uphold the ethical standards of the company always. We respect each other and value every\r\nemployees contribution. Collaboration as a team is our motto and we celebrate small and big wins with\r\nappreciation.	30	1	1	1	NIL	NIL	NIL	198	7	1941685512
247	Integrity with Passion	At DenseLight, we take pride in every job that we do by having the highest level of honesty and openness. We\r\ncultivate our entrepreneurial drive as a means to remain flexible, agile and willingness to change. We are\r\npassionate about DenseLight and have a never-say-die attitude!	40	1	1	1	NIL	NIL	NIL	198	8	1941685512
257	Passion and interest in career	\tHonesty and Openness\r\nI iterate all my projects progress and to do checklist inside my Google Sheet Planner in order to be transparent. By doing so, my superior and higher management are aware of my progress and will advise me accordingly incase there is deviation in the projects direction. \r\n\tBeing Agile\r\nI will switch from one project to another based on the business needs, urgency and criticality. I am open to constant changes in project based on its urgency with my superiors consent and input. I am also vocal and opinionated in each of my actions and have the courage to voice out my thoughts to create an agile working environment between me, my peers and higher managements.\r\n\tPassionate\r\nI love my job. I always love coding and creating applications because it gives me satisfaction in delivering an automation tool that ease my clients workload. It also gives me joy to see, more and more people start approaching me to automate their manual procedures. I am so passionate to be in this work because I am being appreciated by my fellow superiors and the trust they have on me makes me motivated to deliver more. I have always dream of being a Programmer, I am so grateful that this company has given me this opportunity to be in the dream job I am always craved for.	30	1	1	1	NIL	NIL	NIL	214	8	1608216415
248	Deliver customer demands 100% on time and net promoter score 30% scoring 8-10 as customer experience	-Clear awareness of customer demands \r\n-Introduce new/modified disruptive performance compare to competitor \r\n- Deliver job on time\r\n- Keep monitoring the quality of the job	20	1	1	1	NIL	NIL	NIL	238	6	539619816
250	Honest and highly professional behavior	-Flexible towards changes and open for adaptation\r\n- Be positive\r\n-Showing integrity towards any relation to creating a WIN-WIN situation \r\n- passionate about work \r\n- Maintain work principle and discipline	20	1	1	1	NIL	NIL	NIL	238	8	539619816
251	Creating competent team	- Sharing and transferring the knowledge effectively\r\n- Mentoring colleagues who need the direction of coaching \r\n- Sharing the essence of team binding and care for each other\r\n- Understanding team members accountability and team achievement	20	1	1	1	NIL	NIL	NIL	238	9	539619816
252	Create values, not count values	- Building a focused competent team \r\n- Keeping in mind the company's   mission and product road map\r\n- Follow company philosophy \r\n- Accommodate different style of leadership based on the scenario \r\n- Follow the thumbs rule of Storming, forming, norming, and performing model \r\n- Use the SBI-I-D model	20	1	1	1	NIL	NIL	NIL	238	10	539619816
253	Product customization	Incorporating customers' requirements in new product design considerations and for derivative products\r\n  - mid-year: for at least 1 case; year-end: for at least 2 cases	50	1	1	1	NIL	NIL	NIL	150	6	1557152765
254	Engineer training	Continue to guide and mentor junior members of NPD/PE teams on optoelectronics and photonics background\r\n  - year-end: at least two new members in NPD/PE teams	35	1	1	1	NIL	NIL	NIL	150	7	1557152765
256	User Requirement	\tTo learn how to use the Right question so that I can understand what my client really looking forward  to use Kanban table to list down my user requirements\r\n\tTo have a Gantt chart using Agile & Scrum methodology  to follow the Software Cycle in accordance so that my clients will understand in each phase of my project\r\n\tTo email the Management to progressively update on the project	30	1	1	1	NIL	NIL	NIL	214	6	1608216415
255	DenseLight promotion	Continued drive to promote DenseLight to all local and overseas stakeholders (customers, vendors, suppliers, collaborators and partners)\r\n  - year-end: for at least 1 case	15	1	1	1	NIL	NIL	NIL	150	8	1557152765
274	Always open and honest about the performance of our devices and schedules to the management and flexibility and agility to provide solutions and meet deadlines	Always share the actual status of the progress of the projects and performance of the devices being developed with the management. \r\nIf there is a delay in the schedule, will work outside working hours as well as go to the ground to help push and drive the completion of different stages of work. Share purpose and reasons for the expedition with the working level to help facilitate and speed up the work done especially in delivering samples to the customer.	33	1	1	1	NIL	NIL	NIL	172	8	364472470
258	Accountable for committed tasks	\tBeing Accountable:\r\n-\tTo actively follow up with my fellow clients if they are facing any issue when using the system\r\n-\tApart from job scope, if there is any issues happening in office premises, I will inform HR or management if its beyond my capability to solve it\r\n\tUpholding Integrity:\r\n-\tI anticipate earlier of some dead ends in my projects and will inform my clients on what are the consequences they might be facing if we proceed the pathway. I will counter propose to them what are the possibilities to achieve the goal of the projects in alternative ways. By doing this, I am being cautious and act with integrity to save my clients time and effort.\r\n\tUpholding Ethical standards\r\n-\tI use the software that are compatible with companys licensed standards. All the company solutions and created projects, are only kept within the company premises; in the company server. \r\n-\tApart from job related, I also do not disclose any passwords to any other employees without Ryan or Julius permission. \r\n\tRespect and value other employees\r\n-\tI value each of the employees opinion and talk with respect with all my colleagues and pay attention when they have points to contribute. I attend meetings, trainings and presentation that I am invited to without bailing off. Especially all the trainings/events that Christine has arranged, I value her effort and attend to support her idea in bringing a brighter culture in this company. I also attend Rachels arranged training by Dr Chan to understand about the Denselight products. \r\n-\tI have sent acknowledgement emails to Subbu and respective team manager to recognize some employees efforts such as John helping me in understanding about Litho process in depth.\r\n\tBeing Collaborative in Teamwork\r\n-\tI love being in teamwork. Once my team mate, Ryan has shared his advice of more brain, the better it is! I do agree with his statement and always approach the experts to seek their advice. I always check and balance with my team and manager, and also respective team so that I am able to solve an encountered project issue with ease.	40	1	1	1	NIL	NIL	NIL	214	7	1608216415
264	Ability to transfer expertise and build long-term leadership capability of others by teaching and/or mentoring	I strongly believe in teamwork and cooperation is one of the most important factors to success. That's why I share 100% all the knowledge I have and guide those who are in need to bring the team to a next level of competency.	20	1	1	1	NIL	NIL	NIL	169	9	1352141850
263	At DenseLight, we take pride in every job that we do by having the highest level of honesty and openness. We cultivate our entrepreneurial drive as a means to remain flexible, agile and willingness to change. We are passionate about DenseLight and have a never-say-die attitude!	Im committed to deliver the best of my abilities to help Denselight and find ways to deliver without compromising quality. Continue to drive improvements and inspire others to collaborate to improve together.	20	1	1	1	NIL	NIL	NIL	169	8	1352141850
262	We are accountable in our commitment to achieve excellence.  We do what we say and behave with integrity at all time. We will uphold the ethical standards of the company always.  We respect each other and value every employees contribution.  Collaboration as a team is our motto and we celebrate small and big wins with appreciation.	Continue to build qualities such as trust, healthy conflict, commitment, accountability and attention to results.	20	1	1	1	NIL	NIL	NIL	169	7	1352141850
261	We will strive to provide them with superior innovative products and will continuously improve their quality that will in turn see us win in our end markets.	Continue to pursue quality product by timely response to customer complaints, proper closure of RMAs and mindset to have zero RMAs.	20	1	1	1	NIL	NIL	NIL	169	6	1352141850
265	Ensure that the team is focused, motivated and inspired to achieve organizational objective	In every aspect of work there is always distractions that derail our focus towards our objective.  This can be addressed by making sure each team member understand the value of what the team is doing. Make sure team members realize their work and their skills are valued and make certain they understand why their work is valuable in the context of the team, the company, and the industry.	20	1	1	1	NIL	NIL	NIL	169	10	1352141850
266	Never give up in finding a solution to achieve the goals set by the company	Action Plan: \r\nSeek help from other experts in the company if stuck in a particular problem to find out and efficient solution and work together to meet the company goal. Always look for a way and never give up	20	1	1	1	NIL	NIL	NIL	217	8	1484926575
260	Works well with the team; take over and help the people in the same department when they are not around. Respect everyone in the working place	Assist the team members who were on stay home notice\r\nAssists the team on testing related issues\r\nShares the knowledge on productivity tools and analysis tool\r\nAssisted the NPD in speedy analysis of the Panwoo Program	20	1	1	1	NIL	NIL	NIL	217	7	1484926575
259	Cultivate the culture to prioritize customer support	Customer first; speed up activities required by the PPC and Sales Team and respond quickly to emails.\r\nAssist the sales team on any information the customer requested. Work more with the External Manufacturing team and Sales team to understand the customer requirements and the design that we need to look out for	20	1	1	1	NIL	NIL	NIL	217	6	1484926575
267	Teach other members and mentor them on knowledge learned so far	Buddy system for the new hires\r\nTeach new members on learnings from the past	20	1	1	1	NIL	NIL	NIL	217	9	1484926575
268	Lead projects and achieve the target set by the company		20	1	1	1	NIL	NIL	NIL	217	10	1484926575
269	Customer First Mindset	1. To integrate the customer needs into my action plan\r\n2. To react fast and prompt on the customer inquiries	40	1	1	1	NIL	NIL	NIL	252	6	10
270	Commitment to You	1. To challenge myself to deliver and commit the best\r\n2. To avoid mediocrity mentality in every task that I do	30	1	1	1	NIL	NIL	NIL	252	7	10
271	Integrity with Passion and Tenacity	1. To share all the data and findings in shared folder so nothing is hidden\r\n2. To avoid 'hiding under the carpet' mentality when something is going wrong	30	1	1	1	NIL	NIL	NIL	252	8	10
272	Focused on delivering the information and hardware that have been requested by the customer based on the commit dates	As program manager, will worked with the Technical Lead, manufacturing and testing departments to prepare information and sample units that were requested by the customer at the required dates. \r\n.	33	1	1	1	NIL	NIL	NIL	172	7	364472470
249	Efficient and effective collaboration	-Always follow the thumb rule 'I say what I do and I do what I say' \r\n- Always feel accountable for the task which has been committed by me\r\n- Follow company philosophy\r\n- Appreciate colleagues with their contribution\r\n- Respect each and everybody irrespective of position	20	1	1	1	NIL	NIL	NIL	238	7	539619816
273	Putting the customer first in committing time and effort to assess and provide solution to their technical requirements	Will work with the technical lead to provide the solutions to the custom requests by the customer with a project proposal meeting their technical requirements.	33	1	1	1	NIL	NIL	NIL	172	6	364472470
275	Production Yield	Be more involved in production yield issues.	1	1	1	1	NIL	NIL	NIL	155	6	931345185
276	Customer Samples	Increase attention to detail when planning shipment of customer samples.	1	1	1	1	NIL	NIL	NIL	155	7	931345185
277	PDM Improvement	Propose methodology improvements to the alpha phase checkpoint of the PDM.	1	1	1	1	NIL	NIL	NIL	155	8	931345185
\.


--
-- Data for Name: GnC_competency_category; Type: TABLE DATA; Schema: public; Owner: benny6789
--

COPY public."GnC_competency_category" (id, name, description) FROM stdin;
6	Customer First Mindset	Our customers, come first. We will strive to provide them with superior innovative products and will continuously improve their quality that will in turn see us win in our end markets.
7	Commitment to You	We are accountable in our commitment to achieve excellence.  We do what we say and behave with integrity at all time. We will uphold the ethical standards of the company always.  We respect each other and value every employees contribution.  Collaboration as a team is our motto and we celebrate small and big wins with appreciation.
8	Integrity with Passion & Tenacity	At DenseLight, we take pride in every job that we do by having the highest level of honesty and openness. We cultivate our entrepreneurial drive as a means to remain flexible, agile and willingness to change. We are passionate about DenseLight and have a never-say-die attitude!
9	People Development	Ability to transfer expertise and build the long-term leadership capability of others by teaching, coaching and/or mentoring
10	Demonstrate Leadership	Ensures that the team is focused, motivated and inspired to achieve organizational objectives
\.


--
-- Data for Name: GnC_competency_comment; Type: TABLE DATA; Schema: public; Owner: benny6789
--

COPY public."GnC_competency_comment" (id, comments, created_on, competency_id, created_by_id) FROM stdin;
1	Up to Aug2020, no complaint.	2020-09-24 01:01:45.11728+00	61	988735390
\.


--
-- Data for Name: GnC_departmental_competencies; Type: TABLE DATA; Schema: public; Owner: benny6789
--

COPY public."GnC_departmental_competencies" (id, summary, description, appraisal_id, competency_category_id, department_id, manager_id) FROM stdin;
\.


--
-- Data for Name: GnC_departmental_competencies_comment; Type: TABLE DATA; Schema: public; Owner: benny6789
--

COPY public."GnC_departmental_competencies_comment" (id, comments, created_on, created_by_id, departmental_competencies_id) FROM stdin;
\.


--
-- Data for Name: GnC_departmental_goal_comment; Type: TABLE DATA; Schema: public; Owner: benny6789
--

COPY public."GnC_departmental_goal_comment" (id, comments, created_on, created_by_id, departmental_goal_id) FROM stdin;
\.


--
-- Data for Name: GnC_departmental_goals; Type: TABLE DATA; Schema: public; Owner: benny6789
--

COPY public."GnC_departmental_goals" (id, summary, description, due, appraisal_id, department_id, goal_category_id, manager_id) FROM stdin;
12	CTO Role: Direct company technology strategy	Under the personal responsibility of CTO	2020-12-31	21	10	5	1224448967
14	Advancing DPHI Platform solutions offering	a) DPhi and Optical Engine solutions Technical Directions\r\nb) DLS-AMF MOU and POC1&2\r\nc) DPHI implementation, including HIPP to OE solutions engineering	2020-12-31	21	13	3	1135328161
17	Providing development support on packaging integration & test engineering	Identifying and proactively provide technology development engineering support to NRE programs, NPI projects, Product Engineering, and APT, in the area of advanced packaging integration & related test engineering	2020-12-31	21	13	3	1135328161
18	Monthly closing within 4 working days	Ensure monthly closing by 4th working days	2021-01-06	21	6	5	988735390
19	Supply Chain Department Goals	Revenue - Meet shipment target\r\n\r\nOrganization - Reduce attrition by 50%, identify and fill all 2020 budgeted positions and review of KFAs.\r\n\r\nCustomer Engagement - Secure capacity and capability for DFB at the subcons\r\n\r\nOps Efficiency / Cost Reduction - Achieve yield of 90% at the subcons, implement auto work order for APT and achieve $250k of cost savings.\r\n\r\nNPI - Qualify new subcons to support new products like 25G.	2020-12-31	21	5	6	759336758
20	Departmental Goal 1	Departmental Goals are to be observed	2021-12-31	48	9	6	18
\.


--
-- Data for Name: GnC_goal_category; Type: TABLE DATA; Schema: public; Owner: benny6789
--

COPY public."GnC_goal_category" (id, name) FROM stdin;
1	Customer Engagement
3	New Product Introduction
4	Operation Efficiency/Cost Reduction
5	Organization Effectivness
6	Others
\.


--
-- Data for Name: GnC_goal_comment; Type: TABLE DATA; Schema: public; Owner: benny6789
--

COPY public."GnC_goal_comment" (id, comments, created_on, created_by_id, goal_id) FROM stdin;
1	comment1	2020-11-05 08:06:55.709471+00	17	504
2	perfect	2020-11-09 06:25:50.393802+00	17	506
3	Comment 1	2020-11-18 13:26:45.323748+00	17	510
\.


--
-- Data for Name: GnC_goals; Type: TABLE DATA; Schema: public; Owner: benny6789
--

COPY public."GnC_goals" (id, summary, description, due, weightage, "metrics_Used", "MID_user_comments", "MID_manager_comments", user_rating, manager_rating, board_rating, user_comments, manager_comments, board_comments, tracking_status, metrics_evidence, appraisal_id, employee_id, goal_category_id) FROM stdin;
298	Projects	Driving performance management	2020-12-31	20	Dashboards	NIL	NIL	1	1	1	NIL	NIL	NIL	null		162	1982477965	4
141	Support key customer programs(CISCO, Almae, Huawei, Bandwidth 10, othere Laser and Quad PIN projects) As per time lines & deliverables	i) Litho process margin improvement, reduce defocus, resist footing, misalignment[Q2] \r\nLitho defocus/ resist footing reduced after optimize low vacuum contact procedure. Misalignment reduced through operators training\r\nii) SPR220 bonding process stabilization[Q2]\r\nFully implemented SPR220 smoothly with enough process margin. Engineering report: ER #: 20-WP-ER-0006	2020-06-30	10		NIL	NIL	1	1	1	NIL	NIL	NIL	null		178	1776097184	1
28	Achieve yield target for ELED/SLED/DFB16xx	To achieve the respective yield target set for ELED/SLED/DFB16xx to ensure timely released product revenue shipment and cost effectiveness	2020-12-31	30	weekly yield report (ELED/SLED) in weekly yield meeting and weekly yield update in DFB meeting	NIL	NIL	1	1	1	NIL	NIL	NIL	null		161	861437177	4
23	Application Support & Technical Marketing	1. Deliver 3 app notes or videos that show cases DenseLights expertise in the respecting markets.\r\n2. Work with the internal teams to deliver 2 Technical Marketing reports\r\n-template and organize ppt	2020-12-31	20	1.Publish app notes on web 2. Publish 2 technical marketing reports&organize seminar for team	NIL	NIL	1	1	1	NIL	NIL	NIL	null		244	1002214209	5
328	Production/cost improvement		2020-12-31	40		NIL	NIL	1	1	1	NIL	NIL	NIL	null		199	520727285	4
186	New Design in	Get at least 4 design win in 16xx DFB10G/25GD or SOA	2020-12-31	25	new orders.	NIL	NIL	1	1	1	NIL	NIL	NIL	null		157	25957709	3
16	Revenue	Meet Revenue Target of $1.5 Million	2020-12-20	50	Financial Report	Comment 1	Well done for being on track...!	3	5	1	I meet expectations	I think you did better than you think.	NIL	On Track		\N	\N	1
504	Test 5 Nov	Objective 1	2020-12-31	100	N/A	Mid Year Employee Comments	ABCD	1	2	1	NIL	ABCD	NIL	On Track		\N	17	1
17	Title 2	Objective 2	2020-12-20	20	Source 2	Comments 2	You should try to speed up !	4	2	1	I did quite well	You need improvement.	NIL	Not On Track		\N	\N	4
18	Goal 3	Objective 3	2020-12-20	30	Source 3	No Comments	Noted.	2	3	1	I may need more training	I think you are ok.	NIL	On Track		\N	\N	3
11	Increase Revenue by 100%	Increase revenue during all runs	2020-09-01	100	Monthly Financial Report	Covid struck at February, cannot visit clients	I agree	4	3	5	I think I am good :)	I dont think so	I think you are too good	Not On Track		\N	\N	6
15	Product Costing	Prepare product costing\r\n1)May20_FBGL\r\n2)July20_DFB(Sensing & Datacom)\r\n3)Sep20_SLED/ELED\r\n4)Nov20_COS/ILM	2020-12-31	25	Costing excel worksheet	NIL	NIL	1	1	1	NIL	NIL	NIL	null		\N	988735390	5
14	Sharing PNL and Costs	Ensure PNL and costs (Fab A, Fab B and ATP) is share with the staff, target not less than 12 times in 2020	2021-01-15	25	PPT presentation	NIL	NIL	1	1	1	NIL	NIL	NIL	null		\N	988735390	5
13	Monthly BOD Report	Ensure BOD receive the monthly/quarterly report by 2nd week of the following month	2021-01-15	25	PPT presentation	NIL	NIL	1	1	1	NIL	NIL	NIL	null		\N	988735390	4
12	Monthly Closing Dateline	Ensure the monthly closing /report is close at the 4th working day	2021-01-06	25	Date of closing and email out	NIL	NIL	1	1	1	NIL	NIL	NIL	null		\N	988735390	4
30	Follow PDM procedure to achieve new product release	Work with NPD to achieve the new product release on:\r\n1.DFB (Sicoya 1310nm) \r\n2.25G DML DFB \r\n3.OSI 1310nm & 1550nm - NRE\r\n4.1650nm pulse PF laser\r\n5.Eloira SLED 1550nm - NRE\r\n6.Panwoo low DOP SLED	2020-12-31	20	PDM documents of each project	NIL	NIL	1	1	1	NIL	NIL	NIL	null		161	861437177	3
33	Quality	1) CONC, NCMR, RMA, SPC, Bin level SPC, Audits, PRM/ORT set up	2020-12-31	25	quality indices	NIL	NIL	1	1	1	NIL	NIL	NIL	null		152	324340084	6
21	NEW PRODUCT WINs	To support design-wins in \r\n- ILM, \r\n- 16XX, \r\n- High poer DFB\r\n- Gain Chip / SOA	2020-12-31	20	1.PPT Presentation on ILM strategy, with list of customers, status; 2.Revenue report for design wins	NIL	NIL	1	1	1	NIL	NIL	NIL	null		244	1002214209	3
20	Revenue	1.Help sales team meet overall revenue goal\r\n2.Help sales team meet quarterly goals\r\n3.Meet 1 of the following:\r\nI. total $1M in ILM revenue ILM (WW) or\r\nII. $500K DFB (WW 16xx) or\r\nIII. $300K SOA/GC	2020-12-31	40	Revenue Report	NIL	NIL	1	1	1	NIL	NIL	NIL	null		244	1002214209	1
31	Quality/Cost reduction/Operational support	To set quality goal to ensure timely support on production inline issues & customer quality issues; cost reduction goals to improve PE team resource efficiency and achieve operating cost reduction.	2020-12-31	20	RMA and NCMR tracking report	NIL	NIL	1	1	1	NIL	NIL	NIL	null		161	861437177	4
29	Establish various system for PE team	System setup for PE team KPI tracking & org. effectiveness improvement	2020-12-31	30	Yield tracking report, yield dashboard, SPC	NIL	NIL	1	1	1	NIL	NIL	NIL	null		161	861437177	5
32	Revenue goal - Achieve > US$ 12.1M revenue in 2020 as per AOP	1) Support POET, 25G DML, Huawei SOA, Panwoo, Almae BH, BW10 and other Laser projects. 2) Help achieve 2 design wins for 1653DFB 10G i-temp & 25G DML or High power DFB c-temp, 3) Back up tools qual	2020-12-31	25	Revenue, design wins, back up tools	NIL	NIL	1	1	1	NIL	NIL	NIL	null		152	324340084	6
35	Personnel Development	File atleast one patent or paper or  trade secret from Process and Product groups per year , Cross training on another tool , Mentor ship by senior engineers to IA students	2020-12-31	15	patents, training, mentorship	NIL	NIL	1	1	1	NIL	NIL	NIL	null		152	324340084	5
34	Yield	DFB yield improvement to 70% and Others (SLED & ELED) to ~ 90%, Mechanical yield > 90%, Fix marginality issues (ripple issues, peeling, process consistency), 3 inch wafer demonstration,	2020-12-31	20	Yields, yield sigma	NIL	NIL	1	1	1	NIL	NIL	NIL	null		152	324340084	6
36	Operational efficiency	Denton I29 qual, Back up tools, Cost reduction activity, SOP implementation, SPS systems set up, Process control and monitoring,	2020-12-31	15	indices	NIL	NIL	1	1	1	NIL	NIL	NIL	null		152	324340084	4
37	Assist in monthly closing within 4 working days	assist to close month end accounts within 4 working days	2020-12-31	15	NIL	NIL	NIL	1	1	1	NIL	NIL	NIL	null		227	104959828	6
25	Business Operations	Odoo sample request improvement and support DenseLights web page enhancement	2020-12-31	20	1.\tPublish updated sample request process playbook 2.\tUpdate of web page	NIL	NIL	1	1	1	NIL	NIL	NIL	null		244	1002214209	4
128	3 inch wafer convention	The whole production line is ready for 3inch wafers run	2020-12-30	10		NIL	NIL	1	1	1	NIL	NIL	NIL	null		192	206959734	4
38	Accounts Payable Management	Accounts payable e-payment to be done when term due or fund available, monitor closely of advance payment and accounts payable balance, notify vendor when payment made.	2020-12-31	60	NIL	NIL	NIL	1	1	1	NIL	NIL	NIL	null		227	104959828	6
40	Fixed Asset Tagging	Tidy up and tagging fixed asset using excel worksheet	2020-10-31	10	NIL	NIL	NIL	1	1	1	NIL	NIL	NIL	null		227	104959828	6
144	Operations	- 100% SOP on backlap area[Done]\r\n- Certification of operators[Done for the lapping new operator]\r\n- Measure current productivity & improve by 10%\r\n- Audit finding closure[Done for lapping area]	2020-06-30	10		NIL	NIL	1	1	1	NIL	NIL	NIL	null		178	1776097184	4
44	Reduce Cost of Non-conformance (CoNC)	To reduce Cost of Non-conformance (CoNC) by <5% with respect to the total cost of goods sold (COGS)	2020-12-31	10	NIL	NIL	NIL	1	1	1	NIL	NIL	NIL	null		156	1224448967	4
46	Improvement to Process compliance	Reestablish Monthly Quality Patrol Audit to counter check process and manufacturing process compliance to requirement and standard.	2020-12-31	10	NIL	NIL	NIL	1	1	1	NIL	NIL	NIL	null		156	1224448967	4
47	Improvement to In-coming Quality Assurance	To centralize documentation and acceptance for incoming material inspection by creating google shared drive for all department incoming material documentations and approval	2020-12-31	10	NIL	NIL	NIL	1	1	1	NIL	NIL	NIL	null		156	1224448967	4
49	Establish DenseLight Manufacturing Execution System (DMES)	To complete the DMES in Q4, 2020	2020-12-31	10	NIL	NIL	NIL	1	1	1	NIL	NIL	NIL	null		156	1224448967	4
50	Involvement of QA function to new product development	To establish QA gates for each New Product Development Phases	2020-12-31	10	NIL	NIL	NIL	1	1	1	NIL	NIL	NIL	null		156	1224448967	3
51	Improve and Centralize Documented Information	To Automate DCC utilizing Google Shared drive and/or Odoo System	2020-12-31	10	NIL	NIL	NIL	1	1	1	NIL	NIL	NIL	null		156	1224448967	5
52	Completion of ISO 9001:2015 QMS Surveillance Audit for year 2020	To pass the Third-party ISO 9001:2015 QMS Surveillance Audit	2020-12-31	10	NIL	NIL	NIL	1	1	1	NIL	NIL	NIL	null		156	1224448967	5
329	Data management for all NPD Lab Tester	\tCentralized storage of all data\r\n\tData backup\r\n\tEase of data query	2020-04-30	25	Task1_Gantt.xlsx	NIL	NIL	1	1	1	NIL	NIL	NIL	null	Task1_Gantt.jpg	146	1616831965	3
45	Improvement of External Manufacturing Performance	Monitor (baseline gathering) Ext. Mfg. performance by;\r\na) Reduce Reject/Scrap rate by 2%\r\nb) Reduce Vendor CoNC by 2% from previous year (2019)\r\nc) Improve response time to quality issue	2020-12-31	10	NIL	NIL	NIL	1	1	1	NIL	NIL	NIL	null		156	1224448967	4
43	Reduction RMA closure cycle time (CAPA submission)	To respond faster to customer feedback	2020-12-31	10	NIL	NIL	NIL	1	1	1	NIL	NIL	NIL	null		156	1224448967	1
55	Project	1. Understand different laser process\r\n2. Able to dispose wafers independently\r\n3. Prepare FA report for the issues caught in the line	2020-09-30	15	NIL	NIL	NIL	1	1	1	NIL	NIL	NIL	null		184	249343659	4
56	Quality	1. Maintain Internal FA TAT to 1 day\r\n2. Maintain and ensure External FA TAT to 3 days\r\n3. Reduce wafer disposition time to 4 hours\r\n4. Organize internal and external FA data folder	2021-01-31	15	NIL	NIL	NIL	1	1	1	NIL	NIL	NIL	null		184	249343659	4
57	Operation	1. Maintain housekeeping/5S at all times\r\n2. Maintain machine handle in good condition\r\n3. Monitor FA consumables	2020-09-30	5	NIL	NIL	NIL	1	1	1	NIL	NIL	NIL	null		184	249343659	4
58	Operation	1. To support all types of FA request\r\n2. To support wafer fab process and other related works	2020-09-30	10	NIL	NIL	NIL	1	1	1	NIL	NIL	NIL	null		184	249343659	4
59	Personal Development	1. Familiarize and continue to learn various laser processes in the wafer fab process.\r\n2. Develop decision making on process related.	2020-09-30	15	NIL	NIL	NIL	1	1	1	NIL	NIL	NIL	null		184	249343659	6
53	Expand the use of DenseLight network for remote access connection	Deployment of Virtual PC server to all indirect staff to be able to work from home	2020-12-31	10	NIL	NIL	NIL	1	1	1	NIL	NIL	NIL	null		156	1224448967	5
349	Production process control set up	1.1\tCreate a system for production wafer growth control that align with SPC charts build by Uma	2020-12-31	15		NIL	NIL	1	1	1	NIL	NIL	NIL	null		163	1373136557	4
63	Support Revenue Thru Critical Program Execution (25G DML-Santosh)	Develop process flow and module for 25G DML with FC (POET) and without FC (DLS) capability	2020-12-31	10	Produce 25G DML dies meeting program specification	NIL	NIL	1	1	1	NIL	NIL	NIL	null		219	439847763	3
61	Support Revenue Thru Critical Program Execution (BH)	Develop Buried Heterostructure (BH) Process	2020-12-31	10	Produce BH dies meeting program expectations	NIL	NIL	1	1	1	NIL	NIL	NIL	null		219	439847763	3
65	Support Revenue Thru Critical Program Execution (SOA-Simon)	Develop process flow and module for SOA	2020-12-31	10	Produce SOA dies meeting program specification	NIL	NIL	1	1	1	NIL	NIL	NIL	null		219	439847763	3
64	Support Revenue Thru Critical Program Execution (Low DOP-Simon)	Provide wafer fab process support on Panwoo low DOP wafers	2020-12-31	10	Produce Low DOP dies meeting program specification	NIL	NIL	1	1	1	NIL	NIL	NIL	null		219	439847763	3
66	Support Conversion of 2" to 3" Wafer Processing (Simon)	Support 3" wafer processing to help operations with capacity ramp	2020-12-31	10	3 wafer fabrication successful with same/better  yield as 2"	NIL	NIL	1	1	1	NIL	NIL	NIL	null		219	439847763	4
67	Operator Certification on Wafer Process	Setup procedure for operator training and certification to reduce human error on wafer processing	2020-12-31	10	Operators properly trained and certified with regular recertification	NIL	NIL	1	1	1	NIL	NIL	NIL	null		219	439847763	5
68	Support Runsheet Conversion to DMES (Simon)	Support IT and production team in implementation of DMES	2020-09-30	10	Transfer all runsheets to DMES	NIL	NIL	1	1	1	NIL	NIL	NIL	null		219	439847763	4
69	Quality: Process FMEA and Window Checks	Implement FMEA/Delta FMEA assessment of new processes and all new modules with "window checks" based on Product Development Model (PDM) guidelines.	2021-06-30	10	Implement FMEA and "window checks" based on PDM guidelines	NIL	NIL	1	1	1	NIL	NIL	NIL	null		219	439847763	6
39	Accounts Receivable Management	DSO less than 45 days.	2020-12-31	15	NIL	NIL	NIL	1	1	1	NIL	NIL	NIL	null		227	104959828	6
27	Organization/ Culture Change	\tDevelop and improve standard recruitment process to reduce attrition by 50%. \r\n\tIdentify and fill all 2020 budgeted positions. \r\n\tContinue review of KFAs and execution of DLS 2.0	2020-12-31	15	HR attrition report	NIL	NIL	1	1	1	NIL	NIL	NIL	null		148	135493917	5
42	OPS Eff/Cost Reduction	\tImplement in-house process runsheet software for production use by 1Q2020\r\n\tTo ensure the production CT and OTD mean the 15 days for the standard product and the OTD given by the PC.	2020-12-31	15	MFG Operation reports	NIL	NIL	1	1	1	NIL	NIL	NIL	null		148	135493917	4
70	Quality: Process Integration Bluebook	Create Bluebook template and implement for process integration	2021-12-31	10	Implement bluebook for process integration	NIL	NIL	1	1	1	NIL	NIL	NIL	null		219	439847763	6
62	Support Revenue Thru Critical Program Execution (BH FC DFB-Santosh)	Develop process flow and module for Almae BH FC DFB	2020-12-31	10	Fabricate BH DFB with wafer level VI and IV yield at >90%	NIL	NIL	1	1	1	NIL	NIL	NIL	null		219	439847763	3
142	Quality(SPC)	i) Tool level SPC: Lapping tool SPC setup ok\r\nii) Product level, Product SPC setup ok\r\niii) Metrology level\r\n- CpK >1.33, OOC investigation\r\n- NCMR closure within 1 month\r\n- No recurrence of same issues\r\n- ECN SPR220 / BCB for Lapping[done]\r\n- DI GUIDELINE[done]\r\n- 15nXT negative resist evaluation[Q4]\r\n- Vernier mask for grating layer[Done]\r\n- Defect scan machine purchase[Q4]\r\n- Auto CD measurement software implementation[Done]\r\n- Mask & wafer solvent cleaner[Q4]\r\n- Combo tool for bond/debond[Q4]	2020-12-30	30		NIL	NIL	1	1	1	NIL	NIL	NIL	null		178	1776097184	4
90	Branding & Marketing	To implement a branding and marketing strategy to enhance DenseLight's branding image	2020-12-31	15	Presentation of branding activities	NIL	NIL	1	1	1	NIL	NIL	NIL	null		165	985791817	6
300	Production Planning (Inventory & Materials/Forecast)		2020-12-31	20	Inventory and Forecast Files	NIL	NIL	1	1	1	NIL	NIL	NIL	null		215	161961016	4
341	SOA Automation using Sigmakoki	Lead the development and release of SOA automation using Sigmakoki to support SOA prodution ramp.	2020-12-31	40		NIL	NIL	1	1	1	NIL	NIL	NIL	null		204	480020115	4
79	Monthly BOD report to be send out by 2nd week	Ensure Board will be update at the regular interval and progress of the company	2021-01-15	25	Date BOD ppt report email out	NIL	NIL	1	1	1	NIL	NIL	NIL	null	Finance_KPI_2_202009.JPG	151	988735390	5
75	CTO Role: Developing company technology strategy to support business goals	a)\tDirect R&D and Technology Transformation Roadmap to support Company Revenue growth (forecast) objectives: $12M in 2020, $19M in 2021, $28M in 2022\r\nb)\tCommunicate technology strategy and directions to employees, customers, partners and investors.\r\nc)\tLead KFA5 (Strategic Initiatives on New Product Technology Development)\r\nd)\tProvide technical guidance and mentorship to all engineering staff	2020-12-31	35	Company Technology Roadmap, technical presentations & meeting contributions, KFA Reviews with CEO	NIL	NIL	1	1	1	NIL	NIL	NIL	null		158	1135328161	5
511	Goal 2	test 2	2020-12-31	50		Mid Year Employee's Comments2	Mid Year Manager's Comments2	2	1	1	End Year Employee's Comments2	NIL	NIL	On Track		\N	17	1
80	Sharing of PNL with analysis and cost review - 12 times in 2020	To analysis and share with staff, Fab A, Fab B and ATP the costing related to the respective areas and progress therein.	2021-01-15	25	Data (costing) in excel	NIL	NIL	1	1	1	NIL	NIL	NIL	null	Finance_KPI_3_202009.JPG	151	988735390	4
85	Make sure a smooth year end financial audit- YE2019	Make sure a smooth year end financial audit- YE2019	2020-05-31	30		NIL	NIL	1	1	1	NIL	NIL	NIL	null		250	6	6
82	Monthly closing within 4 working days	Monthly closing within 4 working days	2021-01-15	50		NIL	NIL	1	1	1	NIL	NIL	NIL	null		250	6	6
81	Prepare product costing from May to Nov 2020	Prepare product costing for pricing and reference cover FBGL to ILM	2020-12-31	25	Costing excel worksheet	NIL	NIL	1	1	1	NIL	NIL	NIL	null	Finance_KPI_4_202009.JPG	151	988735390	4
317	Shipment and Revenue Support.	Review current OEE on APT test equipment and define actions to improve OEE  Q4	2020-12-31	30		NIL	NIL	1	1	1	NIL	NIL	NIL	null		181	1536568573	4
83	Tidy up & Tagging fixed assets	Tidy up & Tagging fixed assets - Using Excel worksheet by Dec'20	2020-12-31	10		NIL	NIL	1	1	1	NIL	NIL	NIL	null		250	6	6
84	Prepare product costing	Prepare product costing:\r\n1) May'20 - FBGL\r\n2) July'20 - DFB(Sensing & Datacom)\r\n3) Sept'20 - SLED/ELED\r\n4) Nov'20 - COS/ILM	2020-12-31	10		NIL	NIL	1	1	1	NIL	NIL	NIL	null		250	6	6
76	Provide technical guidance on Technical Marketing, NRE, NPI and Applications	a)\tTAM/SAM & Tracking products, applications and market trends \r\nb)\tTechnical sales and applications support advisory\r\nc)\tTechnical mentorship to NRE proposals\r\nd)\tTechnical mentorship to members of NPD and PE teams\r\ne)\tRenesas-DLS Technology Transfer co-ordination	2020-12-31	35	TAM/SAM/market/product studies (pptx/excel), related NRE, NPD, PE meetings, pptx, minutes	NIL	NIL	1	1	1	NIL	NIL	NIL	null		158	1135328161	1
87	Channel Growth	Drive business through Channels, and grow DenseLight revenue in US	2020-12-31	20	Channel Growth (US)	NIL	NIL	1	1	1	NIL	NIL	NIL	null		165	985791817	5
88	New Product Design Wins	Win designs with new product	2020-12-31	20	Order from customer	NIL	NIL	1	1	1	NIL	NIL	NIL	null		165	985791817	3
86	Revenue	Meet company revenue goals for 2020	2020-12-31	30		NIL	NIL	1	1	1	NIL	NIL	NIL	null		165	985791817	1
89	Operational Efficiecy	To implement programs and or processes that enable sales to increase operational efficiency	2020-04-30	15	Presentation of system/s that increase efficiency	NIL	NIL	1	1	1	NIL	NIL	NIL	null		165	985791817	4
92	Sales KPI	Meet the following Sales KPI:\r\n1.  PO conversion rate of +12% (no of RFQs quoted versus no of PO received from customers not in forecast)\r\n2.  RFQ TAT  48 hrs from request received to quote\r\n3.  Initiate and drive quarterly forecast review with ROW distributors: to be done 1x before the quarter starts and 1x middle of the quarter	2020-12-31	20	Sales & Marketing report or Accounting report, Distribution meeting minutes & emails	NIL	NIL	1	1	1	NIL	NIL	NIL	null		224	1710250857	1
93	RMA & Customer Returns	Attend weekly QA meetings and ensure:\r\nI.\tCustomer RMAs complains are acknowledge in time: within 1 working day\r\nII.\tWork with QA team to disposition on complaint, help them get the RMA questionnaire form, and work with QA team to come out with an 8D report where applicable\r\nIII.\tAttend the weekly QA meetings and be the voice of the customer for quality issues internally	2020-12-31	10	RMA report from QA Customer Survey report	NIL	NIL	1	1	1	NIL	NIL	NIL	null		224	1710250857	1
54	Revenue Goal	To support WW Sales Team to meet:\r\n1. Denselight's overall  FY20 goal of $12.1m\r\n2. Meet Denselight's quarterly goal:\r\n      Q1 = $1.24m\r\n      Q2 = $2.04m\r\n      Q3 = $3.87m\r\n      Q4 = $4.59m	2020-12-31	40	Sales Revenue report or Accounts revenue report	NIL	NIL	1	1	1	NIL	NIL	NIL	null		224	1710250857	5
77	Advancing DPHI Platform solutions offering	a)\tDPhi and Optical Engine solutions Technical Directions\r\nb)\tDLS-AMF MOU and POC1&2\r\nc)\tDPHI implementation, including HIPP to OE solutions engineering	2020-12-31	30	Presentations, reports, meetings pptx and minutes	NIL	NIL	1	1	1	NIL	NIL	NIL	null		158	1135328161	3
91	Operational Efficiency	Lead the effort to improve sales efficiency in order & revenue management. \r\nFeatures of the system\r\na)\tImplement an automated system that links \r\ni.\tQuote\r\nii.\torder entry\r\niii.\torder acknowledgement\r\niv.\torder shipment\r\nv.\tinvoicing\r\nb)\tAutomatically generate sales reports that can give month to date, quarter to date & year to date revenue, give open backlog at any point\r\nc)\tTrack conversion rates of POs.	2020-12-31	30	New system implementation,  System operating manual	NIL	NIL	1	1	1	NIL	NIL	NIL	null		224	1710250857	5
94	Team management for MFG, Fab B & MOCVD  Equip and Facility	\tEnsure all my team members always align to the company goals.  \r\n\tMaintain employee work schedules including assignments, job rotation, training, vacations and paid time off, good team communication, coverage for absenteeism, and all other work related scheduling. Goal is to ensure there is always good equipment support to the MFG need.\r\n\tEmpower employees to take responsibility for their jobs and goals. Delegate responsibility and expect accountability and regular feedback.\r\n\tFoster a spirit of teamwork and unity among equip and other departments (MFG, Process, facility), allows for disagreement over ideas, conflict and expeditious conflict resolution, and the appreciation of diversity as well as cohesiveness, supportiveness , and working effectively together to enable each team members, other departments and company to succeed.	2020-12-31	10	Better team work and productivity	NIL	NIL	1	1	1	NIL	NIL	NIL	null		148	135493917	5
127	Back up tools qualification	ICP-02 TRION dielectric etcher release to product	2021-03-31	20		NIL	NIL	1	1	1	NIL	NIL	NIL	null		192	206959734	4
308	APT Manufacturing	Complete cross training for the production\r\nteam to support APT operation.	2020-12-31	25	To complete operators cross training by end of the year	NIL	NIL	1	1	1	NIL	NIL	NIL	null		159	689543953	4
105	Improve Company's Branding	Improve companys image for better hiring sourcing and overall reputation of Denselight	2020-09-30	20	Implementation of the E-PMP and E-OT on schedule	NIL	NIL	1	1	1	NIL	NIL	NIL	null		154	534558467	5
110	Improve Companys Branding	a. Attend at least 4 job fairs/talks to represent DLS (Total no. of attended by year end)	2020-12-31	20	Number of job fairs/talks held	NIL	NIL	1	1	1	NIL	NIL	NIL	null		201	163946503	1
299	Production Planning (Achieve Target Revenue 2020)		2020-12-31	50	Revenue File	NIL	NIL	1	1	1	NIL	NIL	NIL	null		215	161961016	1
102	Develop & Improve standard Recruitment Process to Reduce Attrition	1.  Set up a more robust KFA no.1 teams to lead by new energized leaders\r\n2. Look at Selection Assesmen tool to check for culture fit and commitment from final 2 candidates to 'Hire Right'.	2020-12-31	20	KFA Monthly meetings	NIL	NIL	1	1	1	NIL	NIL	NIL	null		154	534558467	5
103	Reduce Turnover	Retain effective employees and motivate them to higher productivity	2020-12-31	20	KFA 1.3 monthly report	NIL	NIL	1	1	1	NIL	NIL	NIL	null		154	534558467	4
104	Benefit Reviews	To continue ensure the benefits for the employees are competitive with the market for retention and motivation	2020-12-31	20	Programs developed	NIL	NIL	1	1	1	NIL	NIL	NIL	null		154	534558467	6
106	Talent Succession Planning via Functional Reviews	Ensure sufficient Benchstrength	2020-09-30	20	Functional Reviews Minutes	NIL	NIL	1	1	1	NIL	NIL	NIL	null		154	534558467	5
510	Hunet test	test	2020-12-31	50		Mid Year Employee's Comments	Mid Year Manager's Comments1	2	1	1	End Year Employee's Comments1	NIL	NIL	On Track		\N	17	1
330	Equipment Management	\tRegular Calibration\r\n\tRegular Repair/Maintenance\r\n\tUpdated NPD equipment inventory/list\r\n\tConversion of DIV Matlab Software to C# application	2020-12-30	25	Task2_Gantt.xlsx	NIL	NIL	1	1	1	NIL	NIL	NIL	null	Task2_Gantt.jpg	146	1616831965	3
512	Goal 1	Objective 1	2021-01-31	50		Mid Year very good	Ok I agree	1	1	1	NIL	NIL	NIL	On Track		\N	17	6
111	Administrative support for COVID-19	Ensure compliance with government's regulations and advisories	2020-12-31	20		NIL	NIL	1	1	1	NIL	NIL	NIL	null		201	163946503	6
117	Improvements of soft skills	1. Improve team's execution\r\n2. Motivate team's responsibility and ownership\r\n3. Alignment of reporting and communication\r\n4. Guidance of Team Managers\r\n5. Better tracking of team's task	2020-12-31	10		NIL	NIL	1	1	1	NIL	NIL	NIL	null		144	430837474	6
108	Reduce Turnover	Reduce turnover against targeted turnover rate	2020-12-31	20	Monthly turnover rate	NIL	NIL	1	1	1	NIL	NIL	NIL	null		201	163946503	4
109	Benefits Reviews	Review employees' benefits benchmark against market practices	2020-12-31	20		NIL	NIL	1	1	1	NIL	NIL	NIL	null		201	163946503	4
107	Increase recruitment efficiency	Improve standard recruitment process and fill up 2020 budgeted positions	2020-12-31	20	Monthly AOP actual hiring vs budget	NIL	NIL	1	1	1	NIL	NIL	NIL	null		201	163946503	4
96	Training	\tTake ownership for the team training needs and attendance. \r\n\tEnsure MFG Engineer and Equip SM assigned training for team member are follow through closely.\r\n\tEnsure training received by team members are aligned and help in the execution of their work responsibility.\r\n\tResponsible to ensure OJT for new comers to address their working needs	2020-12-31	10	Skill and training record	NIL	NIL	1	1	1	NIL	NIL	NIL	null		148	135493917	5
122	Cycle time and rework reductions, Cost reductions for ebeam	1) Improve cycle time by reducing as less holds in the run sheets as possible\r\n2) Develop the process by which low rework rate will be achieved\r\n3) eBeam passes reduction and convergence	2020-12-31	20	Cycle time, rework and cost reductions	NIL	NIL	1	1	1	NIL	NIL	NIL	null		218	673813648	4
125	A. Support Key Customer Programs	a.  Develop and Optimize Etch Process for key customers (Almae BH, 25G DML, PanWoo Low DOP, Renesas )\r\n- Dielectric etch new recipe characterization for higher selectivity of SiO2 to resist for BH process\r\n- SAMCO InP etch no trench new recipe characterization for BH process.	2020-12-30	15	FA	NIL	NIL	1	1	1	NIL	NIL	NIL	null		192	206959734	3
129	To complete qualification of chemical Remover 1165 to replace ACT410	To complete qualification of Remover 1165 for the replacement of ACT410 to achieve cost saving by 40%	2020-12-30	15		NIL	NIL	1	1	1	NIL	NIL	NIL	null		192	206959734	4
112	New Products for Sensing	1. 10KHz 1550nm NLW for Wind LIDAR and DAS \r\n\r\n2. 40mW High Power 200kHz 1550nm NLW for Auto LIDAR \r\n\r\n3. 1310nm Broadband (120nm at 10dB) SLED\r\n\r\n4. 1310nm Low DOP SLED for China FOG (> 1mW @ 100mA 8 pin BTF)	2021-03-31	20		NIL	NIL	1	1	1	NIL	NIL	NIL	null		144	430837474	3
113	New Products for Datacoms and Telecoms	1. High Power CWDM DFB 70mW@75C\r\n\r\n2. 10G CWDM DML c-temp and i-temp\r\n\r\n3. 25G CWDM DML c-temp and i-temp\r\n\r\n4. 25G CWDM6 DML e-temp and i-temp\r\n\r\n5. Standard High DOP SOA 1550nm - Single and 5-array \r\n\r\n6. Low DOP SOA 1310nm for 100ZR	2021-03-30	20	Weekly update reports by team and monthly updates to CEO for BOD	NIL	NIL	1	1	1	NIL	NIL	NIL	null		144	430837474	3
95	6S, Housekeeping and Safety	\tTake ownership for the housekeeping compliance for the team and drive the team to achieve Zero NC due to housekeeping and Zero non-conformance for Safety\r\n\tConstantly communicate with the team and align them on housekeeping and safety protocol\r\n\tDrive the team for the ability to detect safety gaps and resolve them.\r\n\tNeed to take ownership and responsibility for all safety related issues.\r\n\tInform supervisor immediately for serious incidents. Need to ensure execution of preventive and corrective actions so that there is no reoccurrence of similar issues.\r\n\tNeed to inform SM and above for Fab Evacuation and any Line Down issues	2020-12-31	10	Better 6S with reduced safety incident	NIL	NIL	1	1	1	NIL	NIL	NIL	null		148	135493917	5
119	Support Key customer programs to meet Revenue targets for 2020	POET Projects for revenue:\r\n1) Provide alpha wafers for 25G DML flip chip process \r\n2) Provide beta wafers for Almae BH process	2020-12-31	10	Wafer acceptance by POET	NIL	NIL	1	1	1	NIL	NIL	NIL	null		218	673813648	3
121	Yield	Improve Wafer yield after fixing the process issues	2020-12-31	30	Eliminate the issues	NIL	NIL	1	1	1	NIL	NIL	NIL	null		218	673813648	6
319	Production Planning (Achieve Target Revenue 2020)		2020-12-30	50	Revenue File	NIL	NIL	1	1	1	NIL	NIL	NIL	null		213	426739617	1
123	Personal development	1) Mentor new hires to bring them into working level\r\n2) Professional conversion program (PCP) for new employees\r\n3) Leadership skill development to lead the team	2020-12-31	10	Mentoring and PCP	NIL	NIL	1	1	1	NIL	NIL	NIL	null		218	673813648	5
118	NRE	1. POET (Almae BH wafer and 25G DML for interposer)\r\n\r\n2. Acacia (1550nm racetrack SOA) \r\n\r\n3. Hitachi 1550nm SOA with 50nm bandwidth and P down.\r\n \r\n4. ZTE 1550nm Gain Chip and SOA with Psat of 21dBm \r\n\r\n5. Huawei 1550 High DOP SOA with Flip Chip	2020-12-31	15	Weekly update reports by team	NIL	NIL	1	1	1	NIL	NIL	NIL	null		144	430837474	3
513	Goal 2	Objective 2	2021-01-31	50		Covid 19 is bad	Ok Very Good	1	1	1	NIL	NIL	NIL	Not On Track		\N	17	6
397	Revenue	Meet company revenue goals for 2020	2020-12-31	30		NIL	Must meet new AOP targets in 2020	1	1	1	NIL	NIL	NIL	On Track		260	985791817	1
514	Goal 1	Objective 1	2021-12-31	50		I followed everything as per instructed	Actually you did not follow my comments during Goal Settings	1	1	1	NIL	NIL	NIL	Not On Track		278	17	6
146	Personal development	- File a patent / trade secret/publish technical paper\r\n- Cross training on each tools to have complete coverage\r\n- Mentor ship to IA students\r\n- Leadership participation from module side in 1 project that helps in revenue achievement.	2020-12-30	10		NIL	NIL	1	1	1	NIL	NIL	NIL	null		178	1776097184	6
333	Efficient facility operation	- Daily monitoring of facility equipment & machines to ensure it is working smoothly. \r\n- Regular preventive maintenance and servicing to prevent unscheduled downtime or breakdown.\r\n- Utilize internal capabilities to repair or service of breakdown machines or equipment to avoid unnecessary costs.\r\n- Source out parts and services that offer value for money. \r\n- Review any under-contract services to cut down costs. \r\n- Energy saving initiatives.	2020-12-30	20	Checklist, weekly reports and PM reports	NIL	NIL	1	1	1	NIL	NIL	NIL	null		196	2047523461	4
302	Maintain PRF system (TRX) and PO system (Quickbook). Ensure all POs are issued timely and track the status.	Maintain PRF system (TRX) and PO system (Quickbook). Ensure all POs are issued timely and track the status.	2020-12-31	30	PO Master data sheet	NIL	NIL	1	1	1	NIL	NIL	NIL	null		174	1904933651	4
198	New tools identification and purchase	For DL ramp up, quality improvement and cost reduction.	2020-12-30	10		NIL	NIL	1	1	1	NIL	NIL	NIL	null		178	1776097184	6
202	Back up tools qualification	Ridge etch in SAMCO qualification	2020-10-30	10		NIL	NIL	1	1	1	NIL	NIL	NIL	null		192	206959734	4
200	SLED production maintenance		2020-12-31	10	Produce SLED dies meeting program specification	NIL	NIL	1	1	1	NIL	NIL	NIL	null		194	290990818	4
205	Reduction of CoNC		2020-12-31	15	Achieve >50% reduction	NIL	NIL	1	1	1	NIL	NIL	NIL	null		194	290990818	4
136	TIBCO databased enhancement project	Kickoff TIBCO databased enhancement project by creating different scripts to extract data from different stations, and then consolidate together for better data accuracy, data traceability & fault investigation.	2020-12-31	40	MySQL Database	NIL	NIL	1	1	1	NIL	NIL	NIL	null		225	1256890838	4
137	Yield System Setup	Yield System Setup: \r\n1. Establish weekly yield meeting report structure & driving system\r\n1.1 Establish weekly yield reporting framework\r\n1.2 Clean up the data source to ensure data accuracy\r\n1.3 Establish & align cum yield calculation methodology and list of criterias for yield calculation. \r\n1.4 Based on 75% cum yield goal, breakdown & establish individual goals for test/APT/Coating with clear ownership	2020-12-31	30	Tracking File	NIL	NIL	1	1	1	NIL	NIL	NIL	null		225	1256890838	5
172	Achieve Revenue Target	Q Target        = Actual Revenue\r\nQ1: 1.2M       = 1.1M\r\nQ2: 2.2M       = 1M\r\nQ3: 4.2M       = 1.9M\r\nQ4: 3.4M       =	2020-12-31	15		NIL	NIL	1	1	1	NIL	NIL	NIL	null		222	1014312820	6
138	Procurement	Drive for cost savings with the suppliers and ensure supply assurance.	2020-12-31	25	Reports	NIL	NIL	1	1	1	NIL	NIL	NIL	null		149	759336758	4
350	Set up a model to simulate the AIX200 MOCVD	1.2\tUnderstand the behaviour of AIX200 MOCVD reactor, build a model to estimate the surface wafer temperature and process flow during each run with various III-V coating so that all process engineer can use to conduct production wafer growth in AIX200	2020-12-31	15		NIL	NIL	1	1	1	NIL	NIL	NIL	null		163	1373136557	4
145	Cost reduction	- Identify cost reduction opportunities \r\ni) Litho rework reduction[On track, current performance at <7%]\r\nii) Resist coverage(DUV to i-line)\r\niii) 3" process readiness[Done for litho area, 3" chuck and coating recipe]	2020-12-30	10		NIL	NIL	1	1	1	NIL	NIL	NIL	null		178	1776097184	4
163	COST: Cost saving	Cost saving\r\nReduce the cost of consumables\r\n1.Au in E-beam, sputter & Plating\r\n2. Pt in E-Beam	2020-12-15	10	SOP	NIL	NIL	1	1	1	NIL	NIL	NIL	null		209	1723530200	6
398	Branding & Marketing	To implement a branding and marketing strategy to enhance DenseLight's branding image	2020-12-31	15	Presentation of branding activities	NIL	Great work in improving brand image of DLS.	1	1	1	NIL	NIL	NIL	On Track		260	985791817	6
60	Production Planning (Achieve Target Revenue 2020)	Achieve US$7.6M revenue in 2020 as per AOP	2020-12-30	50	Revenue File	NIL	NIL	1	1	1	NIL	NIL	NIL	null		153	253052978	1
301	Production Planning System Improvement(Odoo)		2020-12-31	30	Odoo System	NIL	NIL	1	1	1	NIL	NIL	NIL	null		215	161961016	5
331	NPD Test Lab Operation	\tImplementation of tester SPC\r\n\tAutomate PER Test\r\n\tAutomate SOA Test\r\n\tDocumentation of new Tester Setup (SOA/PER/S21/RIN)	2020-12-30	25	Task3_Gantt.xlsx	NIL	NIL	1	1	1	NIL	NIL	NIL	null	Task3_Gantt.jpg	146	1616831965	3
515	Goal 2	Objective 2	2021-12-31	50		Due to Covid	OK noted	1	1	1	NIL	NIL	NIL	Not On Track		278	17	6
188	Support Revenue Thru Critical Program Execution (SOA)		2020-12-31	15	Produce SOA dies meeting program specification	NIL	NIL	1	1	1	NIL	NIL	NIL	null		194	290990818	3
139	APT	Achieve shipment goals and hit key metrics for APT	2020-12-31	25	Reports	NIL	NIL	1	1	1	NIL	NIL	NIL	null		149	759336758	4
342	Revenue Support	Recover CBT yield back to 85.6% (Q4) through baseline yield improvement breakthrough.\r\n\r\nQ3 Status:\r\nQ1 = 13 wafers tested, avg yield = 64.1%\r\nQ2 = 17 wafers tested, avg yield = 74.4%\r\nQ3 = 18 wafers tested, avg yield = 70.0%\r\nNo record of miss-shipment for first half of 2020.	2020-12-31	15	ELED Yield Improvement	NIL	NIL	1	1	1	NIL	NIL	NIL	null		169	1352141850	6
140	Projects	Drive KFA projects to conclusion	2020-12-31	25	Reports	NIL	NIL	1	1	1	NIL	NIL	NIL	null		149	759336758	6
229	KFA5.3	Efficient / effective integration between light source and agnostic platform (DPhi / optical interposer / fiber) for photonic integrated device application.	2021-01-01	10		NIL	NIL	1	1	1	NIL	NIL	NIL	null		234	2076006951	3
130	External Manufacturing	Improve and manage business relationship and KPIs with the subcons.	2020-12-31	25	Subcon Reports	NIL	NIL	1	1	1	NIL	NIL	NIL	null		149	759336758	4
173	Subcon Operational Management	To manage yield and cycle time of subcons	2020-12-31	25	QBR reports, SOWs	NIL	NIL	1	1	1	NIL	NIL	NIL	null		188	50985924	5
372	IT Management	Denselights Website on Google Analytics for Sales Department	2020-03-31	10	Configure automatically email to Sales Department for Analytics report monthly	NIL	NIL	1	1	1	NIL	NIL	NIL	null		164	1428738048	4
401	Monthly BOD report to be send out by 2nd week	Ensure Board will be update at the regular interval and progress of the company	2021-01-15	25	Date BOD ppt report email out	NIL	Good work here to send report on time.	1	1	1	NIL	NIL	NIL	On Track		261	988735390	5
402	Monthly closing within 4 working days	Financial reporting effectively close on the 4 working days after month end	2021-01-15	25	Date of closing and email out	NIL	Good job by the team here	1	1	1	NIL	NIL	NIL	On Track		261	988735390	5
358	Overcome the challenges in developing new products	1. Develop new products for DLS, start with high BW SLED product. \r\n2. Contribute to current DLS projects such as 25G DML, high power DFB and BH development to solve key issues in the growth of such wafers.	2020-12-31	10	Improve device's performances	NIL	NIL	1	1	1	NIL	NIL	NIL	null		163	1373136557	3
303	Achieve cost savings of >$250k for 2020	Achieve cost savings of >$250k for 2020	2020-12-31	30	PO Master data sheet	NIL	NIL	1	1	1	NIL	NIL	NIL	null		174	1904933651	4
309	APT Manufacturing		2020-12-31	25		NIL	NIL	1	1	1	NIL	NIL	NIL	null		159	689543953	5
320	Production Planning (Inventory & Materials/Forecast)		2020-12-31	20	Inventory and Forecast Files	NIL	NIL	1	1	1	NIL	NIL	NIL	null		213	426739617	4
332	Manpower Management	\tContinuous training of new Process\r\n\tTransparent & Regular communication\r\n\tAutonomy in known work routine\r\n\tOpen for suggestion in improving the testing process	2020-12-30	25	Task4_Gantt.xlsx	NIL	NIL	1	1	1	NIL	NIL	NIL	null	Task4_Gantt.jpg	146	1616831965	3
516	adi	aditya	2020-12-11	20	aishwary	NIL	NIL	1	1	1	NIL	NIL	NIL	null		277	18	3
247	Epi growth development for 25 G DFB based on AlGaInAs materials for 6 different wavelength for i-temp applications	Al based material growth in G4 MOCVD and device qualification\r\n\r\n- 10G/25G DML Al based epi structure qualification\r\n\tD-version Epi structure optimization\r\n\tR-version Epi structure optimization\r\n\tB-version Epi structure optimization\r\n\tB2-version Epi structure optimization (doped Barrier with 2E16 Zn)\r\n- High power CDWM DFB Al based Epi structure qualification (1270, 1290 nm, 1310, 1330 nm, 1350 nm and 1370 nm)\r\n- 25G DML for high speed \r\n- Create a SOP for Al materials growth \r\n- Develop a master recipe for Al based materials without any contamination such as Si, Zn and O free for each wavelength: Please follow the wafer list attached with this goal \r\n   a. Before any prime run , it is advisable to run one dummy run ( with high Al containing layers) to remove the O traces inside the reactor	2020-09-30	20	G4 log sheet	NIL	NIL	1	1	1	NIL	NIL	NIL	null		147	645448974	3
351	DFB 16xx: CBT yield goal	To achieve 75% of SMSR Yield for Almae wafer and 60% for Eulitha.	2020-12-31	20	To find out the best grating design for 16xx DFB	NIL	NIL	1	1	1	NIL	NIL	NIL	null	SMSR_vs_Kappa-L.JPG	252	10	3
364	Talent Succession Planning via Functional Reviews	Ensure sufficient Benchstrength	2020-09-30	20	Functional Reviews Minutes	We have finished the Functional Reviews for Operations, Process/Prod Engr, Supply Chain, Sales and we have identified 2 additional section managers - Aaron, Chuan Ye in Subbu's team.  We have also conducted 3 out of 6 leadership training to help the new leaders/supervisor improve their managerial knowledge.	Need to do annual talent ranking excercise	1	1	1	NIL	NIL	NIL	On Track		256	534558467	5
382	Team management for MFG, Fab B & MOCVD Equip and Facility	 Ensure all my team members always align to the company goals.  Maintain employee work schedules including assignments, job rotation, training, vacations and paid time off, good team communication, coverage for absenteeism, and all other work related scheduling. Goal is to ensure there is always good equipment support to the MFG need.  Empower employees to take responsibility for their jobs and goals. Delegate responsibility and expect accountability and regular feedback.  Foster a spirit of teamwork and unity among equip and other departments (MFG, Process, facility), allows for disagreement over ideas, conflict and expeditious conflict resolution, and the appreciation of diversity as well as cohesiveness, supportiveness , and working effectively together to enable each team members, other departments and company to succeed.	2020-12-31	10	Better team work and productivity	NIL	BS is a good manager but attrition rate is high for direct staff	1	1	1	NIL	NIL	NIL	On Track		259	135493917	5
335	Customer oriented, impartiality and honesty	- Serve internal customers at high satisfaction to meet performance expectations.  \r\n- Engage external customers with professionalism, fairness and honesty when doing activities and services.	2020-12-30	20	Checklist, Reports and documents	NIL	NIL	1	1	1	NIL	NIL	NIL	null		196	2047523461	1
373	IT Management	Implementation Sales module in Odoo  Intranet for Sales Department	2020-09-30	10	Modify Sales Module as per Sales Department requirements	NIL	NIL	1	1	1	NIL	NIL	NIL	null		164	1428738048	4
379	Software Management	Synchronization from Odoo  Intranet Sales to Quickbook on new Customer Account creation. Currently sales team still have to do double work to create a customer account in Odoo  Intranet and Quickbook	2020-12-31	10	Follow up with external 3rd party Odoo vendor (Pragmatic - India) to fix the issues on synchronization from Odoo to Quickbook or find other work around solutions	NIL	NIL	1	1	1	NIL	NIL	NIL	null		164	1428738048	4
380	6S, Housekeeping and Safety	 Take ownership for the housekeeping compliance for the team and drive the team to achieve Zero NC due to housekeeping and Zero non-conformance for Safety  Constantly communicate with the team and align them on housekeeping and safety protocol  Drive the team for the ability to detect safety gaps and resolve them.  Need to take ownership and responsibility for all safety related issues.  Inform supervisor immediately for serious incidents. Need to ensure execution of preventive and corrective actions so that there is no reoccurrence of similar issues.  Need to inform SM and above for Fab Evacuation and any Line Down issues	2020-12-31	10	Better 6S with reduced safety incident	NIL	Good safety record	1	1	1	NIL	NIL	NIL	On Track		259	135493917	5
304	Drive Subcon on time delivery and shorten lead time		2020-12-31	30	SUBCON WIP EXCEL TRACKING SHEET	NIL	NIL	1	1	1	NIL	NIL	NIL	null		174	1904933651	4
196	Facilty Project and repair	installation Of NEW new water cooling chiller system.\r\n\r\nRepair and install 13 new FFU for the clean room APT and FAB B.\r\n\r\nImplement at least 5 improvement projects by Dec 2020\r\n\r\nImplement 10 new SOP to improve the facility equipments reliability, be it hardware of system improvement.\r\n\r\nImprove Facilities maintenance program to zero out the facility breakdown. \r\n\r\nImprove the factory facility for better safety and work environment.	2020-12-30	35		NIL	NIL	1	1	1	NIL	NIL	NIL	null		197	1017729787	4
230	SOA	To assist in checking the device capability which meets the customer requirements.	2021-01-01	5		NIL	NIL	1	1	1	NIL	NIL	NIL	null		234	2076006951	3
295	NPD and NRE	To assist NPD in the process development samples execution to improve Time to Market	2020-12-31	10	NA	NIL	NIL	1	1	1	NIL	NIL	NIL	null		167	973701598	3
336	EHS improvement & compliance	- Implement DSL EHS policies.\r\n- Ensure DSL is a safe place to work.    \r\n- Comply with authorities requirements, such as permits, licenses, medical checks and safety measures. \r\n- Implement and improve existing EHS procedures and guidelines. \r\n- Ensure effective ERT (Emergency Response Team) organization\r\n- Review and improve ERP (Emergency Response Plan)\r\n- Regular EHS audit to monitor  effectiveness and performance.\r\n- Assist all departments to comply with the Risk Assessment, so as to identify and evaluate risks in their area and that the proper control measures are in place.	2021-12-30	40	Checklist, reports and EHS documents.	NIL	NIL	1	1	1	NIL	NIL	NIL	null		196	2047523461	6
321	Production Planning System Improvement(Odoo)		2020-12-31	30	Odoo System	NIL	NIL	1	1	1	NIL	NIL	NIL	null		213	426739617	5
314	ILM engineering and manufacturing processes and systems	ILM engineering and manufacturing processes and systems\r\n\tPlan and Support on ILM engineering and manufacturing for production line.\r\nA lot of things to learn at same time, run for production to meet shipping date.\r\nQuality VS Time	2020-10-30	10	Meet Q3 for Yield of boxes	NIL	NIL	1	1	1	NIL	NIL	NIL	null		220	231731743	6
307	Achieve and Revenue	Achieve US$ 7.5M  Revenue in 2020 as per base AOP.  Stretch goal is $3.4M\r\nOperations for Q4\r\nKey measures:\r\n1)\tMeet monthly and quarterly target.\r\n2)\tMaintain 90% Box yield for box assembly on Q3\r\n3)\tEnsure and maintain supply of raw materials in follow up and estimate of based on Q4.	2020-09-30	70	Meet Q3 for Yield of boxes	NIL	NIL	1	1	1	NIL	NIL	NIL	null		220	231731743	1
412	Quality	1) CONC, NCMR, RMA, SPC, Bin level SPC, Audits, PRM/ORT set up	2020-12-31	25	quality indices	NIL	Progress made on PRM/ORT, Bin Level SPC, audits, CONC	1	1	1	NIL	NIL	NIL	On Track		263	324340084	6
184	Revenue	target to reach US$5M above revenue from Greater China in 2020	2020-12-31	50		NIL	NIL	1	1	1	NIL	NIL	NIL	null		157	25957709	6
517	fff	fff	2020-12-11	100	ff	NIL	NIL	1	1	1	NIL	NIL	NIL	On Track		280	17	3
199	ELED production maintenance		2020-12-31	10	Produce ELED dies meeting program specification	NIL	NIL	1	1	1	NIL	NIL	NIL	null		194	290990818	4
201	FBGL production maintenance		2020-12-31	10	Produce FBGL dies meeting program specification	NIL	NIL	1	1	1	NIL	NIL	NIL	null		194	290990818	4
204	Support Runsheet Conversion to DMES		2020-09-30	10	Transfer all runsheets to DMES	NIL	NIL	1	1	1	NIL	NIL	NIL	null		194	290990818	4
126	Back up tools qualification	Release Grating etch recipe in SAMCO tool	2021-03-31	10		NIL	NIL	1	1	1	NIL	NIL	NIL	null		192	206959734	4
381	Training	 Take ownership for the team training needs and attendance.  Ensure MFG Engineer and Equip SM assigned training for team member are follow through closely.  Ensure training received by team members are aligned and help in the execution of their work responsibility.  Responsible to ensure OJT for new comers to address their working needs	2020-12-31	10	Skill and training record	NIL	Need to improve operator training in Fab B	1	1	1	NIL	NIL	NIL	On Track		259	135493917	5
374	IT Management	Implementation Manufacturing Order module in Odoo  Intranet for APT - Operation Department	2020-09-30	10	Modify Manufacturing Order Module as per APT - Operation Department requirements	NIL	NIL	1	1	1	NIL	NIL	NIL	null		164	1428738048	4
359	Train equipment engineer on MOCVD	1. Set up a procedure for AIX200 and G4 MOCVD reactor to work stable with proper maintenance schedule. \r\n2. Train equipment engineer the working principle of MOCVD and how AIX200 and G4 MOCVD reactor work. Explain key factors that need closely observation.	2020-12-31	10	MOCVD uptime	NIL	NIL	1	1	1	NIL	NIL	NIL	null		163	1373136557	5
369	NLW Laser / FBGL	To support sales and achieve the revenue for the NLW laser product	2020-12-31	16	To support sales and achieve the revenue for ILM product	NIL	NIL	1	1	1	NIL	NIL	NIL	null		252	10	1
355	ILM	To support sales and achieve the revenue for ILM product	2020-12-31	16	To support sales and achieve the revenue for ILM product	NIL	NIL	1	1	1	NIL	NIL	NIL	null		252	10	1
365	IT Management	Preparing Virtual Machine for 7 Virtual PC to hold 1 License of Windows 10 Pro, Ms Office 2019, JMP and Quickbook.	2020-03-31	10	Purchased Synology RS1619XS+	NIL	NIL	1	1	1	NIL	NIL	NIL	null		164	1428738048	4
377	Software Management	Tibco Spotfire and JMP implementation on Virtual PC	2020-09-30	10	Purchased 2 Virtual Machine (12 Virtual PC) to host 2 JMP licenses and also Tibco Spotfire installed on all VPC	NIL	NIL	1	1	1	NIL	NIL	NIL	null		164	1428738048	4
344	New Product Development	To add new product line-up in addition to company's existing product portfolio.	2020-12-31	15	Customer Engagement	NIL	NIL	1	1	1	NIL	NIL	NIL	null		169	1352141850	3
305	Reporting of Expense and Savings		2020-12-31	10	PO Master data sheet	NIL	NIL	1	1	1	NIL	NIL	NIL	null		174	1904933651	4
167	KFA 3.6 Timely Capacity Expansion for Revenue Ramp	To fulfill the goal of the KFA by \r\n1.) Establishing a capacity model, compute existing and forecasted volume.\r\n2.) Re-layout APT and ILM to improve efficiency	2020-12-31	20	G:\\Shared drives\\SBP Team Drive\\KFA 2020\\KFA 3 (Subbu and BS)\\KFA 3.6 (Syrex)	NIL	NIL	1	1	1	NIL	NIL	NIL	null		222	1014312820	4
165	KFA 1.3 People's Development and KFA 4.3 Automation in APT	To support and fulfill the goal of KFA 1.3 and KFA 4.3	2020-12-31	10	G:\\Shared drives\\SBP Team Drive\\KFA 2020	NIL	NIL	1	1	1	NIL	NIL	NIL	null		222	1014312820	4
169	Office Administration	a. Ensure all Corporate Travel request are approved in FYLE before requestor can proceed to make travel booking. \r\nb. Overseeing general office operation  answering phone calls, purchasing and maintaining proper stock for office supplies Stationary, cleaning, pantry use, office furniture and fixture. \r\n    i. Managing office cleaner and part-time cleaner to maintain office hygiene. \r\nc. Manage and follow up on Company Safety License and Permit Renewal on yearly basis. \r\nd. Assisting Safety Officer on the application for TLD badge (Arsenic & Radiation test) with NEA.  [MOCVD staff]\r\ne. Support on ad hoc Project administration and coordination to the needs of CEO and the Senior management team. Maintaining the overall work plan, project plans and tracking key tasks. Example: COVID-19 CB planning, Follow-up and compiling Employees Travel & Health Declaration, Collate PMP from employees	2020-12-31	25		NIL	NIL	1	1	1	NIL	NIL	NIL	null		207	1779366736	6
166	Executive Assistant	a. Manage CEOs calendar, advise on conflicting events and carry out multiple rescheduling as necessary.\r\nb. Prepare and compile monthly Townhall presentation decks\r\nc. Manage the Travel bookings timely, accurate and represent good value for money.	2020-12-31	10		NIL	NIL	1	1	1	NIL	NIL	NIL	null		207	1779366736	6
170	Supply Chain - Goods Receiving	a. Ensure 100% goods received are processed in QuickBooks in a timely and accurate manner\r\nb. Process Improvement on Goods Received Flow	2020-12-31	10		NIL	NIL	1	1	1	NIL	NIL	NIL	null		207	1779366736	6
171	Sales & Marketing	a. Project completion on revamping the website\r\nb. Work with PE and PPC team to clean up all Product lists and remove the obsolete ones. Also, to understand from them which products are difficult to build\r\n-\tUpdate all Product Brochures with up-to date Product list\r\n-\tMaintain the website with up-to date Product list\r\nc. Improve DenseLight branding through social media. Create social media contents and post it twice a month in LinkedIn\r\nd. Provide Customer Service support for USA region \r\n-\tQuote within 48hours after receive an inquiry\r\n-\tEnter Sales Order and then send Order confirmation to Customer within 48hours after PO receive.\r\n-\tSupport after-Sales support such as chase for payment and provide shipping document to Customer after shipment has shipped.	2020-12-31	55		NIL	NIL	1	1	1	NIL	NIL	NIL	null		207	1779366736	6
176	KFAs	To ensure objectives of participating KFAs are achieved	2020-12-31	25	KFA Reports	NIL	NIL	1	1	1	NIL	NIL	NIL	null		188	50985924	5
164	Aging WIP reduction and Establish Utilization tracking	1. To reduce the Aging WIP in both manual station and autobar station based on the PPC plan by fully utilizing the equipment usage. \r\n2. To establish utilization tracking to track operations performance.\r\n3. To establish OEE and achieve a target of 60%, using Auk solutions software.\r\n4. Achieving cleaving CT 95% percentile 5 days.\r\n\r\nTracking Source/Documents:\r\n * email and weekly presentation report in the ops meeting\r\n1. G:\\Shared drives\\APT Team Folder\\APT Reports and Tracking\\Aging WO Tracking\r\n2. G:\\Shared drives\\APT Team Folder\\APT Reports and Tracking\\Machine Utilization\r\n3. The program was on-hold after the pilot phase. It is found that it still require another set of sensor and AI to calculate the true OEE considering the 3 components such as Availability x Peformance x Quality.\r\n4. G:\\Shared drives\\APT Team Folder\\APT Reports and Tracking\\WO CT_excel	2020-05-13	50	1.) G:\\Shared drives\\APT Team Folder\\APT Reports and Tracking	NIL	NIL	1	1	1	NIL	NIL	NIL	null		222	1014312820	4
168	PDMS Data Migration	Continuously support the team to complete the PDMS Data Migration to the its  Database by \r\n1. Establishing a folder structure and naming convention.\r\n2. Rectifying issues found in the test folders.	2020-12-31	3	http://pdfwin.denselight.com:8080/spotfire/library?guid=3b65dd09-212a-47b7-9ebf-71d860a42337	NIL	NIL	1	1	1	NIL	NIL	NIL	null		222	1014312820	4
177	Identify and Fill all 2020 budgeted positions	1. Hire technicians and operators to fill the vacant positions, a total of 3 headcounts to hired. Provide training to operators.\r\n- Hired technicians were stuck in Malaysia due to pandemic.\r\n\r\n2. Reduce Attrition rate by 50%\r\n- This is data driven. Must understand the reasons behind attrition rate. Secondly, need to determine which department is the main contributor of the attrition rate. \r\n-If related to APT and mainly because of the training. The data must be tabulated to prove the hypothesis. Besides, all the apt operators were trained and certified which the document is keep by HR.	2020-12-31	2		NIL	NIL	1	1	1	NIL	NIL	NIL	null		222	1014312820	5
185	sale channels/distributors	Sign two or more distributors in Greater China	2020-12-31	25	Distribution contract documents	NIL	NIL	1	1	1	NIL	NIL	NIL	null		157	25957709	1
518	sss	ss	2020-12-11	100	ss	NIL	NIL	1	1	1	NIL	NIL	NIL	null		282	17	3
175	APT operational improvements	To commision and complete buy-off of new APT equipment and to create new recipes, if required.	2020-12-31	25	Buyoff reports	NIL	NIL	1	1	1	NIL	NIL	NIL	null		188	50985924	4
174	Development of new products at subcons	To develop new engineering products at various subcons	2020-12-31	25	SOWs, ATRs	NIL	NIL	1	1	1	NIL	NIL	NIL	null		188	50985924	3
322	Cost Reduction/Capex Avoidance	Yelo Burn-in Machine Qualification to COS  Q2\r\nILX Module Burn-in Capacity Improvement  Q3\r\nReview the gap between ST1 and ST4. Define actions that we can take to bring up ST1 to be as capable as ST4. Provide proposal to management.	2020-12-31	30		NIL	NIL	1	1	1	NIL	NIL	NIL	null		181	1536568573	4
310	Capacity Improvement	Implement Set-up for BFs Coil winding. Done\r\n\r\nBut I put addition foam to prevent from wobbly and also install holder fiber tool so that your hand can be brake for spool\r\n\r\nIt can work on FOS4X coil, I would like to experiment on it later or soon.	2020-10-30	10	Upgrade modify	NIL	NIL	1	1	1	NIL	NIL	NIL	null	Coil.jpeg	220	231731743	4
337	Development of Instrument class libraries for automation	To develop and maintain class modules and libraries for various hardware/instrument/devices available in lab and that procured for use in future projects.	2020-12-31	50	Kanban Board	NIL	NIL	1	1	1	NIL	NIL	NIL	null		183	711389827	4
475	40mW FBGL module		2020-12-31	15		NIL	NIL	1	1	1	NIL	NIL	NIL	null		145	1813039923	3
345	MOPA development	Develop 200mW MOPA prototype for WindLidar applications	2020-11-30	20		NIL	NIL	1	1	1	NIL	NIL	NIL	null		145	1813039923	3
505	Hunet Test	Hunet Test	2020-09-09	100		NIL	NIL	1	1	1	NIL	NIL	NIL	On Track		\N	17	1
311	APT Manufacturing		2020-12-31	25		NIL	NIL	1	1	1	NIL	NIL	NIL	null		159	689543953	6
323	Production Cost Improvement	Process Yield Improvement/Scrap Reduction:	2020-12-31	20		NIL	NIL	1	1	1	NIL	NIL	NIL	null		181	1536568573	4
182	DPHI implementation, including HIPP to OE solutions engineering	Design of OE solutions based on DPhi technology. \r\n- Optical Engine\r\n- Optical Transceiver\r\n- Narrow Linewidth Engine	2021-03-01	20	Patents/Design documents/Technical reports	NIL	NIL	1	1	1	NIL	NIL	NIL	null		200	1777433913	3
519	dd	dd	2020-12-11	100	dd	NIL	NIL	1	1	1	NIL	NIL	NIL	null		283	18	3
181	DLS-AMF MOU and POC1&2	To successfully complete collaborative project with AMF for \r\n1) POC1 - Demonstration and analysis of optical coupling between Mode field adapter (MFA) devices and edge coupler on AMF Silicon Photonics platform.\r\n \r\n2) POC2 - Deliver a Flip-chip solution for InP devices on Silicon photonics platform and demonstration of Flip-chip coupling on AMF Silicon Photonics platform.	2021-03-01	30	Design documents/Technical reports	NIL	NIL	1	1	1	NIL	NIL	NIL	null		200	1777433913	3
180	DPhi and Optical Engine solutions Technical Directions	To develop and contribute to the collective technology and know-how of DPhi which provides Denselight with the competitive edge in the integrated photonics market.	2021-03-01	30	Patents/Design documents/Technical reports	NIL	NIL	1	1	1	NIL	NIL	NIL	null		200	1777433913	3
183	Denselight Semiconductor Optical Amplifier (SOA) development program	Identifying and proactively provide technology development engineering support to NRE programs, NPI projects, Product Engineering, and APT, in the area of advanced packaging integration & related test engineering	2021-03-01	20	Design documents/Drawings/Technical reports	NIL	NIL	1	1	1	NIL	NIL	NIL	null		200	1777433913	3
203	Support Conversion of 2" to 3" Wafer Processing		2020-12-31	15	3" wafer fabrication successful with comparable yield as 2"	NIL	NIL	1	1	1	NIL	NIL	NIL	null		194	290990818	4
189	pico track qualification	1.already finished all coating recipe qualification and 1 develop recipe qualification at July-2020\r\n2.will finish other develop recipe qualification before Nov-30th-2020"	2020-11-30	20		NIL	NIL	1	1	1	NIL	NIL	NIL	null		\N	589561367	5
338	DITA Platform Build	To develop, maintain and enhance DITA to cater to everyday needs of Test Automation.	2020-12-31	50	Kanban Board	NIL	NIL	1	1	1	NIL	NIL	NIL	null		183	711389827	4
207	Meet revenue target	To achieve revenue target in 2020. Revenue target is , for 16xx DFB US$1857K and for other products US$3285K in China market( Company's annual sales revenue is US$13440K).	2020-12-31	50		NIL	NIL	1	1	1	NIL	NIL	NIL	null		195	1369735000	1
206	To promote new products to customers	Promote new products( 25G CWDM4 DFB, 1550nm gain chip and SOA etc) to telecom customers, such as tranceiver makers, Huawei, ZTE etc.	2020-12-31	40		NIL	NIL	1	1	1	NIL	NIL	NIL	null		195	1369735000	3
394	Operational Efficiency	To implement programs and or processes that enable sales to increase operational efficiency	2020-04-30	15	Presentation of system/s that increase efficiency	NIL	Good job on the SOA, CRM implementation in Odoo.	1	1	1	NIL	NIL	NIL	On Track		260	985791817	4
187	Support Revenue Thru Critical Program Execution (Low DOP)		2020-12-31	15	Produce Low DOP dies meeting program specification	NIL	NIL	1	1	1	NIL	NIL	NIL	null		194	290990818	3
208	Routine work	Routine work, such as to join weekly revenue call, invite R&D engineer to introduce our new products to customers and provide forecast to factory etc	2020-12-31	10		NIL	NIL	1	1	1	NIL	NIL	NIL	null		195	1369735000	6
354	KFA 3.2	To establish centralized database for Denselight starting from fab A to APT	2020-12-31	16	To establish centralized database for Denselight starting from Fab A to APT	NIL	NIL	1	1	1	NIL	NIL	NIL	null		252	10	4
375	IT Management	Implementation Inventory Planning module in Odoo  Intranet for PPC Department	2020-09-30	10	Modify Inventory Module as per PPC Department requirements	NIL	NIL	1	1	1	NIL	NIL	NIL	null		164	1428738048	4
370	IT Management	Telephone line upgrade, Starhub Telephone Lines configuration and tracing lines points	2020-03-31	10	Prepare rack for Starhub Gateway and lines hubs	NIL	NIL	1	1	1	NIL	NIL	NIL	null		164	1428738048	4
234	01) DPHI HIPP Process Engineering Optical Engine Development Documentation	Process capability development by implementation of HIPP packaging process technology for Silicon Photonics (SiPh) based optical engine products. HIPP process definition, process execution, technical analysis, reporting, and documentation.	2020-12-31	20		NIL	NIL	1	1	1	NIL	NIL	NIL	null		171	9327697	3
228	High Power DFB	To develop a disruptive, high power performance from CW DFB for the telecom/datacom/CWDM applications according to customer's requirements.	2021-01-01	80		NIL	NIL	1	1	1	NIL	NIL	NIL	null		234	2076006951	3
240	07) Quality System Audit	Support QA and External Manufacturing teams on Supplier & Customer Quality Audit and ISO9000 Internal Quality Audit.	2020-12-31	8		NIL	NIL	1	1	1	NIL	NIL	NIL	null		171	9327697	4
241	08) DenseLight Manufacturing Execution System (DMES) support	Support QA and IT teams in validating the changes in the runsheet to ensure no bugs and no issue will be encountered when production use the runsheet.	2020-12-31	2		NIL	NIL	1	1	1	NIL	NIL	NIL	null		171	9327697	4
242	Customer Quality: RMA/Customer Complaints and Feedback	1.\tReduction of customer Valid RMA\r\n-\tReduce customer RMA to 30% from the previous year (2019)\r\n2.\tReduction RMA closure cycle time (CAPA submission)\r\n-\tReduce RMA Interim report submission to 30days (upon received of complete information or RMA units)\r\n-\tReduce RMA Final CAPA closure time to 60days (upon received of complete information or RMA units)	2020-12-31	30	Customer Complaint/RMA Record	NIL	NIL	1	1	1	NIL	NIL	NIL	null		180	1611091001	1
346	1560nm Module	Develop 1560nm FBGL module	2020-12-31	15		NIL	NIL	1	1	1	NIL	NIL	NIL	null		145	1813039923	3
277	Equipment maintenance, CIPs and mindset change	\tPerform at least 10 improvement to the machine for better productivities or machine reliability. \r\n\tTo ensure the team login and update the Equipment status properly into the daily equipment status tracking file.   \r\n\tTo be able make logical and decisive decision to safe guard the company need. \r\n\tGood to raise concern, but always come up the work around solutions to get things moving.	2020-12-30	20		NIL	NIL	1	1	1	NIL	NIL	NIL	null		237	22592094	4
399	Prepare product costing from May to Nov 2020	Prepare product costing for pricing and reference cover FBGL to ILM	2020-12-31	25	Costing excel worksheet	NIL	David has done well in understanding the product costing	1	1	1	NIL	NIL	NIL	On Track		261	988735390	4
160	QUALITY: Documentation for Processes & Tools, Training of Operators and Asses them, NCMR closure	Documentation for all processes & tools\r\n\r\nTraining of Operators and Asses them\r\n\r\nNCMR closure on time	2021-03-01	10	No undocumented processes & tools- SOP, WI, ECN	NIL	NIL	1	1	1	NIL	NIL	NIL	null		209	1723530200	6
224	Perform In house ECV measurements on InP-InGaAsP layers	-Perform ECV measurements to check the doping level\r\n-Verify DLS measurements with that of CSDC measurements\r\n-Make sure ECV hardware is operational\r\n-Design a calibration procedure to maintain the accuracy of dopant profiles	2020-12-31	30	ECV Doping profile document	NIL	NIL	1	1	1	NIL	NIL	NIL	null		211	1510925941	6
312	APT Manufacturing		2020-12-31	25	Revenue (To achieve shipment goals)	NIL	NIL	1	1	1	NIL	NIL	NIL	null		159	689543953	6
179	NPD: 25G coating Qual (Alu DFB) in Denton I29, Low stress SiO2 film for 25G projects, Low Stress SION recipe in Oxford for 25G products/ Renesas projects, KFA 5.2 : BH development	25G Qualification in Denton I29\r\n 1. DOE for the Ar ablation \r\n 2. AR & HR coating stacks for Alu containing QWs in Denton I29\r\n 3. Coating Jig for 150um CL\r\n 4. Develop Ar sputter recipe and show no Al at interface\r\n 5. AR coating for Hermetic devices- HTOL + TS + ESD pass\r\n 6. AR/HR coating for non-Hermetic devices- Pass HTOL, TS, ESD & USDH\r\n\r\nLow stress SiO2 film for 25G projects\r\nSiO2 Film analysis: \r\n1. RI\r\n2. uniformity\r\n3. Stress\r\n4. Etch rate\r\n\r\nLow Stress SION recipe in Oxford for 25G products/ Renesas projects\r\nProcess optimization for SION recipe in Oxford\r\n\r\nKFA 5.2 : BH development	2021-03-01	30	Need to pass Qual criteria (HTOL, Thermal shock & UDH). Documentation for the processes in the tool	NIL	NIL	1	1	1	NIL	NIL	NIL	null		209	1723530200	3
178	OPERATIONS: Denton I29 complete Qualification ( Tool Qual & Product Qual),  AR & HR coating Jigs, Productivity improvement in Oxford and Trion, Back up tool, Oxford AR coating back up for Trion, Daitron Bar stacker Qual & Jig Duplication, Filmetrics F40-ERX Qual, Cary 5000 Spectrophotometer Qual	Denton I29 Tool qualification\r\n 1. Tool Installation: \r\n 2. Process development: calculate n and k values, TF, Recipe developments, \r\n 3. Coating designs for AR & HR\r\n 4. Deposition & spectral measurement for the stacks\r\n 5. Tool Qual: SLED & DFBs\r\n      ( Process development, Deposition ) \r\n      ( Pass- CBT, HTOL, TS & ESD )\r\n\r\nProduct Qual in Denton I29\r\n 1. ELEDs:  CBT & HTOl 2000Hrs Qual\r\n 2. SOA High Psat-  CBT & HTOl 2000Hrs Qual\r\n\r\nAR & HR coating Jigs\r\n\r\nProductivity improvement in Oxford and Trion\r\n\r\nBackup tool readiness\r\n\r\nOxford AR coating back up for Trion\r\n\r\nDaitron Bar stacker Qual & Jig Duplication\r\n\r\nFilmetrics F40 ERX new tool Qual and release for production\r\n\r\nCary 5000 Spectrophotometer Qualification	2021-03-01	50	Need to pass Qual criteria (HTOL, Thermal shock & UDH). Documentation for the processes in the tool	NIL	NIL	1	1	1	NIL	NIL	NIL	null		209	1723530200	4
225	Support activities focused on improvements of the workflow in Fab A	-Set up SPC for Fab A tools as well as various products to monitor and analyze process input parameters and output characteristics which affects the quality of epilayer growth\r\n-Work on monthly KPI reports and send it on time\r\n-Create/Revise procedures for measurement as well as preventive maintenance for various equipment in Fab A\r\n-Provide actual information about grown wafers to Fab B engineers	2020-12-31	30		NIL	NIL	1	1	1	NIL	NIL	NIL	null		211	1510925941	4
223	Conduct supervised growth campaign for standard DLS products (SLEDs and ELEDs) on Aix 200	- Write/modify recipes for single Q layer calibration runs\r\n- Write/modify recipes for MQW calibration runs\r\n-Perform standard characterization :PL,XRD, Visual Inspection\r\n-Interpret characterization results and do flow corrections for growth on Prime substrates\r\n-Prepare GATR reports for Prime wafer growths on Aix 200 and G4 reactor\r\n-Keep up to date information regarding growth runs, characterizations, and wafer transfer details	2020-12-31	40	Aix 200 logsheet, Wafer transfer form	NIL	NIL	1	1	1	NIL	NIL	NIL	null		211	1510925941	6
520	cc	cc	2020-12-11	100	cc	NIL	NIL	1	1	1	NIL	NIL	NIL	null		284	17	3
116	KFA 5.1 - Product Development System	1. Improvement and Implementation PRA and RFC\r\n\r\n2. Improvement and Implementation of PDM\r\n\r\n3. Develop Benchmarking method \r\n \r\n4. Implement ROI template	2020-12-31	5	Monthly KFA 5 update to management	NIL	NIL	1	1	1	NIL	NIL	NIL	null		144	430837474	5
235	02) DPHI HIPP Process Engineering Optical Engine Suppliers Management	Develops engineering process capabilities of external outsource partners to execute HIPP for both prototyping and production phases. Establish outsourcing partners; qualified modular process building blocks, technical specifications, drawings, scope-of-work, reports and lots-compliance requirements.	2020-12-31	20		NIL	NIL	1	1	1	NIL	NIL	NIL	null		171	9327697	3
239	06) Technical Documentation (QA DCC)	Gap analysis to verify technical documents. Sales datasheet creation. Product Data Management Systems (PDMS) product specification QA support.  Product development model (PDM) documentation compliance for every phase gate before phase exit until production transfer.	2020-12-31	20		NIL	NIL	1	1	1	NIL	NIL	NIL	null		171	9327697	4
236	03) DPHI AMF(POC1&2) HIPP Process Engineering Support	Provide HIPP Process Engineering support for DPHI Silicon Wafer Backend Processing (POC2.3) and DPHI Flip Chip Assembly (POC2.4) activities.	2020-12-31	8		NIL	NIL	1	1	1	NIL	NIL	NIL	null		171	9327697	3
237	04) KFA5.3 HIPP Process Engineering Support	Development of new HIPP roadmap capabilities, processes and engineering advancements.	2020-12-31	2		NIL	NIL	1	1	1	NIL	NIL	NIL	null		171	9327697	3
238	05) Quality Management System (QMS)	QMS documentation gap analysis and document control centre QMS documentation reviews. Keep and control all document and data pertaining to QMS documentation procedure, work instructions and manufacturing specs.	2020-12-31	20		NIL	NIL	1	1	1	NIL	NIL	NIL	null		171	9327697	4
120	Operations	Create back up tool run path for one of a kind tools	2020-12-31	20	Wafer acceptance by NPD and pass reliability (2000hrs HTOL pass)	NIL	NIL	1	1	1	NIL	NIL	NIL	null		218	673813648	6
297	Work Order Automation	Introduce APT Work Order Automation thru ODOO	2020-12-31	30	DLS KPI Dashboard	NIL	NIL	1	1	1	NIL	NIL	NIL	null		162	1982477965	6
243	In-Process Quality Assurance Improvement Activities	1.\tImprovement to In-coming Quality Assurance\r\n-\tEstablish Incoming Process Control for direct materials (substrates, mask plates, chemicals, gases, others,) using the COC of these materials\r\n-\tCreate incoming inspection request google form and deploy to PPC for any materials required incoming inspection\r\n-\tCentralize documentation and acceptance for incoming material inspection by creating google shared drive for all department incoming material documentations and approval\r\n2.\tImprovement to Process compliance\r\n-\tRe-establish Monthly Quality Patrol Audit to counter check process and manufacturing process compliance to requirement and standard. To check Recipe, Runsheet, GATR, WAT and Test data & results (FMEA, Control Plan and SPC check included)\r\n-\tInclude 6S in the audit checklist to support the 6S program\r\n3.\tRe-institutionalize good housekeeping such as 6S program\r\n-\tConduct 6S orientation/training to all employee. \r\n-\tReward and commendation every townhall for best department 5S performance	2020-12-31	30	Incoming Record, Incident Notice Report, Audit Report	NIL	NIL	1	1	1	NIL	NIL	NIL	null		180	1611091001	4
244	Supplier Quality and CoNC Improvement	1.\tReduction Cost of Non-conformance (CoNC)\r\n-\tReduce Cost of Non-conformance (CoNC) by <5% with respect to the total cost of goods sold (COGS)\r\n2.\tImprovement of External Manufacturing Performance\r\n-\ta)\tReduce Reject/Scrap rate by 2%\r\n-\tb)\tReduce Vendor CoNC by 2% from previous year (2019)\r\n-\tImprove response time to quality issue\r\no\tInterim Report submission 7 days\r\no\tFinal closure 30 days\r\n3.\tImprovement of external manufacturing change management\r\n-\tConduct on-site periodic audit for Ext. Mfg. to ensure change management is being practice\r\n-\tEstablish remote audit system for top tier (or with high quality issues) raw materials supplier	2020-12-31	30	CoNC Report, SCAR, Audit	NIL	NIL	1	1	1	NIL	NIL	NIL	null		180	1611091001	4
245	New Product Development (NPD) / Product Quality Engineering (PQE) / Quality System	1.\tInvolvement of QA function to new product development\r\n-\tEstablish QA gates for each New Product Development Phases\r\n\r\n2.\tEstablish a groundwork for Quality Management System align with automotive standard (TS16949)\r\n-\tAttend (if required) Automotive Industry Standard course/training\r\n-\tAssist QA Manager to prepare system documentations and system	2020-12-31	10	Updated PDM Procedure, QMS gap analysis	NIL	NIL	1	1	1	NIL	NIL	NIL	null		180	1611091001	5
249	Transfer the recipe for production run in DCC folder	Freeze the recipe for Low DOP products and production wafers (54708T high volume product) based on the inputs previously grown wafers.	2020-12-31	5	DCC folder	NIL	NIL	1	1	1	NIL	NIL	NIL	null		147	645448974	6
250	Regrowth recipe optimization in G4 MOCVD	RG recipe development in G4 MOCVD on grating written wafers\r\n- Bottom grating optimization (Grating optimization before active growth) \r\n- Top grating optimization (Grating RG on top of the Quantum wells)	2020-12-31	10	Qualification report	NIL	NIL	1	1	1	NIL	NIL	NIL	null		147	645448974	6
252	Bottom grating optimization	Renesas growth development\r\nStep1A: bottom grating layer growth optimization	2020-06-30	10	Submitted report during Project with Renesas	NIL	NIL	1	1	1	NIL	NIL	NIL	null		147	645448974	3
253	Growth uniformity improvement	Evaluation and improve growth uniformity W2W and R2R for all 11 slots in G4 MOCVD	2020-12-31	5	Report	NIL	NIL	1	1	1	NIL	NIL	NIL	null		147	645448974	3
254	25G(CWDM4) and 10G Direct Modulation DFB LD NPD	1.\t10G c-Temp & 10G i-Temp DML NPI\r\n-\tCompletion of alpha-phase\r\n-\tCompletion of gamma-phase\r\n \r\n2.\t25G c-Temp DML NPI \r\n-\tCompletion of alpha/beta-phase\r\n-\tCompletion of gamma-phase\r\n\r\n3.\tDemo of BH based 25G DML for i-Temp\r\n-\tIth < 10mA @ 25C\r\n-\tS21 > 17GHz @ 85C, for 55~70 mA	2020-09-30	30	1. Lean Six Sigma Report on the 0.5um-SiO2 Spacer 25G DML report. 2. Completion of 25G c-Temp DML Design Review 3. Device demo of DLS-G4 AlQ based25G DML (BH version)	NIL	NIL	1	1	1	NIL	NIL	NIL	null		205	1602769597	3
275	Equipment maintenance, CIPs and mindset change	\tComplete all schedule PM and critical equipment PM by Q420, ensure that the integrity of the checklist is upheld and error free.\r\n\tNew Equipment Hookups onsite by End Dec 2020\r\n\tOxford PECVD and ICP PLC Upgrading work by End Nov2020 \r\n\tReduce unplanned down-time by 5 % compare to 2019 for 2020	2020-12-30	20		NIL	NIL	1	1	1	NIL	NIL	NIL	null		237	22592094	4
288	Achieve US$ 12.1M revenue in 2020 as per base AOP.  Stretch goal is $14.1M	Key measures:\r\n1)\tMeet 100% forecast for FY20.\r\n2)\tMaintain 90% Box yield for box assembly.\r\n3)\tMaintain zero safety incidents per month\r\n4)\tEnsure and maintain supply of raw materials or COGS.\r\n5)\tDefine PM/Calibration schedule for all equipment used for ILM and ensure all machines are calibrated on time.	2020-12-31	1		NIL	NIL	1	1	1	NIL	NIL	NIL	null		177	1913240580	6
420	Revenue	target to reach US$5M above revenue from Greater China in 2020	2020-12-31	50		NIL	NIL	1	1	1	NIL	NIL	NIL	null		265	25957709	6
421	New Design in	Get at least 4 design win in 16xx DFB10G/25GD or SOA	2020-12-31	25	new orders.	NIL	NIL	1	1	1	NIL	NIL	NIL	null		265	25957709	3
422	AXT Wafer Substrate/Almae Grating/Regrowth Qual	1. ESD\r\n\r\n2. 2000hrs HTOL	2020-04-09	1		NIL	NIL	1	1	1	NIL	NIL	NIL	null		155	931345185	3
425	Yelo System Set-Up/Acceptance	1. System delivered\r\n\r\n2. System buy-off	2020-02-07	1		NIL	NIL	1	1	1	NIL	NIL	NIL	null		155	931345185	5
426	Low DOP SLED Development	1. Panwoo 5000 parts delivery	2020-06-30	1		NIL	NIL	1	1	1	NIL	NIL	NIL	null		155	931345185	3
477	1310nm Broadband SLED Development	Successful development of a SLED with 3dB BW 115nm, Power 6mW	2021-07-01	1		NIL	NIL	1	1	1	NIL	NIL	NIL	null		155	931345185	3
395	New Product Design Wins	Win designs with new product	2020-12-31	20	Order from customer	NIL	27 new customer wins in Q1-Q3 in 2020. Good job.	1	1	1	NIL	NIL	NIL	On Track		260	985791817	3
415	Projects	Drive KFA projects to conclusion	2020-12-31	25	Reports	KFA1.4 (Improve communication amongst team)- In progress. Launched Google Chat and next steps is to introduce the entire google ecosystem to improve the collaboration amongst all Denselighters.\r\nKFA3.1 (Cost effective External Manufacturing Strategy) - Subcon strategy is defined. Qualifying new subcons to meet and deliver 25G products to our customers. 2nd source in AFR for FBGL.\r\nKFA4 (Lead KFA 4 Build and deliver effective and\r\nefficient business process and systems.) - Overall progress is good.	NIL	1	1	1	NIL	NIL	NIL	On Track		264	759336758	6
417	Procurement	Drive for cost savings with the suppliers and ensure supply assurance.	2020-12-31	25	Reports	2020 CAPEX is managed well and below AOP.\r\nSourced and selected FCM (Travel Management Company) that offer the lowest cost of travel.\r\nOn target to achieve cost savings target >$250k for 2020.\r\nDeveloped the mechanism to track cost savings with Finance.\r\nAll POs are issued timely to suppliers. \r\nGoods flow has been semi-automated to improve efficiency.	NIL	1	1	1	NIL	NIL	NIL	On Track		264	759336758	4
506	Hunet Test	hunet test	2020-09-09	100		hunet test	Hunet Test Manager	1	1	1	NIL	NIL	NIL	On Track		\N	17	1
231	Test Setup Familiarity	Familiarisation of different device requirements by understanding different test setup and program-respective critical parameters.	2021-01-01	5		NIL	NIL	1	1	1	NIL	NIL	NIL	null		234	2076006951	3
256	Design and Realization Flip-Chip-Capable MFA Integrated CW-DFB-LD for AMF-Denselight Collaboration :	Design and Realization Flip-Chip Capable MFA Integrated CW-DFB-LD for AMF-Denselight Collaboration :\r\n\r\nObjectives:\r\nPOC1:\r\n1.\tDelivery of LD chip mount on CoS with 50um protrusion\r\n2.\tOptical coupling measurement of LD+TWG and Si-Ph Edge-Coupler\r\n3.\tCoupling simulation of LD+TWG and Edge-Coupler\r\nPOC2:\r\n4.\tPropose and execute InGaAsP and AlGaInAs MQWs based epi structures for high power FC CW-DFB-LD \r\n5.\tDesign and realization of MFA integrated InGaAsP and AlGaInAs MQW based CW-DFB with Lcav=1mm, \r\n5.1) Determination of grating InP-spacer\r\n5.2) Overall device integration\r\n6.\tFurther simulation of MFA with modal analysis of ridge on TWG devices\r\n7.\tOverall design consideration of the Z-Stop for LD+TWG and BH based CW-DFB-LD for Si-Photonic Platform	2020-12-31	30	1POC1 :  -Joint POC1 Report Generation  POC2: -Mask tape-out of MFA-integrated CW-DFB-LD  -Delivery of a flip-chip capable TWG-integrated Lcav=1mm CW-DFB-LD	NIL	NIL	1	1	1	NIL	NIL	NIL	null		205	1602769597	3
255	Design and Realization of Buried Heterostructure Platform	1.\tPhysical Parameter Design for BH Engineering Masks\r\n2.\tBH Device Structure Simulation/Analysis \r\n3.\tBH Device Structure Requirements\r\n4.\tCharacterization and optimization of Fe-InP via N-i-N \r\n5.\t1st demo of InGaAsP BH FP-LD\r\n-\tExperimental in, and modal gain to be comparable to Ridge-Based InGaAsP FP\r\n6.\t1st demo of InGaAsP BH LDOP SLED\r\n-\tLOP > 1.5mW @ 100mA\r\n-\tPER ~ 1.2 @ 100mA\r\n-\tBW >  30nm \r\n-\tFF <  42 (v) x 30 (h)\r\n7.\t1st demo of G4-AlQ based BH FP/DFB-LD, Lcav=250um\r\n-\tIth < 10mA @ RT,  20mA @ 85C\r\n-\tPout > 20mW for Iop=60mA @ RT	2020-12-31	30	1.\tBH Engineering Mask tapeout 2.\t1st demo of InGaAsP BH FP-LD 3.\tLaser material characterization of BH InGaAsP FP-LD 4.\tDevelop BH LDOP SLED to match Panwoo LDOP SLED spec.	NIL	NIL	1	1	1	NIL	NIL	NIL	null		205	1602769597	3
257	Strategic InP-PIC Platform (KFA5.4) Contribution:	1. Lead the Review of Strategic Building Blocks toward Photonic Integration on InP\r\n2. Evaluate Strength/weakness for the various techniques to Photonic Integration\r\n3. Evaluate if MFA can be implemented using the various PIC techniques\r\n4. Lead Strategic Plan of Development of Building Blocks for InP-PIC for Application in IoT and Next-Gen Transmit Lasers, using :\r\n- EML (DFB/EAM Integration)\r\n- Tunable LD (DBRs/PS Integration\r\n- SLED/PIN PIC Transceiver for FOG\r\n5. Provide the Work-Packages and the High-Level Strategy to Realize EML base on Selective-Area Epitaxy and Butt-Joint Approach	2020-12-31	10	1. Consolidated Report of PIC work-packages development	NIL	NIL	1	1	1	NIL	NIL	NIL	null		205	1602769597	3
261	Operational Cost Management	- Cost Saving Project  - to reduce the operation cost by 5%\r\n- To source for 2nd source material supplier and certify by process engineer\r\n- Collaborate with supplier for bulk purchase to avoid high freight / delivery charge\r\n- Reduce wastage by proper planning and batching wafers processing	2020-12-31	20	Weekly Operation report	NIL	NIL	1	1	1	NIL	NIL	NIL	null		160	52374544	4
306	Facilty Team works	Expected behaviors traits for quality excellence \r\n        Need to have initiative to learn, apply and improve\r\n        Need to have Self-discipline in the works undertaken, this is to ensure max level of passion and pride, hunger and want.\r\n        Adaptability - Continuously learning to adapt to changes in environmental factors and manage the given priorities and stay engage to allow moving in the same companys direction to achieve the needed goals.\r\n        Work with Urgency and Correct Priority - Continuously managing job priorities and working with urgency to match management priority\r\n        Ability to Multi-Task - Constantly working and juggling between multiple tasks and people to deliver max results. \r\n        Contribute to Team Success - Continuously providing service to equip, process and manufacturing team members to help them succeed in their	2021-01-30	35	Facilty Team works	NIL	NIL	1	1	1	NIL	NIL	NIL	null		197	1017729787	6
262	Equipment maintenance, CIPs and mindset change	\tComplete all schedule PM and critical equipment PM by Q420, ensure that the integrity of the checklist is upheld and error free.\r\n\tNew Equipment Hookups onsite by End Dec 2020\r\n\tOxford PECVD and ICP PLC Upgrading work by End Nov2020 \r\n\tReduce unplanned down-time by 5 % compare to 2019 for 2020\r\n\tspare part tracking continuing plan by Q4 2020\r\n\tPerform at least 10 improvement to the machine for better productivities or machine reliability. \r\n\tTo ensure the team login and update the Equipment status properly into the daily equipment status tracking file.   \r\n\tTo be able make logical and decisive decision to safe guard the company need. \r\n\tGood to raise concern, but always come up the work around solutions to get things moving.	2020-12-31	20		NIL	NIL	1	1	1	NIL	NIL	NIL	null		249	5	4
260	Quality Improvement Management	\tReduce wafer breakage and human error to <10% of total processed wafers, (>17% in 2019).\r\n\tEnsure all SPC files updated daily (RID, PML/NML Evap, sputtering, AR/HR).\r\n\tImplement at least 5 improvement projects for better MFG efficiency.\r\n\t Create systems to eliminate operators related Human errors in wafer handling breakage\r\n\t Ensure all operators are certified with in two months after they are on board.	2020-12-31	20	Weekly Operation report	NIL	NIL	1	1	1	NIL	NIL	NIL	null		160	52374544	5
324	NPI/ Engineering build	On-time set-up of critical EWO and no issues on machines - Q2\r\nOn-time machine/fixture qual and buy-off to be use on new products- Q3\r\nWork with PE, Production and Fab to create EWO monitoring and disposition to avoid aging. Q3-Q4	2020-12-31	10		NIL	NIL	1	1	1	NIL	NIL	NIL	null		181	1536568573	3
313	Track daily Non stop	1) Material Inventory every end of month with new ID number within only ILM dept. Done\r\n2) ILM activity by product boxes (Incoming and Outcoming). Done\r\n3) Implement every Work Instructions (10/ 18 WIs)\r\n4) New looks of Travelers for box. Done\r\n5) Update the whiteboard based on urgent box. Done	2020-11-30	10	Track daily	NIL	NIL	1	1	1	NIL	NIL	NIL	null		220	231731743	5
334	Sustainable support & commitment	- Full support of DSL goals and targets.\r\n- Engagement with other departments to assist in meeting performance.   \r\n- Continuous communication with facility & EHS team and other departments so as to work as one team.	2021-12-30	20	Checklist, reports and records	NIL	NIL	1	1	1	NIL	NIL	NIL	null		196	2047523461	5
339	GTM for 1310nm SLED design & development	Lead development team to successfully develop and ready go-to-market 1310nm SLED product	2020-12-31	30		NIL	NIL	1	1	1	NIL	NIL	NIL	null		204	480020115	3
265	Training	\tTake ownership for the team training needs and attendance. \r\n\tEnsure assigned training for team member are follow thoroughly closely.\r\n\tEnsure training received by team members are aligned and help in the execution of their work responsibility.\r\n\tResponsible to ensure OJT for new comers to address their working needs.	2020-12-31	10		NIL	NIL	1	1	1	NIL	NIL	NIL	null		249	5	6
266	Expected behaviors traits for quality excellence	\tNeed to have initiative to learn, apply and improve\r\n\tNeed to have Self-discipline in the works undertaken, this is to ensure max level of passion and pride, hunger and want.\r\n\tAdaptability - Continuously learning to adapt to changes in environmental factors and manage the given priorities and stay engage to allow moving in the same companys direction to achieve the needed goals .\r\n\tWork with Urgency and Correct Priority - Continuously managing job priorities and working with urgency to match management priority\r\n\tAbility to Multi-Task - Constantly working and juggling between multiple tasks and people to deliver max results. \r\n\tContribute to Team Success - Continuously providing service to equip, process and manufacturing team members to help them succeed in their works.	2020-12-31	10		NIL	NIL	1	1	1	NIL	NIL	NIL	null		249	5	5
264	6S, Housekeeping and Safety	\tTake ownership for the housekeeping compliance for the team and drive the team to achieve Zero NC due to housekeeping an safety.\r\n\tConstantly communicate with the team and align them on housekeeping and safety protocol\r\n\tTake ownership to ensure Zero non-conformance for Safety violations within the team\r\n\tAbility to detect safety gaps and resolve them.\r\n\tEnsure that the newcomers are briefed on the safety specs and the document needs to be signed off.\r\n\tNeed to take ownership and responsibility for all safety related issues.\r\n\tInform SM and above immediately for serious incidents. Need to ensure execution of preventive and corrective actions so that there is no reoccurrence of similar issues.\r\n\tNeed to inform SM and above for Fab Evacuation and any Line Down issues	2020-12-31	10		NIL	NIL	1	1	1	NIL	NIL	NIL	null		249	5	5
273	6S Housekeeping and Safety Management	\tTake ownership for the housekeeping compliance for the team and drive the team to achieve Zero NC due to housekeeping and safety.\r\n\tConstantly communicate with the team and align them on housekeeping and safety protocol\r\n\tTake ownership to ensure Zero non-conformance for Safety violations within the team\r\n\tAbility to detect safety gaps and resolve them.\r\n\tEnsure that the newcomers are briefed on the safety specs and the document needs to be signed off.\r\n\tTo take ownership and responsibility for all safety related issues.\r\n\tInform SM and above immediately for serious incidents. Need to ensure execution of preventive and corrective actions so that there is no recurrence of similar issues.\r\n\tNeed to inform SM and above for Fab Evacuation and any Line Down issues	2020-12-31	10	Weekly Operation report	NIL	NIL	1	1	1	NIL	NIL	NIL	null		160	52374544	5
279	Equipment maintenance, CIPs and mindset change	\tPECVD-02 powder flakes issue while run SiON recipe- clean shower head with below 10 Degree Celsius of H2O of soaking process. It can remove over 90% of debris faster than IPA and Acetone method. Under observation..,, \r\n\tPLAT-01 convert to 3inch wafer test in progress..,,\r\n\tRTP-02 convert to 3inch wafer test in progress..,\r\n\tTRACK-01 machine back up for standalone DEVE-01 and DEVE-02- modification in progress..,,\r\n\tRTP-02 3inch wafer test in progress..,,\r\n\tPDS-01 machine to fix external ATM switch in progress..,,\r\n\tMAL-03 Halogen lamp power OEM spec power extend to 750W, cost saving under observation..,,\r\n\tFab-B machines that using MFC, to reduce cost all machine MFC consolidated into 5 spare MFC.	2020-12-30	20		NIL	NIL	1	1	1	NIL	NIL	NIL	null		237	22592094	4
276	6S, Housekeeping and Safety	\tTake ownership for the housekeeping compliance for the team and drive the team to achieve Zero NC due to housekeeping a safety.\r\n\tConstantly communicate with the team and align them on housekeeping and safety protocol\r\n\tTake ownership to ensure Zero non-conformance for Safety violations within the team\r\n\tAbility to detect safety gaps and resolve them.\r\n\tEnsure that the newcomers are briefed on the safety specs and the document needs to be signed off.\r\n\tNeed to take ownership and responsibility for all safety related issues.\r\n\tInform SM and above immediately for serious incidents. Need to ensure execution of preventive and corrective actions so that there is no reoccurrence of similar issues.\r\n\tNeed to inform SM and above for Fab Evacuation and any Line Down issues	2020-12-30	20		NIL	NIL	1	1	1	NIL	NIL	NIL	null		237	22592094	6
278	Expected behaviors traits for quality excellence	\tNeed to have initiative to learn, apply and improve\r\n\tNeed to have Self-discipline in the works undertaken, this is to ensure max level of passion and pride, hunger and want.\r\n\tAdaptability - Continuously learning to adapt to changes in environmental factors and manage the given priorities and stay engage to allow moving in the same companys direction to achieve the needed goals.\r\n\tWork with Urgency and Correct Priority - Continuously managing job priorities and working with urgency to match management priority\r\n\tAbility to Multi-Task - Constantly working and juggling between multiple tasks and people to deliver max results. \r\n\tContribute to Team Success - Continuously providing service to equip, process and manufacturing team members to help them succeed in their works.	2020-12-30	20		NIL	NIL	1	1	1	NIL	NIL	NIL	null		237	22592094	4
290	Product Improvement	\tIntroduce 10kHz ILM box for DAS market\r\n\tSupport KFA5.5 Initiate capability development of System-in-box ILM solutions for key applications over (2- 3  year) mid-term roadmap.\r\n\r\nProduct Improvement\r\nKey measures:\r\n1)\tTroubleshoot, finalise and produce 10kHz ILM box for production	2020-12-31	1		NIL	NIL	1	1	1	NIL	NIL	NIL	null		177	1913240580	3
190	EBR process set-up and qualification	1.already finished dummy wafer single layer testing and result showed wafer edge cleanliness improved\r\n2.full loop wafer is running with every layer implement EBR. Pending the final result"	2020-10-20	10		NIL	NIL	1	1	1	NIL	NIL	NIL	null		\N	589561367	5
272	Equipment maintenance, CIPs and mindset change	\tComplete all schedule PM and critical equipment PM by Q420, ensure that \r\n         the integrity of the checklist is upheld and error free.\r\n\tNew Equipment Hookups onsite by End Dec 2020\r\n\tOxford PECVD and ICP PLC Upgrading work by End Nov2020 \r\n\tReduce unplanned down-time by 5 % compare to 2019 for 2020	2020-12-31	25		NIL	NIL	1	1	1	NIL	NIL	NIL	null		189	1087181548	4
325	Meet Target Revenue of 7.6M		2020-12-31	20		NIL	NIL	1	1	1	NIL	NIL	NIL	null		199	520727285	1
291	Training for Siti	\tTrain Siti on ILM engineering and manufacturing processes and systems. \r\n\tDefine plans for Siti to support Yu Xiang on ILM engineering and manufacturing. \r\n\r\nKey measures:\r\n1)\tHand over management of materials to Siti\r\n2)\tHand over preparation of OGR for boxes\r\n3)\tHave Siti handle tracking of WIP	2020-12-31	1		NIL	NIL	1	1	1	NIL	NIL	NIL	null		177	1913240580	5
191	Ulitha tool move in and qualification	1.Acceptance criteria set-up\r\n2.PO raise\r\n3. tool qualification and release	2021-11-30	10		NIL	NIL	1	1	1	NIL	NIL	NIL	null		\N	589561367	5
263	Team management	\tMaintain employee work schedules including assignments, job rotation, training, vacations and paid time off, good team communication, coverage for absenteeism, and all other work-related scheduling. Goal is to ensure there is always good equipment support to the MFG need. \r\n\tEmpower employees to take responsibility for their jobs and goals. Delegate responsibility and expect accountability and regular feedback.\r\n\tFoster a spirit of teamwork and unity among equip and other departments (MFG, Process, facility), allows for disagreement over ideas, conflict and expeditious conflict resolution, and the appreciation of diversity as well as cohesiveness, supportiveness, and working effectively together to enable each team members, other departments and company to succeed.	2020-12-31	20		NIL	NIL	1	1	1	NIL	NIL	NIL	null		249	5	5
267	Managerial behavior:	1.\tTo manage align the operation requirement between the Equipment Process and Manufacturing teams to ultimately foster long term sustainability in terms of Morale and Synergy.  \r\n2.\tTo take the lead by being fair and sensitive to the other teams needs and indices. This will foster trust and improved co-operation. The subordinates will see and learn that win-win situations can be achieve, thereby following suit. \r\n3.\tTo increase contact with the process and MFG engineers, to have balanced points of views. This will enhance the working relationships with understanding each other's problems and concerns. \r\n4.\tTo increase the contact with his engineers to listen to their feedback and problems. Avoid finger pointing to them unnecessary to foster trust. This gives the engineers the feeling that they are being heard and that their feedback is of value, which will encourage them to speak up and uplifts the engineers  self worth and foster ownership. \r\n5.\t Carry out individual conversation. Understand their issues and problems, but at the same time truthfully tell them their standing, strengths and weaknesses. Tell them on which areas to improve on. \r\n6.\tMet out punishments and rewards appropriately. This will create role models and also real life examples of wrong-doings. In managing the team, being firm and fair is the key. \r\n7.\tFollow up closely on feedbacks and suggestions, ensure you are on top of all of them, this will make the engineers feel engaged and important. \r\n8.\tCultivate and Demand consistent quality awareness and vigilance, put up sequence of events for every incidents to ensure a good coverage of CA/ PA.\r\n9.\tUnderstand and implement better methods in recovering tools from failure \r\n10.\tIdentification of Chronic Equipment issues and constraint and solving them in the faster possible time.\r\n11.\tNeed to ensure zero incident of part shortage to ensure will not run into capacity issue at all time	2020-12-31	20		NIL	NIL	1	1	1	NIL	NIL	NIL	null		249	5	1
268	Managing Cost	1.\tAssign an Engineer to look at the cost, for the purpose of knowing real time if the purchase of a part or service will exceed the allocated budget. This is to determine the go ahead for the purchase or non-purchase of a part or service. \r\n2.\tPlan out a list of parts that are required, rank them in order of importance and plan the purchase over a period of time. \r\n3.\tEnsure prompt payment to vendors and keep outstanding PRPO to a low percentage. This will allow leverage in times of need.\r\n4.\tTo educate the Engineers on the affordability, we  need to spend within the given allocation. \r\n5.\t Support all the cost initiative with proper risk assessment and Speed, give solution instead of create obstacles.	2020-12-31	10		NIL	NIL	1	1	1	NIL	NIL	NIL	null		249	5	4
326	NPD & NRE		2020-12-31	10		NIL	NIL	1	1	1	NIL	NIL	NIL	null		199	520727285	3
315	Production Planning (Inventory & Materials/Forecast)	Inventory & Materials/Forecast	2020-12-31	20	Inventory and Forecast Files	NIL	NIL	1	1	1	NIL	NIL	NIL	null		153	253052978	4
274	Training and Team Management	\tMaintain employee work schedules including assignments, job rotation, training, vacations and paid time off, good team communication, coverage for absenteeism, and all other work-related scheduling. Goal is to ensure there is always good manpower support to the daily MFG need. \r\n\tEmpower employees to take responsibility for their jobs and goals. Delegate responsibility and expect accountability and regular feedback.\r\n\tFoster a spirit of teamwork and unity among MFG personnel and other departments (Equip, Process, facility), allows for disagreement over ideas, conflict and expeditious conflict resolution, and the appreciation of diversity as well as cohesiveness, support, and working effectively together to enable each team members, other departments and company to succeed.\r\n\tPeople Engagement - Through continuous engagement to achieved more support and initiatives from operators and technician to provide feedback for all kinds of improvement opportunity and closure.\r\n\tInstill good Behaviors traits for quality excellence to the entire MFG team members\r\n\t Create systems to eliminate operators related Human errors in wafer handling breakage\r\n\t Ensure all operators are certified with in two months after they are on board.\r\n\tTake ownership for the team training needs and attendance. \r\n\tEnsure assigned training for team member are follow through closely with certification.\r\n\tEnsure training received by team members are aligned and help in the execution of their work responsibility.\r\n\tResponsible to ensure OJT for new comers to address their working needs.	2020-12-31	20	Weekly Manufacturing report	NIL	NIL	1	1	1	NIL	NIL	NIL	null		160	52374544	5
192	3 inch wafer coating & develop recipe set-up	set-up and qualification coating and develop recipes for 3 inch wafer	2021-11-30	5		NIL	NIL	1	1	1	NIL	NIL	NIL	null		\N	589561367	5
271	Equipment maintenance, CIPs and mindset change	\tPerform at least 10 improvement to the machine for better productivities or machine reliability. \r\n\tTo ensure the team login and update the Equipment status properly into the daily equipment status tracking file.   \r\n\tTo be able make logical and decisive decision to safe guard the company need. \r\n\tGood to raise concern, but always come up the work around solutions to get things moving.	2020-12-31	25		NIL	NIL	1	1	1	NIL	NIL	NIL	null		189	1087181548	4
292	Revenue and Shipment	To Meet Company Supply Revenue and Shipment objectives.	2020-12-31	40	Revenue File	NIL	NIL	1	1	1	NIL	NIL	NIL	null		167	973701598	4
259	Fab Capacity and Wafers Cycle Time Management	\tTo effectively manage all the wafers start and ensure all tools utilize to its max capability.\r\n\tTo constant review of the Cycle Times and Fab Capacity for SLED/ELED, DFB Production / Engineering wafers with process changes, equipment changes to ensure the capacity file are up to date. \r\n\tTo create a manual tracking system to track process Hold Time when the Engineers delay releasing the wafer due to Rework / Tool Failure\r\n\tTo work with IT team to link up all run sheets files, SPC files, OQC reports to reduce manual key in time.\r\n\tTo work with IT on the Run sheet Automation, OQC report and Dashboard to broadcast wafer Processing status\r\n\tTo ensure all direct material are managed with a good system with zero incident of direct materials shortage issues.\r\n\tReporting Fab B Weekly Operation report with visual wafer yield trend and cycle time on time.\r\n\tSubmit Fab B Month-end inventory and KPI on time.\r\n-       To follow up closely with Process team to ensure Process Tools backup qualification.\r\n        + Full backup and Flexibility for wafers to run in Oxford and Trion\r\n        + Full backup and Flexibility for wafers to run in Oxford III-V and \r\n            SAMCO\r\n         +Full release of Denton I29 to run AR coat \r\n         + Tool Backup for EBEAM or contingency plan	2020-12-31	30	Weekly Operation report	NIL	NIL	1	1	1	NIL	NIL	NIL	null		160	52374544	5
193	A,B distance(first layer alignment) measurement improvement	The purpose of this project is to investigate and settle the 1st later alignment issue.\r\nFull loop dummy wafer is running, pending result.	2020-10-20	5		NIL	NIL	1	1	1	NIL	NIL	NIL	null		\N	589561367	5
280	Target to fabout at around 400 wafers (of 8 process block type)	Target to fabout at around 400 wafers (of 8 process block type), while 257 wafers were fabout in 2019.\r\n\r\n\tPerform Manufacturing training for new operators and re-train current operators. Train 03 operators skillful in each module/ area (Litho, Plasma, PVD, Litho, LAP, AR/HR). Assure total at least 14 operators/ technicians to run 40 wafers/ month.\r\n\tParticipating in developing DMES software: dashboard for completed/ WIP wafers by monthly, yearly; WIP wafer tracking and planning. Generate auto OQC reports, and auto SPC from data in DMES runsheets.\r\n\tReporting Fab B Weekly/ Monthly Operators performance, Equipment utilisation, numbers of processed wafers on each tools.\r\n\tEmpower employees to take responsibility for their jobs and goals. Delegate responsibility and expect accountability and regular feedback.\r\n\tImplement at least 10 improvement projects for better MFG efficiency.\r\n\tCreate systems to eliminate operators related Human errors.\r\n\tEnsure all SPC files updated daily (RID, PML/NML Evap, sputtering, AR/HR).	2020-12-31	30	Number of wafers fabout by end of 2020	NIL	NIL	1	1	1	NIL	NIL	NIL	null		208	1921197435	5
281	Reducing wafer breakage to 5% from 13% in 2019	1) Miniature Dryer with N2 Shower: ensure the wafer is thoroughly dry with a constant and consistent Nitrogen flow for every wafer.    \r\n2) To try new wafer boxes, cassette, carriers, jig,  to avoid wafer crash.\r\n3)  Training on wafer handling: video and hands-on.\r\n          Finish date: regular\r\n4) Regular auditing wafer handling.\r\n          Finish date: regular	2020-12-31	10	G:\\Shared drives\\Fab B Production\\Wafer Breakage	NIL	NIL	1	1	1	NIL	NIL	NIL	null		208	1921197435	5
282	Team management	\tMaintain employee work schedules including assignments, job rotation, training, vacations and paid time off, good team communication, coverage for absenteeism, and all other work-related scheduling. Goal is to ensure there is always good manpower support to the daily MFG need. \r\n\tEmpower employees to take responsibility for their jobs and goals. Delegate responsibility and expect accountability and regular feedback.\r\n\tFoster a spirit of teamwork and unity among MFG personnel and other departments (Equip, Process, facility), allows for disagreement over ideas, conflict and expeditious conflict resolution, and the appreciation of diversity as well as cohesiveness, supportiveness, and working effectively together to enable each team members, other departments and company to succeed.\r\n\tPeople Engagement - Through continuous engagement to achieved more support and initiatives from operators and technician to provide feedbacks for all kinds of improvement opportunity and closure.\r\n\tInstill good Behaviors traits for quality excellence to the entire MFG team members.\r\n\tInstill below critical work behaviors to all in the MFG team:\r\n\r\n1.\tInitiative to learn, apply and improve\r\n2.\tSelf discipline \r\n3.\tAdaptability\r\n4.\tWork with Urgency and Correct Priority\r\n5.\tAbility to Multi-Task\r\n6.\tContribute to Team Success	2020-12-31	15	Will be judged by bosses, colleagues of other divisions, operators. Teamwork Fab working environment harmony	NIL	NIL	1	1	1	NIL	NIL	NIL	null		208	1921197435	5
283	6S, Housekeeping and Safety	\tTake ownership for the housekeeping compliance for the team and drive the team to achieve Zero NC due to housekeeping and safety.\r\n\tConstantly communicate with the team and align them on housekeeping and safety protocol\r\n\tTake ownership to ensure Zero non-conformance for Safety violations within the team\r\n\tAbility to detect safety gaps and resolve them.\r\n\tEnsure that the newcomers are briefed on the safety specs and the document needs to be signed off.\r\n\tNeed to take ownership and responsibility for all safety related issues.\r\n\tInform SM and above immediately for serious incidents. Need to ensure execution of preventive and corrective actions so that there is no reoccurrence of similar issues.\r\n\tNeed to inform SM and above for Fab Evacuation and any Line Down issues	2020-12-31	10	Number of auditing findings on 6S and Safety incidents	NIL	NIL	1	1	1	NIL	NIL	NIL	null		208	1921197435	5
284	Training of subordinate	\tTake ownership for the team training needs and attendance. \r\n\tEnsure assigned training for team member are follow through closely with certification.\r\n\tEnsure training received by team members are aligned and help in the execution of their work responsibility.\r\n\tResponsible to ensure OJT for new comers to address their working needs.	2020-12-31	15	Training of new operators/ technicians, and ability to run wafers	NIL	NIL	1	1	1	NIL	NIL	NIL	null		208	1921197435	5
285	Expected behaviors traits for quality excellence	\tNeed to have initiative to learn, apply and improve\r\n\tNeed to have Self-discipline in the works undertaken, this is to ensure max level of passion and pride, hunger and want.\r\n\tAdaptability - Continuously learning to adapt to changes in environmental factors and manage the given priorities and stay engage to allow moving in the same companys direction to achieve the needed goals .\r\n\tWork with Urgency and Correct Priority - Continuously managing job priorities and working with urgency to match management priority\r\n\tAbility to Multi-Task - Constantly working and juggling between multiple tasks and people to deliver max results. \r\nContribute to Team Success - Continuously providing service to equip, process and manufacturing team members to help them succeed in their works.	2020-12-31	10	Will be judged/ rated by bosses	NIL	NIL	1	1	1	NIL	NIL	NIL	null		208	1921197435	5
286	Supervisor behavior	1.\tTo manage align the operation requirement between the Equipment, Process and Manufacturing teams to ultimately foster long term sustainability in terms of Morale and Synergy.  \r\n2.\tTo take the lead by being fair and sensitive to the other teams needs and indices. This will foster trust and improved co-operation. The subordinates will see and learn that win-win situations can be achieve, thereby following suit. \r\n3.\tTo increase contact with the Process and Equip engineers, to have balanced points of views. This will enhance the working relationships with understanding each other's problems and concerns. \r\n4.\tTo increase the contact with the subodinate to listen to their feedback and problems. Avoid finger pointing to them unnecessary to foster trust. This gives the subordinate the feeling that they are being heard and that their feedback is of value, which will encourage them to speak up and uplifts their self worth and foster ownership. \r\n5.\t Carry out individual conversation. Understand their issues and problems, but at the same time truthfully tell them their standing, strengths and weaknesses. Tell them on which areas to improve on. \r\n6.\tMet out punishments and rewards appropriately. This will create role models and also real life examples of wrong-doings. In managing the team, being firm and fair is the key. \r\n7.\tFollow up closely on feedbacks and suggestions, ensure you are on top of all of them, this will make the engineers feel engaged and important. \r\n8.\tCultivate and Demand consistent quality awareness and vigilance, put up sequence of events for every incidents to ensure a good coverage of CA/ PA.\r\n9.\tUnderstand and implement better methods in recovering tools from failure \r\n10.\tIdentification of Chronic Equipment issues and constraint and solving them in the faster possible time.\r\n11.\tNeed to ensure zero incident of mistake to ensure will not run into quality issue at all time.	2020-12-31	10	Will be judged/ rated by bosses	NIL	NIL	1	1	1	NIL	NIL	NIL	null		208	1921197435	5
289	Capacity Improvement	1)\tSemi-automate OGR generation by software\r\n2)\tIncrease capacity by introducing third production line.\r\n3)\tImplement DAQ testing for High temp test (SLED) to free up operator\r\n4)\tImplement Set-up for BF10 Coil winding to free up operator\r\n5)\tQualify vendor for production of ILM Box Electrical Cables\r\n6)\tDefine alternate source plan for key material used in ILM\r\n7)\tOutsource testing of PCBA to PCBA vendor	2020-12-31	1		NIL	NIL	1	1	1	NIL	NIL	NIL	null		177	1913240580	6
197	6S, Housekeeping and Safety	\tTake ownership for the housekeeping compliance for the team and drive the team to achieve Zero NC due to housekeeping an safety.\r\n\tConstantly communicate with the team and align them on housekeeping and safety protocol\r\n\tTake ownership to ensure Zero non-conformance for Safety violations within the team\r\n\tAbility to detect safety gaps and resolve them.\r\n\tEnsure that the newcomers are briefed on the safety specs and the document needs to be signed off.\r\n\tNeed to take ownership and responsibility for all safety related issues.\r\n\tInform SM and above immediately for serious incidents. Need to ensure execution of preventive and corrective actions so that there is no reoccurrence of similar issues.\r\n\tNeed to inform SM and above for Fab Evacuation and any Line Down issues	2020-12-30	30	UPGARADE APT to 1 k clean room	NIL	NIL	1	1	1	NIL	NIL	NIL	null		197	1017729787	4
269	Expected behaviors traits for quality excellence	\tNeed to have initiative to learn, apply and improve\r\n\tNeed to have Self-discipline in the works undertaken, this is to ensure max level of passion and pride, hunger and want.\r\n\tAdaptability - Continuously learning to adapt to changes in environmental factors and manage the given priorities and stay engage to allow moving in the same companys direction to achieve the needed goals.\r\n\tWork with Urgency and Correct Priority - Continuously managing job priorities and working with urgency to match management priority\r\n\tAbility to Multi-Task - Constantly working and juggling between multiple tasks and people to deliver max results. \r\n\tContribute to Team Success - Continuously providing service to equip, process and manufacturing team members to help them succeed in their works.	2020-12-31	25		NIL	NIL	1	1	1	NIL	NIL	NIL	null		189	1087181548	4
270	6S, Housekeeping and Safety	\tTake ownership for the housekeeping compliance for the team and drive the team to achieve Zero NC due to housekeeping a safety.\r\n\tConstantly communicate with the team and align them on housekeeping and safety protocol\r\n\tTake ownership to ensure Zero non-conformance for Safety violations within the team\r\n\tAbility to detect safety gaps and resolve them.\r\n\tEnsure that the newcomers are briefed on the safety specs and the document needs to be signed off.\r\n\tNeed to take ownership and responsibility for all safety related issues.\r\n\tInform SM and above immediately for serious incidents. Need to ensure execution of preventive and corrective actions so that there is no reoccurrence of similar issues.\r\n\tNeed to inform SM and above for Fab Evacuation and any Line Down issues	2020-12-31	25		NIL	NIL	1	1	1	NIL	NIL	NIL	null		189	1087181548	6
293	Production Efficiency and Capability	To improve the efficiency and reduce cost. To support the ramp to high volume for our core products.	2020-12-31	30	Project File	NIL	NIL	1	1	1	NIL	NIL	NIL	null		167	973701598	4
294	Production Cost Improvement	Improve Yields to reduce cost. Facilitate cross training to ensure better usage of resources.	2020-12-31	20	Training File, Yield file	NIL	NIL	1	1	1	NIL	NIL	NIL	null		167	973701598	4
296	Operational Excellence	Establish methodology to introduce OEE and to drive improvement programs	2020-12-31	50	Improve OEE	NIL	NIL	1	1	1	NIL	NIL	NIL	null		162	1982477965	4
316	Production Planning System Improvement(Odoo)	Ship to Order	2020-12-31	30	Odoo System	NIL	NIL	1	1	1	NIL	NIL	NIL	null		153	253052978	5
327	Production Efficiency and Capability		2020-12-31	30		NIL	NIL	1	1	1	NIL	NIL	NIL	null		199	520727285	4
194	wafer bask side cleanliness improvement: step by step check wafer back side and find the chance to add wafer back side clean action	1.The purpose of this project is to find the root cause of wafer backside contamination and  seek the chance to add clean step in wafer process flow.\r\n2.Full loop dummy wafer is running  and now we are collecting data step by step	2020-10-20	5		NIL	NIL	1	1	1	NIL	NIL	NIL	null		\N	589561367	4
195	low vacuum mode implementation reduction to lower the risk of wafer broken	1.to optimize the Nlof2070 PML and SPD layer;LD3 DRN layer process to make the layer never use low vacuum mode\r\n2.15NXT qualification to replace SU8 for SU8 process have high chance to use low vacuum mode	2020-12-31	10		NIL	NIL	1	1	1	NIL	NIL	NIL	null		\N	589561367	4
340	GTM for 1310nm Low PDG SOA	Lead development team to successfully develop and ready go-to-market 1310nm low PDG SOA product	2020-12-31	30		NIL	NIL	1	1	1	NIL	NIL	NIL	null		204	480020115	3
356	Deliver all wafer requests from production team	Understand the parameters of most of SLED products in DLS and customer requirements so that a baseline growth can be set. Making a plan to improve current SLED products in their key parameters.	2020-12-31	50	Deliver production wafers	NIL	NIL	1	1	1	NIL	NIL	NIL	null		163	1373136557	1
423	25G DML Qual	1. 2000hrs HTOL	2020-07-30	1		NIL	NIL	1	1	1	NIL	NIL	NIL	null		155	931345185	3
371	IT Management	Preparing deployment of DMES (Denselight Manufacturing Execution System)	2020-12-31	10	Deployment DMES for manufacturing use a.\tFab-B Runsheet automation b.\tFab-A GATR automation c.\tFab-A Recipe generation d.\tDITA  e.\tWAT automation	NIL	NIL	1	1	1	NIL	NIL	NIL	null		164	1428738048	4
348	PE activities and Sales support	Support Sales for Product definition and sampling and for technical communications with clients.\r\nIn charge of all PE activities while position is not filled (Specs, ATRs, RMAs, NCMRs, Trainings...).	2020-12-31	15		NIL	NIL	1	1	1	NIL	NIL	NIL	null		145	1813039923	1
383	Organization/ Culture Change	 Develop and improve standard recruitment process to reduce attrition by 50%.  Identify and fill all 2020 budgeted positions.  Continue review of KFAs and execution of DLS 2.0	2020-12-31	15	HR attrition report	NIL	Need to reduce attrition in direct staff	1	1	1	NIL	NIL	NIL	On Track		259	135493917	5
507	hunet test1	test1	2020-09-09	50		NIL mid emp comm1	NIL	2	1	1	NIL	NIL	NIL	On Track		\N	17	1
403	KFA 5.1 - Product Development System	1. Improvement and Implementation PRA and RFC Mid Year - Implemented by Sales and NPD and are being used 2. Improvement and Implementation of PDM Mid Year - Implemented and being used by NPD Regular audit implemented by QA 3. Develop Benchmarking method Mid Year - Methodology and testing requirements completed Establish purchase channels for competitive devices 4. Implement ROI template Mid Year - Updated with financial content updated every quarter.	2020-12-31	5		NIL	NIL	1	1	1	NIL	NIL	NIL	null		262	430837474	5
404	New Products for Datacoms and Telecoms	1. High Power CWDM DFB 70mW@75C Mid-Year > 50mW at 75C achieved with 500um devices 1st iteration 1000um DFB to achieve > 70mW at 75C design completed. Plan to fab out 1st iteration by mid Q4 2. 10G CWDM DML c-temp and i-temp Mid-Year 1310nm and 1270nm done 1290nm and 1330nm awaiting processing at Almae for grating writing. 3. 25G CWDM DML c-temp and i-temp (by Q4 2020) Mid-Year CWDM c-temp and e-temp available. 1330nm i-temp samples shipped but to be improved with D - design. 1st iteration of Localised Passivation done. 1270nm wafer shown improved high temp operation. DLS successfully grown B and D version 25G AL EPI for CWDM4 Reverse ridge and Current Blocking in Q4 Externally written grating evaluation to complete by mid Q4 Rel. Qualification for 25G EPI (2500 hrs done) continue to 5000 hrs. To load new devices for reliability in Q4 once i-temp POR is completed. 4. 25G CWDM6 DML c-temp and i-temp (by Q1 2021) Mid Year DLS grown D version 25G AL EPI for 1350nm and 1370nm. Grating design completed Wafers to be sent out for grating writing at HXOPTO 5. High DOP SOA 1550nm - Single and 5-array (by Q4 2020) Mid Year Standard Product available. Improved Psat to 17dBm and also NF < 6.5dB SOA performance for straight design meets all Acacia specs. Initial racetrack device fabricated and evaluating performance now. Current specs meets OIFs TROSA coherent SOA specs. New wafers have been fabricated to continue improvements for Psat, NF and output beam. Package BTFs for customer samples in early Q4 No information by Huawei 6. Low DOP SOA 1310nm (by Q4 2020) Standard Product available for low DOP 1310nm SOA Packaged into BTF and testing shows performance comparable to Antritsu Working on submount design similar to Antritsu Working to supply samples to 3 x China customer for 100ZR. Taclink, Xgiga and Source Photonics. Evaluation of new EPI (i.e. without undulations and PL shifted) to increase Gain to > 20dB at 25C and/or operation at 50C	2020-12-31	20	Weekly update reports by team and monthly updates to CEO for BOD	NIL	NIL	1	1	1	NIL	NIL	NIL	null		262	430837474	3
409	Improvements of soft skills	1. Improve team's execution 2. Motivate team's responsibility and ownership 3. Alignment of reporting and communication 4. Guidance of Team Managers 5. Better tracking of team's task	2020-12-31	10		NIL	NIL	1	1	1	NIL	NIL	NIL	null		262	430837474	6
410	Operational efficiency	Denton I29 qual, Back up tools, Cost reduction activity, SOP implementation, SPS systems set up, Process control and monitoring,	2020-12-31	15	indices	NIL	Denton Qual has been a major issue	1	1	1	NIL	NIL	NIL	On Track		263	324340084	4
411	Personnel Development	File atleast one patent or paper or trade secret from Process and Product groups per year , Cross training on another tool , Mentor ship by senior engineers to IA students	2020-12-31	15	patents, training, mentorship	NIL	No progress here	1	1	1	NIL	NIL	NIL	On Track		263	324340084	5
384	OPS Eff/Cost Reduction	 Implement in-house process runsheet software for production use by 1Q2020  To ensure the production CT and OTD mean the 15 days for the standard product and the OTD given by the PC.	2020-12-31	15	MFG Operation reports	NIL	Delayed DMES to Q32020	1	1	1	NIL	NIL	NIL	On Track		259	135493917	4
385	Revenue	 Achieve > US$ 12.1M revenue in 2020 as per base AOP. Stretch goal is $14.1M  Introduce new ILM boxes (BF9C/D, BF10..) into market and capture > US $1.00M in revenue  Capture > $1.0M for 16XX DFB, > $1.4M for CW, High speed DFB	2020-12-31	15	Sale report	Above was a common goals that every Department head must be embrace, the business situation is not looking good and we had adjusted down these business goals ....	Wafer capacity needs to increase for 2021.	1	1	1	NIL	NIL	NIL	Not On Track		259	135493917	1
416	APT	Achieve shipment goals and hit key metrics for APT	2020-12-31	25	Reports	Shipment goals are met for Q1, Q2 and Q3. On track to meet shipment goals for Q4. Overcome challenges that could have derailed our shipment plan like BF10 but we managed to resolve these issues as a team.\r\nAPT cost is below target.\r\nCross training for the engineering and production team on-going.\r\nAttrition rate for the whole department is low. \r\nOEE for test equipment is >60%.	NIL	1	1	1	NIL	NIL	NIL	On Track		264	759336758	4
405	New Products for Sensing	1. 10KHz 1550nm NLW for Wind LIDAR and DAS (by Q4 2020 using double grating and integrated isolator technology) Mid Year - < 30kHz 1550nm NLW available. To evaluate yield Yield issue with 1560nm 50kHz for BK Tel. Need to determine reason Digital board and driver done Initial development of NLW + Amplifier (i.e. MOPA with output at 100mW) done 10kHz box (a. Integrated Isolator prototype done and b. evaluating PIC solution) 2. High Power 200kHz 1550nm NLW for Auto LIDAR (by Q4 2020) Mid Year - 1mm fabricated and Benchtop test system completed Need to package 1mm device into BTF next. 3. 1310nm and 1550nm High DOP SLED for FOG (by Q2 2020) Mid Year - Eloira transferred to PE team Proposal submitted to Eloira Continue to support PE team to test new BTFs for more test data and to evaluate new TEC. 4. 1310nm Low DOP SLED for China FOG (by Q2 2020) Mid Year - Panwoo : >2mW, PER < 1dB done. > 0.8mW BTF achieved. To push product to Panwoo Shipped 6 pcs of > 0.7mW BTF to customer and have 6 > 0.8mW to ship > 1mW BTF sample order shipped to NuGrid. China Aerospace and Panwoo has approved BTF performance. Improvement to MOCVD growth without undulations is in progress BH development version is in progress 5. 1550nm High DOP SOA for LIDAR pre-amplifiers (by Q4 2020) Mid-Year Completed initial specifications of (Gain: 20dB, Psat >10dBm, NF < 7 dB, PDG >15dB, Ripple < 0.5dB) Achieved Psat of 17dBm and Gain > 20 dB. Trying to increase it to 21 dBm	2020-12-31	20		NIL	NIL	1	1	1	NIL	NIL	NIL	null		262	430837474	3
406	NRE	1. POET (by Q4 2020) Mid Year PO for $500K to be signed. Deliverables agreed. WAT acceptance criteria for new objectives sent and in discussion 2. Acacia (by Sep 2020) Mid Year Technical specifications have been agreed with Acacia Budgetary pricing of initial unit cost have been communicated to Acacia for 2021-2022. Initial NRE pricing has been communicated with Acacia but to go back to them on details of pricing 1st iteration of Racetrack device has been fabricated with HIC + Q-layer and testing has been completed for FP devices. Analysing data now. 3. Hitachi 1550nm SOA with 50nm bandwidth and Flip Chip (by Q1 2021) Mid year Technical specifications have been proposed to Hitachi and awaiting response in Oct 2020 (3rd postponement by customer) 4. ZTE 1550nm Gain Chip and SOA with Psat of 21dBm (by Q3 2021) Mid Year Initial proposal with pricing has been made to ZTE for Gain Chip and SOA. ZTE responded and next meeting to finalise technical requirements on 23 Sep 2020. To follow-up with new NRE pricing after technical alignment. 5. Huawei 1550 High DOP SOA (ongoing) Mid Year Devices ready to ship Awaiting PO for devices	2021-12-31	20	Weekly update reports by team	NIL	NIL	1	1	1	NIL	NIL	NIL	null		262	430837474	3
407	New Technology and Capabilities Development	1. AL wafer growth (by 31/12/20) Mid year - Completed growth for o-band high power DFB and 25G DML. Fabricated and evaluated 1310nm DFB devices for high power DFB and 1290nm FP 25G DML. 2. Complete G4 qualification (by 6/20) Mid Year - Completed > 500hrs for ELEDs 3. BH Development for SLED, SOA and DFB (by Q4 2020 for SLED, Q1 2021 for SOA and Q2 2021 for DFB) Mid Year - Evaluated requirements for ridge width, Blocking layer, regrowth and FF for FP. Continue to evaluate etch with Dry+Wet and Full wet. 4. MFA Development (ongoing) Mid Year - Have not done much work on this. But going to provide some samples for Hisense for coupling evaluation and potentially an NRE. AMF MOU signed and we have completed the proposal for kickoff. We have fabricated an 1550 EPI to evaluate HIC with Q-layer to determine competitiveness against BH and SSC devices. 5. Regrowth (including SAE growth) (by Q2 2021) Mid Year - SAE growth and Fe growth completed. But still need to evaluate the impact of contamination of Fe growth in G4. 6. Grating development (by Q4 2020) Mid Year - Grating designs for high power DFB and 25G have completed 1st iteration and requirements for 2nd iterations have been confirmed including buffer thickness. Evaluating 2nd iteration devices end Sep 20. Besides Almae, additional grating vendor HXOPTO is under evaluation and we are evaluating gratings written by Phable in 25G.	2021-06-30	15	Weekly update reports by team including engineering builds	NIL	NIL	1	1	1	NIL	NIL	NIL	null		262	430837474	3
408	MOCVD Operational Improvement	1. G4 qualification Mid Year- > 500 hrs Completed using 54708T devices Continue to qualify with 10 wafer growths by Q4 2020 2. MOCVD Production Process Controls (Tool and Products) Mid Year - Tool SPC chart is done and being recorded SPC charts for products is on going. But higher volume products such as 54708T is completed. Continue process control development 3. MOCVD recipe consolidation Mid Year - Alignment for products in production (i.e. managed by PE) mainly completed. 4. Maintenance improvement Mid Year - Working on improving MOCVD uptime by improving PM a. Inlet and outlet gas management b. Chamber cleaning and prevention of contanmination c. Pump and cold trap 5. Characterisation of EPI Mid Year - Improvement of XRD, PL and ECV analysis still ongoing Periodic screening of EPI with TEM and SIMs analysis implemented for growth control	2020-12-31	10		NIL	NIL	1	1	1	NIL	NIL	NIL	null		262	430837474	4
413	Revenue goal - Achieve > US$ 12.1M revenue in 2020 as per AOP	1) Support POET, 25G DML, Huawei SOA, Panwoo, Almae BH, BW10 and other Laser projects. 2) Help achieve 2 design wins for 1653DFB 10G i-temp & 25G DML or High power DFB c-temp, 3) Back up tools qual	2020-12-31	25	Revenue, design wins, back up tools	NIL	Good support by team for above projects	1	1	1	NIL	NIL	NIL	On Track		263	324340084	6
419	sale channels/distributors	Sign two or more distributors in Greater China	2020-12-31	25	Distribution contract documents	NIL	NIL	1	1	1	NIL	NIL	NIL	null		265	25957709	1
424	Hisense 7-Pin Qual	1. Mech shock/vibration shock/temp cycling\r\n\r\n2. ESD\r\n\r\n3. Thermal Shock\r\n\r\n4. High-temp storage	2020-04-15	1		NIL	NIL	1	1	1	NIL	NIL	NIL	null		155	931345185	3
433	25G BW10 DML, CWDM4, c-temp Program	2. 25G BW10 DML, CWDM4, c-temp Project Delivery\r\na. Leverage mainly on 1310nm Project Activities/Milestones\r\nb. Establish and Organize Regular Project Update, Planning, and Deliveries (Jul 2019)\r\nc. Project Milestone Plan Deliveries  Completed (July 2019)\r\nd. Alpha Phase Test Verification Build  On Going (Est Comp; Q1-2020)\r\ne. Rel-Qual Completion\r\n- Pre-Qual Completed\r\n- Beta-Qual Completed >2500 hrs\r\n- Lot#2, Lot#3 Submission\r\nf. Customer Beta Sample Shipment  On Going (Est Comp; Q3-2020)\r\ng. Beta Phase Exit - Q4-2020\r\nh. Release to Product Engineering Team - Q1-2021	2019-12-31	20	Release to Production	NIL	NIL	1	1	1	NIL	NIL	NIL	null		170	1207021661	3
378	Support Daily Fab A Process Operation	- Loading/Unloading wafers from MOCVD tool (G4 as well as AIX200)\r\n- Perform characterization using : XRD, PL, microscope & ECV\r\n- Start recipe if it is needed\r\n- Keeping up to date information of wafer transfers, growth runs and characterisation	2020-09-30	30	MOCVD Log sheets	NIL	NIL	1	1	1	NIL	NIL	NIL	null		190	1598293097	6
386	Making Sure MOCVD Tool Is Ready For Daily Operation	- Perform daily checks for MOCVD tool (G4 & AIX200)\r\n- Do checks on MO bath(chillers) and also perform glycol exchange when needed\r\n- Do linear change(AIX200) & ceiling change(G4) when required by process team.\r\n- Also perform aqua etching for linear and ceiling at respective wet benches\r\n- Maintain scrubber by topping up sodium hypochlorite(NACLO) every 5 days.\r\n- Perform hot water flush and drain the exhaust line of wet scrubber on a weekly basis to prevent choking of pipes.	2020-09-30	40	MOCVD Log sheets & excel sheets	NIL	NIL	1	1	1	NIL	NIL	NIL	null		190	1598293097	6
393	Support Activities On Improvements	- Data processing\r\n- SPC, maintenance \r\n- Monitoring tools behaviour\r\n- Conducting routine PM	2020-09-30	30	MOCVD Log sheets, excel sheets & word documents	NIL	NIL	1	1	1	NIL	NIL	NIL	null		190	1598293097	6
430	6S, Housekeeping and Safety	- Take ownership for the housekeeping compliance for the team and drive the team to achieve Zero NC due to housekeeping a safety.\r\n- Constantly communicate with the team and align them on housekeeping and safety protocol\r\n- Take ownership to ensure Zero non-conformance for Safety violations within the team\r\n- Ability to detect safety gaps and resolve them.\r\n- Ensure that the newcomers are briefed on the safety specs and the document needs to be signed off.\r\n- Need to take ownership and responsibility for all safety related issues.\r\n- Inform SM and above immediately for serious incidents. Need to ensure execution of preventive and corrective actions so that there is no reoccurrence of similar issues.\r\n- Need to inform SM and above for Fab Evacuation and any Line Down issues	2021-01-01	20		NIL	NIL	1	1	1	NIL	NIL	NIL	null		198	1941685512	6
414	Yield	DFB yield improvement to 70% and Others (SLED & ELED) to ~ 90%, Mechanical yield > 90%, Fix marginality issues (ripple issues, peeling, process consistency), 3 inch wafer demonstration,	2020-12-31	20	Yields, yield sigma	NIL	good work on DFB yield and 54708 yield. Need to do 3: demo by year end.	1	1	1	NIL	NIL	NIL	On Track		263	324340084	6
428	Communication, Teamwork and  Cost Reduction	- Communicates clearly and intelligently with vendor and collogues  on the machine issue to improve the machine performance.\r\n- Works well with the fellow employees without friction\r\n- Looking for the alternative vendor to provide same quality and performance\r\n- Looking for the higher durability parts with lower cost.	2021-01-01	20		NIL	NIL	1	1	1	NIL	NIL	NIL	null		198	1941685512	4
434	25G DLS-G4 DML, CWDM6, i-temp Program	1. 25G DLS-G4 DML, CWDM6, i-temp Project Delivery\r\na. Design Verification\r\nb. Process Verification\r\nc. Alpha Sample Readiness\r\nd. Initial Rel-Qual Verification	2019-12-31	30	Alpha Sample	NIL	NIL	1	1	1	NIL	NIL	NIL	null		170	1207021661	3
431	Expected behaviors traits for quality excellence	- Report to work on time\r\n- Use time constructively\r\n- Good working knowledge of job assignment\r\n- Organizes and performs work in a timely, professional manner\r\n- Willingly accepts work assignments.\r\n- Willingly accepts changes in assignments not directly related to job\r\n- Performs assigned duties with less or no supervision\r\n- Performs assigned duties with less or no supervision even under pressure and extra  time.	2021-01-01	20		NIL	NIL	1	1	1	NIL	NIL	NIL	null		198	1941685512	6
429	Machine operation, spec and history issue	- Maintains neat and orderly workstation\r\n- Maintains neat and orderly paperwork on the machine issue, spec and history.\r\n- From the history will have the effective troubleshooting on the machine issue and the performance.\r\n- Ensure all communication and documents are presented in an organized and professional manner.	2021-01-01	20		NIL	NIL	1	1	1	NIL	NIL	NIL	null		198	1941685512	5
432	POET Program	1. POET Project Delivery\r\n a. Establish and Organize Regular Project Update, Planning, and Deliveries\r\n b. Almae BH  Complete delivery of twelve (12) quarter-wafers\r\n - four (4) quarters of 1271nm\r\n - four (4) quarters of 1291nm\r\n - four (4) quarters of 1311/1331nm\r\nc. CWDM (Onix)\r\n- two (2) full wafers of 1271nm\r\n- two (2) full wafers of 1291nm\r\n- two (2) full wafers of 1311nm\r\n- two (2) full wafers of 1331nm	2019-12-31	20	1. weekly Project Update, 2. PO, 3. Sales Invoice, 4. Customer shipment acknowledgement	NIL	NIL	1	1	1	NIL	NIL	NIL	null		170	1207021661	1
435	InPhi High Power CW Laser Program	4. DBF, CWDM, 70mW, 300mA - CW\r\na. Establish and Organize Regular Project Update, Planning, and Deliveries\r\nb. Design Verification\r\nc. Process Verification\r\nd. Alpha Sample Shipment	2019-12-31	30	Alpha Sample	NIL	NIL	1	1	1	NIL	NIL	NIL	null		170	1207021661	3
436	Equipment maintenance, CIPs and mindset change	\tFFU unit repair-Fab B completed. Other area in progress,\r\n\tRepairing and testing on PCB, power supply, control board and motor for Fab B and MOCVD.\r\n\tBuy and stock in electrical and electronics compound need for company.\r\n\tOwnership for Lithography and metrology tools, prepare spare parts and improvement project ongoing.\r\n\tPLAT-01 intermittent wafer breakage issue- to modify top assembly part in progress,\r\n\tDEVE-01 spindle rotation issue- motor driver repair in progress,	2020-12-31	20		NIL	NIL	1	1	1	NIL	NIL	NIL	null		236	850138976	4
418	External Manufacturing	Improve and manage business relationship and KPIs with the subcons.	2020-12-31	25	Subcon Reports	QBRs are held quarterly with the subcons.\r\nCycle time for all subcons have improved especially Allray, SFO and Coset. Work on going to improve the cycle time at PMS.\r\n1st pass yield for SFO has improved to > 90% with the transfer of ferruling process to the suppliers.\r\nSubcons yield are > 90% for all except PMS. Work in progress to improve their yield together with PE.	NIL	1	1	1	NIL	NIL	NIL	On Track		264	759336758	4
437	6S, Housekeeping and Safety	\tTake ownership for the housekeeping compliance for the team and drive the team to achieve Zero NC due to housekeeping a safety.\r\n\tConstantly communicate with the team and align them on housekeeping and safety protocol\r\n\tTake ownership to ensure Zero non-conformance for Safety violations within the team\r\n\tAbility to detect safety gaps and resolve them.\r\n\tEnsure that the newcomers are briefed on the safety specs and the document needs to be signed off.\r\n\tNeed to take ownership and responsibility for all safety related issues.\r\n\tInform SM and above immediately for serious incidents. Need to ensure execution of preventive and corrective actions so that there is no reoccurrence of similar issues.\r\n\tNeed to inform SM and above for Fab Evacuation and any Line Down issues	2020-12-31	20		NIL	NIL	1	1	1	NIL	NIL	NIL	null		236	850138976	6
438	Equipment maintenance, CIPs and mindset change	\tPerform at least 10 improvement to the machine for better productivities or machine reliability. \r\n\tTo ensure the team login and update the Equipment status properly into the daily equipment status tracking file.   \r\n\tTo be able make logical and decisive decision to safe guard the company need. \r\n\tGood to raise concern, but always come up the work around solutions to get things moving.	2020-12-31	20		NIL	NIL	1	1	1	NIL	NIL	NIL	null		236	850138976	4
439	Expected behaviors traits for quality excellence	\tNeed to have initiative to learn, apply and improve\r\n\tNeed to have Self-discipline in the works undertaken, this is to ensure max level of passion and pride, hunger and want.\r\n\tAdaptability - Continuously learning to adapt to changes in environmental factors and manage the given priorities and stay engage to allow moving in the same companys direction to achieve the needed goals.\r\n\tWork with Urgency and Correct Priority - Continuously managing job priorities and working with urgency to match management priority\r\n\tAbility to Multi-Task - Constantly working and juggling between multiple tasks and people to deliver max results. \r\n\tContribute to Team Success - Continuously providing service to equip, process and manufacturing team members to help them succeed in their works.	2020-12-31	20		NIL	NIL	1	1	1	NIL	NIL	NIL	null		236	850138976	4
440	Equipment maintenance, CIPs and mindset change	\tMAL-03 x,y and z axis movement motor repaired and tested ok.\r\n\tMOCVD scan profiler mother board issue-repaired and tested ok.\r\n\tPDS-01 rf forward issue- rf controller board repaired and tested ok.\r\n\tEBEV-02 thickness monitor controller- repaired and tested ok.\r\n\tSPUT-01 pressure monitor controller-repaired and tested ok.\r\n\tLearning all Fab B equipment Weekly and Monthly PM in progress,\r\n\tFab B air shower auto close function completed.	2020-12-31	20		NIL	NIL	1	1	1	NIL	NIL	NIL	null		236	850138976	4
353	PDMS	Migrating from manual approval and excel/word based specs system to database system (PDMS)	2020-12-31	16	Enable the successful launching of PDMS in DLS	NIL	NIL	1	1	1	NIL	NIL	NIL	null		252	10	5
357	To support simulation capability in PE Department	To support simulation capability in PE Department	2020-12-31	16	To support simulation capability in PE Department	NIL	NIL	1	1	1	NIL	NIL	NIL	null		252	10	6
227	To document procedures for G4 and implement SPC control for G4	I will try to make the SPC ready for the processes in G4	2020-12-25	20	Readily available SPC charts to monitor the status of G4	NIL	NIL	1	1	1	NIL	NIL	NIL	null		179	1906914592	4
441	To develop a procedure for step 1b of SAG	To establish a procedure or model to characterize the materials deposited in mask opening by SAG.	2020-12-25	30		NIL	NIL	1	1	1	NIL	NIL	NIL	null		179	1906914592	3
226	To optimize the process for AlQ based BH	AlQ based BH is going to be a important building block for various applications including CW-DFB, DMLs etc. In addition, this will allow us to develop the Butt-Joint structures, where DFB laser can be integrated with other components such as EML, SSC, and waveguides.\r\nMy objective is to optimize the MOCVD growth conditions to obtain good morphology blocking layer growth with low leakage current.	2020-12-25	25	Reduce the leakage current in AlQ based BH structures	NIL	NIL	1	1	1	NIL	NIL	NIL	null		179	1906914592	3
427	Equipment maintenance and CIP	- Complete all schedule PM and critical equipment PM by Q420, ensure that the integrity of the checklist is up to date and error free\r\n- Reduce unplanned down-time by 5 % compare to 2019 for 2020\r\n- Perform at least 5 improvement to the machine for better productivities or machine reliability.\r\n- To ensure the team login and update the Equipment status properly into the daily equipment status tracking file.\r\n- To be able make logical and decisive decision to safe guard the company need.\r\n- Good to raise concern, but always come up the work around solutions to get things moving.\r\n- Increase the KPI for the MOCVD yearly 5 % or maintain the optimum  KPI.	2021-01-01	20		NIL	NIL	1	1	1	NIL	NIL	NIL	null		198	1941685512	4
442	To optimize growth recipe for AlQ based materials emitting at 1550 nm	To assess if AlQ based 1550 nm can be used for any i-temp applications	2020-12-25	25		NIL	NIL	1	1	1	NIL	NIL	NIL	null		179	1906914592	3
460	Cost Reduction	Develop and create projects and activities that will reduce the manufacturing cost and improve Product Engineering team productivity and efficiency in terms of Data Analysis and Data Mining	2020-12-31	25	Cost Reduction	NIL	NIL	1	1	1	NIL	NIL	NIL	null		217	1484926575	4
471	Quality	SLED and ELED RMA/NCMR technical support and timely response to customer.	2021-03-31	15	QA RMA Tracking	NIL	NIL	1	1	1	NIL	NIL	NIL	null		169	1352141850	6
484	Quality and Safety	ISO Compliance	2020-12-31	10		NIL	NIL	1	1	1	NIL	NIL	NIL	null		181	1536568573	1
258	25G manual jig readiness and coating yield improvement	1) Improve jig capacity while maintaining high yield\r\n2) Improve bar loading speed\r\n3) Improve throughput per run in Denton I29\r\n4) support qualification process for all 25G products in Denton I29\r\n - AR / HR coating for Alu containing QWs in Denton I29\r\n - AR coating for non-hermetic devices.	2020-11-15	10		NIL	NIL	1	1	1	NIL	NIL	NIL	null		241	2125149271	3
486	Denton I29 Tool qualification	1. Tool Installation: Tool upgradation ongoing.\r\n2. Process development: calculate n and k values, TF, Recipe developments, \r\n3. Coating designs for AR & HR\r\n4. Deposition & spectral measurement for the stacks\r\n5. Tool Qual: SLED & DFBs\r\n     ( Process development, Deposition ) \r\n     ( Pass- CBT, HTOL, TS & ESD )\r\n"	2020-12-31	10		NIL	NIL	1	1	1	NIL	NIL	NIL	null		241	2125149271	3
363	Benefit Reviews	To continue ensure the benefits for the employees are competitive with the market for retention and motivation	2020-12-31	20	Programs developed	To date, we have implemented the salary increment and market adjustment was executed on 01.07.2020. In Oct 2020, the proposal for the operators in-hire rate adjustment that required a compression exercise was discussed and, which will be implemented in Nov 2021.	NIL	1	1	1	NIL	NIL	NIL	On Track		256	534558467	6
444	Technical lead for Renesas process trial for fabrication of 25G BH-DML product	a) Epi process trial for Step-1A and Step-1B\r\n    - complete and clear both steps\r\nb) Epi process trial for Step-2A and Step-2B\r\n    - complete and clear both steps\r\nc) Transfer of full fabrication process to DLS	2020-12-31	20	1) Minutes and presentation slides of meeting between Renesas and DLS, and 2) Documentation of product transfer to manufacturing at DLS	NIL	NIL	1	1	1	NIL	NIL	NIL	null		150	1557152765	3
445	Development of low PDG SOA devices	a) Develop low PDG SOA chips for 1310nm and 1550nm\r\n    - mid-year: samples of 1310nm low PDG SOA chip (p-side up)\r\n    - year-end: samples of 1550nm low PDG SOA chip (p-side up)\r\nb) Develop chip for p-down flip-chip assembly onto SiPh platform (Huawei delivery)\r\nc) Develop test methodology for low PDG SOA to meet spec and throughput requirement\r\nd) Oversee reliability qualification and product transfer from NPD to manufacturing\r\ne) Provide subject-matter engineering support for SOA device	2020-12-31	35	1) Product design file documents, 2) test reports, 3) manufacturing transfer doc	NIL	NIL	1	1	1	NIL	NIL	NIL	null		150	1557152765	3
115	MOCVD Operational Improvement	1. G4 qualification\r\n\r\n2. MOCVD Production Process Controls (Tool and Products)\r\n\r\n3. MOCVD recipe consolidation\r\n\r\n4. Maintenance improvement\r\n\r\n5. Characterisation of EPI	2021-03-30	10		NIL	NIL	1	1	1	NIL	NIL	NIL	null		144	430837474	4
114	New Technology and Capabilities Development	1. AL wafer growth\r\n\r\n2. BH Development\r\n\r\n3. High power DFB and 25G DML Grating development	2021-03-30	20	Weekly update reports by team including engineering builds	NIL	NIL	1	1	1	NIL	NIL	NIL	null		144	430837474	3
446	Development of high PDG and high Psat C-band SOA devices	a) Develop SOA chip for p-side down flip-chip bonding\r\n    - samples of SOA chip that can be p-side down flip chip bonded\r\nb) Develop 1550nm high PDG SOA with high Psat\r\nc) Develop 1550nm high PDG SOA with wide bandwidth and tight ASE wavelength tolerance\r\nd) Develop 1550nm high PDG SOA based on loopback waveguide configuration with single-sided AR coating\r\ne) Develop good AR coating for high power requirement of SOA\r\nf) Develop test methodology and setup for high PDG high Psat SOA\r\ng) Oversee reliability qualification and product transfer to manufacturing\r\nh) Provide subject-matter engineering support for SOA device	2020-12-31	35	1) Product design file documents, 2) test reports, 3) manufacturing transfer doc	NIL	NIL	1	1	1	NIL	NIL	NIL	null		150	1557152765	3
464	NCMR	The SLED NCMR cases must 30% lower than 2019	2020-12-31	15	SLED NCMR summary by QA	NIL	NIL	1	1	1	NIL	NIL	NIL	null		176	610693885	6
472	Operation and Sales Support	Production Support and Sales Technical Inquiry Support	2020-12-31	15		NIL	NIL	1	1	1	NIL	NIL	NIL	null		169	1352141850	6
368	CTO Role: Developing company technology strategy to support business goals	a) Direct R&D and Technology Transformation Roadmap to support Company Revenue growth (forecast) objectives: $12M in 2020, $19M in 2021, $28M in 2022 b) Communicate technology strategy and directions to employees, customers, partners and investors. c) Lead KFA5 (Strategic Initiatives on New Product Technology Development) d) Provide technical guidance and mentorship to all engineering staff	2020-12-31	35	Company Technology Roadmap, technical presentations & meeting contributions, KFA Reviews with CEO	a) \t(i) Regular updating of company technology roadmap \r\n\t(ii) Datacom: Mapping Datacom Type-A Intra-DCI (CW-DFB & EML), Type-B Inter-DCI Strategy (coherent)\r\n       \t(iii) Sensing: Mapping for higher value: MOPA, Optical engine and Interrogators\r\nb)\t(i) Presented Lunch-time Talk: March2020: Coherent Comms Pluggables\r\n       \t(ii) Supported BOD on technical due diligence for HTOE acquisition\r\nc) \tLead/Sponsor KFA5 (New Product Technology Development)  yes\r\nd)\tYes, via various forum: NRE proposals, NPI mtgs, PE mtgs, KFA2.4(Tech mkt)	Need to develop requirements document for each new technology. Can vary from country to country.	1	1	1	NIL	NIL	NIL	On Track		258	1135328161	5
360	Improve Company's Branding	Improve companys image for better hiring sourcing and overall reputation of Denselight	2020-09-30	20	Implementation of the E-PMP and E-OT on schedule	Participated a total of 4 Job fairs: a. 20/1/2020 NTU Job Fairs (F2F); NTU Virtual Job Fair 13 - 17.07.20; USPUR 1 - 31.08.20 (Virtual); SG Enable Virtual Training & Career Fair 5 19.09.20 (Virtual)	Hiring process still needs to be fine tuned. Need to get out of watch list of TAFEP.	1	1	1	NIL	NIL	NIL	On Track		256	534558467	5
361	Develop & Improve standard Recruitment Process to Reduce Attrition	1. Set up a more robust KFA no.1 teams to lead by new energized leaders \r\n2. Look at Selection Assesmen tool to check for culture fit and commitment from final 2 candidates to 'Hire Right'.	2020-12-31	20	KFA Monthly meetings	Revamped the entire KFA no.1 team leaders. Tirso has completed KFA no.1.1; remaining KFA 1.2 to KFA 1.5 still on-going.  For the Selection Assessment Tool - we will review if we can afford such a system to maintain cost expenditure. This may move to year 2021 for review.	Recruitment process, in particular interview process, needs to be looked at in 2021	1	1	1	NIL	NIL	NIL	On Track		256	534558467	5
362	Reduce Turnover	Retain effective employees and motivate them to higher productivity	2020-12-31	20	KFA 1.3 monthly report	To date the Voluntary average monthly Turnover for Indirects is at 0.9% (August 2020).  Target for voluntary average monthly indirects Turnover is 1.5%.   We have commenced on different programs e.g. Touch Points survey, HR Chit-chats with employees and Buddy System for new hires.	Attrition has dropped slightly but still above market standard	1	1	1	NIL	NIL	NIL	On Track		256	534558467	4
509	test	test	2020-12-31	100	test	Mid year employee comments	Mid Year Manager's Comments	3	1	1	End Year Employee's Comments	NIL	NIL	On Track		\N	17	1
508	test2	test2	2020-12-31	50		NIL mid comm2	NIL	3	1	1	NIL	NIL	NIL	On Track		\N	17	3
447	Technical support to development of high temperature high power CW DFB lasers	a) Design of epi-structure and gratings for CW DFB lasers\r\nb) Technical liaison and point of contact for ebeam grating writing, grating processing and cleave and coat by external vendors\r\nc) Provide subject-matter engineering support for DFB laser and DFB grating design and fabrication\r\nd) Provide subject-matter engineering support for BH devices, including BH-DFB and BH-SOA\r\ne) Continued support in development of high temperature CW DFB laser for Sicoya	2020-12-31	10	1) Design reports, 2) SOW requirement documents	NIL	NIL	1	1	1	NIL	NIL	NIL	null		150	1557152765	3
449	Enhancing good experience and engagement of the customer	A leader in KFA 5.3: Develop capabilities for MFA-embedded photonics to render disruptive performance in sensing modules (SLED device) and datacom lasers (SiPh power bank for DFB) \r\nScope:\r\n    i. Exploits embedded MFA technique to current P-Side up the device to attain disruptive performance for MFA enable sensing module\r\n       -Couple power BW enhancement  for SLED/DFB device during packaging \r\n    ii.  Exploits embedded MFA technique to high power density laser banks for data center and COBO applications \r\n       -Transmit laser through fiber / WG to integrate with SiPh platform\r\n   iii.  Seek and establish External collaboration with AMF, IMEC, COBO, etc. group to implement commercially viable Optical Engine \r\n\r\nResponsibilities:\r\n   1. Leading and managing a key functional area of the project\r\n   2. Collaborating and coordinating the workflow with the other groups (DLS and outside) related work package\r\n   3. Project deliverable/success criteria \r\n   4. Task assignment and consolidated summary	2021-12-31	15		NIL	NIL	1	1	1	NIL	NIL	NIL	null		238	539619816	1
448	Efficient leadership	A. \r\nSupervision of fellow engineers to bring the performance level of employees according to the management expectations - Weightage (25%)\r\nResponsibilities:\r\n1. Establish the capability of the team for New product development support by mentoring\r\n2. Build leadership engagement skills \r\n3. Create job scope and supervise fellow engineers accordingly\r\n4. Contributing towards goal alignment with management and create/ facilitate new ideas within the team according to project requirements\r\n5. Contribute to PMP settings for fellow juniors\r\n6. Performing administrative managerial job\r\n\r\nB.\r\nDepartmental audit - Weightage(5%)\r\n\r\nResponsibilities:\r\n1. Establish the capability by participating in training for Quality Management System (QMS)\r\n2. Audit the areas of DLS (eg. APT, Fab A, Fab B, etc.)\r\n3. Represent NPD for ISO9001:2015 and prepare required documents for audit submission (eg. Indigo for previous consecutive 2 years  and this year prepare the team for projects: 25G, SOA, High Power DFB)	2021-01-01	30		NIL	NIL	1	1	1	NIL	NIL	NIL	null		238	539619816	5
451	Leading technical team focusing project deliverable according to success criteria	A. High power  CW CWDM (1270, 1290, 1310, and 1330) DFB program \r\n\r\n  Customers: CISCO (40mW @80C, 35dB) and InPhi (70mW@75C, 35dB) \r\n\r\nResponsibilities:\r\n\r\n1. Technical team lead and manage project deliverables from March 2020 to 9th October 2020\r\n2. Technical team lead from 16th October 2020\r\n3. Customer engagement and decision making\r\n4. Risk assessment and mitigation\r\n5. Consolidate summary report\r\n\r\nB. High efficient SLED \r\n\r\nCustomer: ELOIRA (Enhance temperature performance -40C to 85C and reduce turn-on time <4s)\r\n\r\nResponsibility:\r\n1. Technical team lead and manage project deliverables from January 2020 to 15th September 2020\r\n2. Consultant 16th September 2020\r\n3. Transfer new product development to PE team\r\n4. Cost reduction on overall DLS SLED BTF packaging\r\n5. Consolidate summary report\r\n\r\nCustomer: Indigo (Enhance Wall Plug Efficiency by 1% for 1670 - 1690nm SLEDs)\r\n\r\nResponsibility:\r\n1. Technical team lead and manage project deliverables for upcoming customer demands\r\n2. Transfer new product development to PE team\r\n\r\nC. Transfering knowledge to the team members for POET project\r\n\r\nResponsibility:\r\n   \r\n1. Documentation on 1310 DFB+SSC (CISCO) development	2021-01-01	50		NIL	NIL	1	1	1	NIL	NIL	NIL	null		238	539619816	3
452	DMES Phase 3 - Fab B Automation	Original Objective:\r\nDevelop/Write a program application using Microsoft Visual studio and C# Language with Maria DB Server\r\n2a. Analysis\r\n2b. Planning\r\n2c. Design\r\n2d. Execution\r\n2e. Testing (User Acceptance)\r\n2f. Deployment\r\n\r\nNew Objective:\r\nDue to Project reprioritization, objective is changed from GATR to DMES Phase 3.\r\n2a) Engineering Tool with advanced features\r\n - Enable engineers to modify the Runsheet after the runsheet is released to Production\r\n - Code QC Formula for all types of Runsheets \r\n - Enable Engineer to set \r\n2b) Implement all Fab B technologies in DMES\r\n  > FBGL\r\n  > DFB\r\n2c) Modify DMES Wafer Execution\r\n- DMES will compute the formula based on runsheet type\r\n- Enable Manufacturing team to select Equipment on certain steps	2020-09-30	35	DMES Phase 3	NIL	NIL	1	1	1	NIL	NIL	NIL	null	2.PNG	214	1608216415	3
493	Daitron bar stacker qualification	1) 250 um, 300 um, 350 um, 1000 um & 1500 um cavity length bars qualification \r\n2) Training of operators/technician\r\n3) Standard operating procedure manual for operators & technicians	2020-12-31	5		NIL	NIL	1	1	1	NIL	NIL	NIL	null		241	2125149271	5
466	File paper	Finish at leave 2 paper before end of the year	2020-12-31	5	Paper acceptance letter	NIL	NIL	1	1	1	NIL	NIL	NIL	null		176	610693885	6
489	SLED & ELED AR Coating in Trion	\tTo qualify Trion PECVD-02 for AR coating on SLED Products \r\n\tTo complete 500 & 1000 hours of HTOL for SLED product    \r\n\tOutput power reduction should be within 20 % range\r\n\r\n To qualify Trion PECVD-02 for AR coating on ELED Products\r\n To complete CMFG 500 hours of HTOL for ELED products\r\n Output power reduction should be within 20 % range	2020-08-31	5		NIL	NIL	1	1	1	NIL	NIL	NIL	null		241	2125149271	4
347	Digital board	Develop digital board for ILM boxes	2020-12-31	10		NIL	NIL	1	1	1	NIL	NIL	NIL	null		145	1813039923	3
450	Support Sales for continuing DLS AOB	Collaborating with the Sales department to deliver the product demands in AOB\r\n\r\nResponsibilities: \r\n\r\n1. Co-ordinating task according to demands\r\n     a. OSI\r\n     b. Dust Photonics\r\n     c. RainTree\r\n     d. Sicoya\r\n     e. Trong Siang\r\n     f. Photolex\r\n2. Effective collaboration with operation and manufacturing to improve lead time forecasting\r\n3. Create suitable technical specification\r\n3. WO raise \r\n4.  Data analysis and create die picklist	2021-01-01	5		NIL	NIL	1	1	1	NIL	NIL	NIL	null		238	539619816	6
491	E-BEAM & RTP backup tool (External)	E-Beam: \r\n1) vendor at IMRE\r\n\r\nRTP backup:\r\n1) Purchased 4 point probe tool to measure sheet resistivity of metal filmsbefore and after RTA \r\n3 temp linearity check using one of the metals in-houseand then at NTU later(to check if there is any offset)\r\n2) vendor at NTU	2020-11-16	5		NIL	NIL	1	1	1	NIL	NIL	NIL	null		241	2125149271	4
485	Automatic bar loading tool for 150 um cavity length	Collaboration with Singapore Institute of Manufacturing Technology to design and built automatic bar loading tool for 150 um cavity length bars\r\n1) Similar mechanism to current Daitron bar loading without the picking step	2021-02-28	10		NIL	NIL	1	1	1	NIL	NIL	NIL	null		241	2125149271	4
501	Hunettest	Testing	2020-12-12	100	N/A	All Okay	Good	1	1	1	NIL	NIL	NIL	On Track		\N	17	1
392	DMES Phase 2 - Fab B Automation	Original Objective:\r\nDevelop/Write a program application using Microsoft Visual studio and C# Language with Maria DB Server\r\n1a. Operation Tool\r\n1b. Engineering Tool \r\n1c. Dashboard Tool \r\n1d. Production Scheduler\r\n\r\nNew Objective:\r\nTo improvise the DenseSoft system into new face with advanced features. DenseSoft is changed to DMES and divided to several Phases. \r\nPhase 1:\r\n1a) Operation Tool \r\n- Wafer Execution with separate functionality for each steps\r\n  > Generic\r\n  > QC Parameter Insertion\r\n  > Litho\r\n  > Litho Cleaning Procedure\r\n  > Transaction History\r\n  > Rework\r\n  > Event Log\r\n  > Rework History\r\n1b) Engineering Tool with advanced features\r\n- Enable Engineer to update and maintain Fab B Registry\r\n  > Mask\r\n  > Product Code\r\n  > Equipment\r\n  > Recipe\r\n  > Module\r\n  > Stage\r\n  > Block\r\n- Enable Engineer to Create Runsheet Template \r\n  > Modify Runsheet template using form view\r\n  > Modify Runsheet Template using Excel - Download and Upload\r\n- Enable Engineer to create Runsheet for Wafer Release\r\n  > Production Runsheet\r\n  > Engineering Runsheet\r\n  > Formula Selection\r\n  > Hold\r\n  > Skip	2020-05-01	35	DMES Phase 2	NIL	NIL	1	1	1	NIL	NIL	NIL	null	Capture.PNG	214	1608216415	3
453	DMES Phase 4 - Fab B Auntomation	Original Objective:\r\nAPT WAT Automation\r\nDevelop/Write a program application using Microsoft Visual studio and C# Language with Maria DB Server\r\n3a. Analysis\r\n3b. Planning\r\n3c. Design\r\n3d. Execution\r\n3e. Testing (User Acceptance)\r\n3f. Deployment\r\n\r\nNew Objective:\r\nDMES Phase 4\r\n3a) Dashboard\r\n3b) XOR Tool\r\n3c) Production Scheduling	2020-12-31	15	DMES Phase 4	NIL	NIL	1	1	1	NIL	NIL	NIL	null		214	1608216415	3
454	Customize Google Form	Enhance Approval Workflow Form \r\nDevelop/Write a program application using Google App Script  Google Script language and Maria DB Server\r\n5a. Convert data from Google Sheet to Database\r\n5b. Submission Tracking\r\n5c. View Approved and Rejected record with filtered view	2020-08-31	7	Enhance Approval Workflow Form	NIL	NIL	1	1	1	NIL	NIL	NIL	null	3.PNG	214	1608216415	3
376	Software Management	Implementing publish trigger function on DMES, so any new updates/changes done by Rebecca able to be published directly to all client workstations (3 workstation at Fab-B plasma, 2 workstations at Litho, 2 user notebooks for Jason and The, and soon will also install for Process Engineer Notebooks), so when the users open DMES it will triggered update install automatically	2020-03-31	10	Proceed to install DMES on Process Engineer Notebooks	NIL	NIL	1	1	1	NIL	NIL	NIL	null		164	1428738048	4
78	Monthly closing within 4 working days	Financial reporting effectively close on the 4 working days after month end	2021-01-15	25	Date of closing and email out	NIL	NIL	1	1	1	NIL	NIL	NIL	null	Finance_KPI_1_202009.JPG	151	988735390	5
455	DDA Web Application	Original Requirement:\r\nEnhance DDA Web App\r\nDevelop/Write a program application using Google App Script  Google Script Language and Maria DB Server\r\n4a. Document Submission\r\n4b. Document Approval\r\n4c. Digital Signature\r\n4d. Tracking Documents	2020-12-31	8	DMES Phase 4	NIL	NIL	1	1	1	NIL	NIL	NIL	null		214	1608216415	3
459	Testing Capability in Product Engineering	Enable test capability within the Product Engineering team\r\n\r\nBridge the gaps between new testing requirements from Customer and capability in house for Product Engineering.	2020-12-31	25	Testing Capability in Product Engineering	NIL	NIL	1	1	1	NIL	NIL	NIL	null		217	1484926575	4
468	25G DLS-G4 DML, CWDM6, I-temp Project Delivery	a. Design Verification\r\nb. Process Verification\r\nc. Alpha Sample Readiness\r\nd. Initial Rel-Qual Verification	2020-12-31	30	Alpha phase	NIL	NIL	1	1	1	NIL	NIL	NIL	null		166	2107825133	3
462	Eloira SLED 1550nm	Accomplish the Eloira module evaluation based on customer request (-40C/25C/85C), find the potential risk and find the solution. Provide qualified and competitive products to customer.	2020-12-31	15	Eloira test results and evaluation report	NIL	NIL	1	1	1	NIL	NIL	NIL	null		176	610693885	3
467	25G BW10 DML, CWDM4, C-temp Project Delivery	a. Leverage mainly on 1310nm Project Activities/Milestones\r\nb. Establish and Organize Regular Project Update, Planning, and Deliveries (Jul 2019)\r\nc. Alpha Phase Test Verification Build  On Going (Est Comp; Q1-2020)\r\nd. Rel-Qual Completion\r\n- Pre-Qual Completed\r\n- Beta-Qual Completed >2500 hrs\r\n- Lot#2, Lot#3 Submission\r\ne. Customer Beta Sample Shipment  On Going (Est Comp; Q3-2020)\r\nf. Beta Phase Exit - Q4-2020\r\ng. Release to Product Engineering Team - Q1-2021	2020-12-31	30	Beta phase	NIL	NIL	1	1	1	NIL	NIL	NIL	null		166	2107825133	3
463	RMA technical support and timely response to customer	1. # of RMAs settled successfully per product group per year. \r\n2. No recurrence of RMA/NCMR upon implementing CA/PA\r\n3. 30%-50% reduction of RMA case from 2019\r\n4. Cycle time of closing the RMA: decreased to 2weeks	2020-12-31	15	RMA report by QA	NIL	NIL	1	1	1	NIL	NIL	NIL	null		176	610693885	6
465	Sales support	Support sales to finish the 2020 SLED technology and market share evaluation for KFA2.3\r\nUpdate all SLED product sheet based on sale's request\r\nComplaint free from sale's team	2020-12-31	10	YTD # of sales engagement supported	NIL	NIL	1	1	1	NIL	NIL	NIL	null		176	610693885	6
461	Yield improvement	To recover the CBT/COS cum yield to 84% (Q3'20)	2020-12-31	25	Major SLED products (CS5153A/CS5169A) must hit 84% CBT/COS integral test yield by Q4'20	NIL	NIL	1	1	1	NIL	NIL	NIL	null		176	610693885	6
470	Mask job	1. Complete the mask drawing requirement correctly\r\n2. Complete the mask drawing requirement on time	2020-12-31	20	Routine work	NIL	NIL	1	1	1	NIL	NIL	NIL	null		166	2107825133	5
469	InPhi high power laser	a. Establish and Organize Regular Project Update, Planning, and Deliveries\r\n\r\nb. Design Verification\r\n\r\nc. Process Verification\r\n\r\nd. Alpha Sample Shipment	2020-12-31	20	Alpha phase	NIL	NIL	1	1	1	NIL	NIL	NIL	null		166	2107825133	3
473	Team and Personal development	Train fellow PE team members on product knowledge and concepts of product engineering.	2020-12-31	20		NIL	NIL	1	1	1	NIL	NIL	NIL	null		169	1352141850	6
456	DFB Program Management	Test Yield Goal: 75% for Almae and Eulitha Grating\r\n\r\nSupport all revenue shipment; plan the packaged product ahead of time based on forecast\r\n\r\nWork with the team to come up with a robust design to meet the target yield\r\n\r\nAssist in analyzing Eulitha Tool, perform the evaluation and data collection\r\nAssist in finding other vendors and qualifying them for DFB Grating Writing	2020-06-02	25		NIL	NIL	1	1	1	NIL	NIL	NIL	null		217	1484926575	3
458	NPD to Production Handover	Attend meetings and monitor the situation of the Following products for production transfer:\r\n\r\nDFB Sicoya 1310nm\r\n- Review the Gamma Phase exit documents\r\nDML 25G DFB\r\n- Review the Characterization Report and Alpha/Beta Phase exit documents\r\nPanwoo 1310 Low DOP SLED\r\n- Establish production readiness and prepare the Data Analysis on all the DOE that comes out	2020-12-31	25	NPD to Production Handover	NIL	NIL	1	1	1	NIL	NIL	NIL	null		217	1484926575	3
474	10-30kHz Linewidth ILM box		2020-12-31	25		NIL	NIL	1	1	1	NIL	NIL	NIL	null		145	1813039923	3
502	testing 1	test	2020-12-12	100		NIL	NIL	1	1	1	NIL	NIL	NIL	null		\N	17	1
343	Yield Improvements	ELED Yield Improvements:\r\n\r\nQ3 Status:\r\n1. Found out there is a toggle in different etcher tools (Oxford vs Samco), channeled all production to Samco and it pulled the ripple baseline from 0.2dB to 0.1dB.\r\n 2. Record Yielding wafer 20023B from Samco is 87%.\r\n 3. Found a couple of tester issues that  like poor coupling to OSA and unreliable test result if autobar loading is more than 3 bars.\r\n 4. Reached yield of 77% with baseline design due to tester control improvements.\r\n 5. Found out the original design is not robust enough to handle process variations that induce ripple.\r\n 6. Designed an engineering mask with absorber and taper to make it robust to process variations.\r\n 7. 500um cavity length showed more coating thickness tolerance.\r\n\r\nDL-CS5153A Yield Improvement\r\n\r\nQ3 Status:\r\nDL-CS5153A COS WAT yield showed 40nm SCH thickness can bring back the yield back to 100%.\r\nNeed to reconfirm with full wafer.\r\n\r\n\r\nDL-CS5169A Yield Improvement\r\nQ3 Status:\r\nDL-CS5169A repeat build is yielding 100% in WAT using wafer 20040A.	2020-12-31	20		NIL	NIL	1	1	1	NIL	NIL	NIL	null		169	1352141850	4
476	Goals For The Program Management Team	The primary goal is to use the PDM as an effective tool to gate the different development phases and ensure schedule conformance.  The secondary goals is to develop the program managers overall technical capability in order that a broader perspective on the program outlook can be obtained.	2020-11-15	1	PDM Conformance	NIL	NIL	1	1	1	NIL	NIL	NIL	null		155	931345185	5
478	Acacia : Custom C band 4-port folded SOA Chip	1. Develop a  custom C band 4-port folded SOA Chip \r\n2. Meet key specs : Noise Figure; Output Saturation Power; Mode Field Adaptor / Bow Tie; Far Field & Temperature Performance requested by the customer\r\n3. Integrate P-down Flip chip development for the custom SOA chip\r\n4. Deliver alpha/mechanical samples to the customer in May'21. \r\n5. Deliver beta/ chip qual samples to the customer in Dec'21	2020-12-31	33	Complete SOA Die design by Dec'20	NIL	NIL	1	1	1	NIL	NIL	NIL	null		172	364472470	1
479	ZTE / Hitachi / Huawei  : Custom SOA/Gain Chip development	1. Close on one of the key SOA/Gain Chip custom projects from 1 of the 3 customers in 4Q'20\r\n2. Meet the deliverables as provided in the project plan and schedule by end-4Q'20	2020-12-31	33	Close and win one of the custom SOA/Gain Chip development projects from ZTE/Hitachi/Huawei	NIL	NIL	1	1	1	NIL	NIL	NIL	null		172	364472470	1
248	Training to other engineers or new comers	Transfer technical knowledge to junior engineers and technician so that they can work independently in FabA on both tools AIX200/4 MOCVD as well as G4 AIXTRON MOCVD tool\r\n-\tCreate a training program in FabA \r\n        Hardware exchange: ceiling, Collector ring, Diffusion barrier, susceptor, satellites, etc.\r\n-\tEstablish power point presentation for each and every new program\r\n        25 G slides\r\n        Low DOP slides	2020-10-31	10	G drive	NIL	NIL	1	1	1	NIL	NIL	NIL	null		147	645448974	6
251	BH RG epi deve	1.\tBH epi growth development for high power and high-speed devices\r\n        - Epi growth optimization of RG on pattern substrate\r\n        - Optimization of Fe doping level for the current blocking layers in order to avoid any kind of leakage\r\n         - Growth parameter optimization to avoid any further inter-diffusion between Fe and Zn during RG \r\n             (a) Growth temperature\r\n             (b) Zn doping level for p-clad\r\n             (c) Passivation of side wall with thin InP layer	2020-12-31	10	Dedicated slides to confirm each task	NIL	NIL	1	1	1	NIL	NIL	NIL	null		147	645448974	3
481	DLS-AMF Collaboration to integrate DLS laser chip to AMF SiPh platform to offer DLS customer SiP based solutions through a partnership with AMF	1. Meet the deliverables and schedule of Proof-of-Concept 1\r\n - Demonstrate optical coupling of DLS-MFA chip on AMF demo SiPh Edge-Coupler) \r\n2. Meet the deliverables and schedule of Proof-of-Concept 2\r\n- Demonstrate FC assembly of DFB FC chip on AMF demo SiPh platform	2020-12-31	33	Fabricate and supply of ready flip-chip lasers to match AMF SiPh wafers(edge couplers)	NIL	NIL	1	1	1	NIL	NIL	NIL	null		172	364472470	3
246	2800G4HT MOCVD tool qualification	1.\tTool qualification based on InGaAsP material growth\r\n              1a. 54708T ELEDs products @ 15XX\r\n              1b. Low DOP 1310 SLEDs for Panwoo @ 13XX\r\n\r\nThe objective is to qualify the G4 MOCVD tool by choosing two different wavelengths such as 15XX as well as 13XX products.\r\n- The low DOP SLEDs is based on complex QWs (the most complicated epi structures so far) , where we can qualify both types of QWs: compressive as well as tensile QWs in one reliability test\r\n\r\nMethods used: To qualify an epi growth tool for production, the HTOL (High temperature Operating life test) for 2000 hrs at maximum temperature (85C)/current (120 mA) in Automatic Current Control (ACC) mode were performed on dies packaged into TOCANs with external photo detector (PD)	2020-09-30	10	RELEASE AUTHORIZATION and QS-PED-PR001-FRM02 Engineering Report	NIL	NIL	1	1	1	NIL	NIL	NIL	null		147	645448974	6
480	To achieve undulation free Quantum well structures for 13xx SLEDs as well as SOAs	Develop the epi growth recipe optimization to achieve undulation free 13xx SLEDs and SOA devices	2020-09-17	20	Panwoo device results, XSEM results	NIL	NIL	1	1	1	NIL	NIL	NIL	null		147	645448974	3
482	Daily Yield Dashboard	Establish & publish out daily yield dashboard using TIBCO database; ensure realtime test results capturing; highlight low yield wafers for PE/APT team to investigate.	2020-12-31	20		NIL	NIL	1	1	1	NIL	NIL	NIL	null		225	1256890838	5
483	Manpower savings with TIBCO databased enhancement	Revamp data upload process flow for data to be traceable, consistent and real time, and and amenable to addition of new testers.	2020-12-31	10		NIL	NIL	1	1	1	NIL	NIL	NIL	null		225	1256890838	5
26	Revenue	\tAchieve > US$ 12.1M revenue in 2020 as per base AOP.  Stretch goal is $14.1M\r\n\t Introduce new ILM boxes (BF9C/D, BF10..) into market and capture > US $1.00M in revenue\r\n\tCapture > $1.0M for 16XX DFB, > $1.4M for CW, High speed DFB	2020-12-31	15	Sale report	NIL	NIL	1	1	1	NIL	NIL	NIL	null		148	135493917	1
488	Low stress SiO2 for 25G	SiO2 Film analysis: \r\n1. Refractive Index\r\n2. Uniformity range\r\n3. Stress\r\n4. Wet Etch rate\r\n5. X-SEM thickness calibration with Filmetrics \r\n6. X-SEM Profile	2020-11-15	5		NIL	NIL	1	1	1	NIL	NIL	NIL	null		241	2125149271	3
490	Process backup tool readiness	1. AR coat for DFB in Oxford\r\n2. Low stress SiN HM in Oxford\r\n3. Develop low stress AR coating recipe in Oxford	2020-12-31	10		NIL	NIL	1	1	1	NIL	NIL	NIL	null		241	2125149271	4
492	M+ plating tool	1) Tool acceptance plan\r\n2) Qualification plan\r\n3) Training of operators/technicians	2020-11-30	5		NIL	NIL	1	1	1	NIL	NIL	NIL	null		241	2125149271	3
494	SPC Monitoring for process and tool	1) Adding more process & tools into SPC monitoring\r\n2) Automate and reflect in real time chart monitoring\r\n3) Google sheets conversion	2020-12-31	10		NIL	NIL	1	1	1	NIL	NIL	NIL	null		241	2125149271	4
495	Ripple yield improvement	AR coating process optimization to improve ripple yield\r\nfront & back facet to improve bar thickness uniformity (5nm range)	2020-09-30	10		NIL	NIL	1	1	1	NIL	NIL	NIL	null		241	2125149271	1
503	testing	test	2022-02-21	100		NIL	NIL	1	1	1	NIL	NIL	NIL	null		\N	17	1
500	Development of C-band High Gain and High Psat SOA	1) Simulate performance of various SOA designs, establish correlation with experimental data and trends with respect to variation of design parameters. \r\n2) Perform testing, characterization and analysis of fabricated SOA devices based on new epi and device designs.\r\n3) Working with team to build up new test setups, including Near Field measurement using IR camera on Sigma Koki station.	2021-01-30	20		NIL	NIL	1	1	1	NIL	NIL	NIL	null		206	31853750	3
499	Development of narrow linewidth ILM boxes.	1) Work with the team to develop the narrow line width laser modules.\r\n2) Work closely with the manufacturing team to handle the RMA and NCMR issues pertaining to ILM boxes.\r\n3) Simulation of the FBGL module (external cavity laser) based on single grating, to be followed by dual grating and parameter tuning for narrowing the linewidth.\r\n4) Test and characterize the performance of NLW laser with an EDFA- a preliminary study for the MOPA development.	2020-12-31	80		NIL	NIL	1	1	1	NIL	NIL	NIL	null		206	31853750	3
366	Advancing DPHI Platform solutions offering	a) DPhi and Optical Engine solutions Technical Directions b) DLS-AMF MOU and POC1&2 c) DPHI implementation, including HIPP to OE solutions engineering	2020-12-31	30	Presentations, reports, meetings pptx and minutes	a) (i) Develop concept for Turnkey Optical Engine Solutions (POC, OE1 & OE2)\r\n    (ii) DPhi trademark registration filed\r\n    (iii) Contribution to DPhi collaterals and marketing effort\r\nb) (i) MOU signing done on 24Aug2020 \r\n    (ii) Devt Phase-1 POC1 & POC2 program plan, DLS POC team formed, POC work in progress\r\nc) (i) DPhi & Optical Engine Phased-concept ppt\r\n    (ii) Discussion in progress with Hisense and HGTech for 400G Intra-DCI FR4 OE	Good progress to date with seminar being held in Oct 2020	1	1	1	NIL	NIL	NIL	On Track		258	1135328161	3
367	Provide technical guidance on Technical Marketing, NRE, NPI and Applications	a) TAM/SAM & Tracking products, applications and market trends b) Technical sales and applications support advisory c) Technical mentorship to NRE proposals d) Technical mentorship to members of NPD and PE teams e) Renesas-DLS Technology Transfer co-ordination	2020-12-31	35	TAM/SAM/market/product studies (pptx/excel), related NRE, NPD, PE meetings, pptx, minutes	a)  Prepared TAM/SAM analysis for Sensing and Datacom market; {coherent, intra-DCI, FOG, OCT) \r\nb)  (i) Technical sales & application advisory: SiLC, InPhi, Luxtera, Elbana, Avophotoics, FOS4X \r\n     (ii) Interrogators: ILM(MOPA), India Railway Project (Redondo & FFT-DAS)\r\nc)  (i) Acacia NRE design proposal, Eloira NRE proposal\r\n    (ii) Northrup Grumman NRE bid:  NRE Technical Proposal developed and presented to NG\r\nd) (i) MOCVD Epi Roadmapping with KFA5.2 & KFA5.4\r\n    (ii) Technical device guidance to NDP: CW-DFB, BH NDP, SOA/GC\r\n    (iii) Denselight patent filing on flip-chip MFA racetrack SOA\r\n    (iv) FOS4X Tech Sales bid and APT build-trail advisory \r\n    (v) Sponsored lunch-time Talk: May2020 by Maumita/KLC on TEC pkg\r\ne) (i) Renesas-DLS Technical analysis for MOU signing\r\n    (ii) Initiated DLS Phase1 technical transfer (done Phase1A)\r\n    (iii) Comment: Renesas corporate change stopped Transfer Program in May2020	Well supported in developing marketing collateral. Good work to date.	1	1	1	NIL	NIL	NIL	On Track		258	1135328161	1
396	Channel Growth	Drive business through Channels, and grow DenseLight revenue in US	2020-12-31	20	Channel Growth (US)	NIL	Not much progress made to date.	1	1	1	NIL	NIL	NIL	On Track		260	985791817	5
400	Sharing of PNL with analysis and cost review - 12 times in 2020	To analysis and share with staff, Fab A, Fab B and ATP the costing related to the respective areas and progress therein.	2021-01-15	25	Data (costing) in excel	NIL	Very dilligent in this area	1	1	1	NIL	NIL	NIL	On Track		261	988735390	4
\.


--
-- Data for Name: GnC_kpi; Type: TABLE DATA; Schema: public; Owner: benny6789
--

COPY public."GnC_kpi" (id, description, due, date_created, progress, goal_id) FROM stdin;
34	Develop 25G DML flow to enable product fabrication for qualification (FC)	2020-12-31	2020-09-14	Not Started	63
8	Perform 5 BB calls per week	2020-07-01	2020-08-19	Not Started	11
9	Visit 5 customers a week	2020-09-01	2020-08-19	Completed	11
11	KPI 2	2020-10-20	2020-08-21	Not Started	16
10	Meet 20 Customers a month	2020-10-20	2020-08-21	Working	16
12	KPI 3	2020-10-20	2020-08-24	Not Started	18
14	SLED: to recover back CBT/COS cum yield to 84% by Q4'2020 (with 80%/20% product vol details;	2020-12-31	2020-09-04	Not Started	28
15	DFB 16xx CBT yield goal:\r\n1. Almae 75% (Q2 ~ Q4)\r\n2. Eulitha 50% (Q3) and 60% (Q4)	2020-12-31	2020-09-04	Not Started	28
18	2. Complete all the checklist on FMEA, margin check (derived from FMEA high RPN > 100), product stability (product bins cp/cpk), setting up PRM/ORT	2020-12-31	2020-09-04	Not Started	30
19	1. Help sales team meet overall revenue goal of $12.1M	2020-12-31	2020-09-10	Working	20
20	2. To help sales team meet quarterly goals\r\ni.\tQ1: $1.24M\r\nii.\tQ2: $2.40M\r\niii.\tQ3: $3.87M\r\niv.\tQ4: $4.59M	2020-12-31	2020-09-10	Working	20
21	3. Meet one of the following: \r\nI.\tMeet/exceed total $1M in ILM revenue ILM (WW) or \r\nII.\t$500K DFB (WW 16xx) or  \r\nIII.\t$300K SOA / Gain (non-China)	2020-12-31	2020-09-10	Working	20
22	2. Win additional designs in the following\r\n- 4 16XX design wins (WW)\r\n- 3 High power DFB wins (Non-China)\r\n- 4 Gain Chip / SOA designs (Non China)	2020-12-31	2020-09-10	Working	21
54	Hit Company revenue Goal - $12.1M	2020-12-31	2020-09-17	Not Started	86
23	1. ILM\r\n(i) Estimate WW market potential, identify key markets & customers to focus on (iii) Win design - 4 ILM / FBGL designs	2020-12-31	2020-09-10	Working	21
24	1. Deliver 3 new application notes or videos that show cases DenseLights expertise in the respecting markets.	2020-12-31	2020-09-10	Not Started	23
26	2. Work with the internal teams to deliver 2 Technical Marketing reports, and make recommendations on the direction DenseLight should take.	2020-12-31	2020-09-10	Not Started	23
27	1. Improve the existing sample request process within Odoo that allows different stake holders to acknowledge, tack and ship samples.	2020-12-31	2020-09-10	Working	25
28	2. DenseLights web page, to ensure customers can find information to help them in their design of DenseLights products.	2020-12-31	2020-09-10	Working	25
55	Meet Quarterly Goals\r\ni.\tQ1: $1.24M\r\nii.\tQ2: $2.40M\r\niii.\tQ3: $3.87M\r\niv.\tQ4: $4.59M	2020-12-31	2020-09-17	Not Started	86
35	Ensure consistent wafer processing in SLED/ELED process	2020-12-31	2020-09-14	Working	64
36	Support engineering evaluation on different etch process, mask change, etc	2020-12-31	2020-09-14	Working	64
37	Ensure consistent wafer processing in SLED/ELED process	2020-12-31	2020-09-14	Not Started	65
38	Support engineering evaluation on HIC processing and FC capability	2020-12-31	2020-09-14	Not Started	65
29	Work with design and growth team to develop mask design and process flow for BH	2020-12-31	2020-09-14	Working	61
31	Develop clean process for epi regrowth	2020-12-31	2020-09-14	Working	61
30	Develop uniform and repeatable etch process	2020-12-31	2020-09-14	Working	61
32	Develop 25G DML flow to enable product fabrication for qualification (non FC)	2020-09-30	2020-09-14	Not Started	63
33	Support engineering evaluation on wet etch reverse ridge, SiO2 localised passivation, current blocking, etc.	2020-12-31	2020-09-14	Not Started	63
39	Develop BH DFB flow to enable product fabrication for qualification	2020-12-31	2020-09-14	Not Started	62
40	Develop integration flow of BH DFB with FC compatibility to POET interposer, meeting all physical specifications agreed with POET	2020-12-31	2020-09-14	Not Started	62
41	Work with module team to ensure smooth processing of 3" wafers	2020-12-31	2020-09-14	Not Started	66
42	Document procedure for operator training and certification	2020-12-31	2020-09-14	Not Started	67
43	Create and keep records of operator certification/re-certification	2020-12-31	2020-09-14	Not Started	67
44	Implement FMEA for new process development	2020-12-31	2020-09-14	Not Started	69
45	Implement window checks as part of process development procedure	2020-12-31	2020-09-14	Not Started	69
46	Transfer all production and engineering runsheets to DMES	2020-09-30	2020-09-14	Not Started	68
47	Create bluebook template for process integration	2021-12-31	2020-09-14	Not Started	70
56	Hit Non-China ILM revenue Goal\r\n- $500K	\N	2020-09-17	Not Started	86
17	1. Achieve 2 design wins for 1653nm DFB, 10G i-temp and 25G DML or high power DFB c-temp	2020-12-31	2020-09-04	Working	30
57	Identify growth channels and markets by Q2	2020-04-30	2020-09-17	Not Started	87
13	ELED CBT test yield to recover back to 80.6% in Q4 with new design fix. This goal is back calcuated based on 75% cum yield goal.	2020-12-31	2020-09-04	Working	28
58	Bring these channels online by Q2 (e.g. rep, distributor, US sales)	2020-04-30	2020-09-17	Not Started	87
59	Min $500K revenue from US (non POET)	2020-12-31	2020-09-17	Not Started	87
60	Ship new SOA product to 1 customer by Q2	2020-04-30	2020-09-17	Not Started	88
61	Design win min 3 SOA or Gain chip designs by FY20	2020-12-31	2020-09-17	Not Started	88
62	Design in CW 70mW/70C lasers into at least 2 customers by Q4	2020-12-31	2020-09-17	Not Started	88
63	Design win min 3 new ILM customer in FY20	2020-12-31	2020-09-17	Not Started	88
64	a.\tImplement a system that links Quote to Invoicing in Odoo\r\nb.\tImplement sample request process in Odoo\r\nc.\tImplement RFC process into Odoo \r\nd.\tImplement a reporting system through Odoo that is able to pull out YTD, QTD reports, backlog and book to bill	2020-12-31	2020-09-17	Not Started	89
65	a.\tEnhance the current web-site. Measure based line and set performance goals for the improved site (e.g. number of visitors, bounce rate etc.)\r\nb.\tWork with internal teams to generate all the collaterals needed to ensure the web is up to date (datasheets etc) and contains relevant information (application notes)\r\nc.\tEnsure all products listed are manufacturable\r\nd.\tSet branding improvement measurement goals for relevant online platforms like LinkedIn. Formulate and execute plan to improve DenseLight branding	2020-12-31	2020-09-17	Not Started	89
66	1. Set up a more robust KFA no. 1 teams led by new energized leaders\r\n2. Look at a Selection Assessment tool to check for cultur fit and commitment from final  2 candidates to 'Hire Right'\r\n3. Introduce a panel interview (if necessary)	2020-12-31	2020-09-18	Not Started	102
67	Identify & fill up 2020 budgeted positions\r\n- Hire as per AOP 2020 and according to the needsbut mindful of the cost of payroll acceding the budget	2020-12-31	2020-09-18	Not Started	102
68	Odoo Recruitment Database\r\n- Maintain a database of CVs, in Odoo by Q4,2020 to keep track of good KIV candidates for future hiring & hiring via ODOO recruitment tracking system\r\n\r\na) 50% by Q2,2020\r\nb) 100% of CV by Q4,2020	2020-12-31	2020-09-18	Not Started	102
69	Improved NMTO and E-Boarding program in KFA no.1.1\r\nTop 10% identified form Functional Review - 0% turnover and are retained from KFA no.13	2020-12-31	2020-09-18	Not Started	103
70	Leadership Development\r\n- Conduct 4 supervisory training for potential managers/supervisors\r\n\r\nBy Q2,2020, 2 training to be completed.\r\nBy Q4, 2020, last 2 trainings conducted.	2020-12-31	2020-09-18	Not Started	103
71	Consistent welfare activities on alternate months to bond the people\r\n- 6 welfare activities to bey done by Q4,2020\r\n\r\nIntroduce workplace integration program (funded by WSG and administered by SNEF) to come up with integration activity for staff - Q3,2020\r\n\r\nTouch points with new hires 1st, 3rd and 6th month of service in DLS to be organized by HRBPs assigned.	\N	2020-09-18	Not Started	103
72	Improve Communication\r\n- During townhall, introduce pigeon-hole questions for people to ask Rajan (by Apr 2020)\r\n\r\n- Start a group-chat Buddy system (4 existing employee mentor 1 new hire) per KFA no.1.3 (By April 2020)\r\n\r\n- Evaluate EOS 2020 results and start focused group coffee talks to determine action plans. (By March 2020)	2020-12-31	2020-09-18	Not Started	103
73	a. Propose a sales incentive Plan for implementation twice a year (SIP) \r\n(By April 2020)\r\n\r\nb. Propose a general bonus proposal for the Board's approval (By April 2020)\r\n\r\nc. Prepare a Salary increment proposal in May for July 2020 Implementation (By May 2020)\r\n\r\nd. Conduct a market adjustment for key employees by March 2020 (By March 2020)	2020-07-31	2020-09-18	Working	104
74	a. Identify next set of potential leaders to develop and train them via the DLS supervisory Leadership program found in KRA (2) and reduce the no. of reports to HODs for better management.\r\n(BY Q3,2020 completed functional reviews)\r\n\r\nb. Ensure HODs rate and rank their employees under their charge during Functional Reviews and ensure top 10% identified as key personnel are retained. \r\n(By August 2020 functional reviews done and key talents identified)	2020-12-31	2020-09-18	Not Started	106
75	a. Identify next set of potential leaders to develop and train them via the DLS supervisory Leadership program found in KRA (2) and reduce the no. of reports to HODs for better management.\r\n(BY Q3,2020 completed functional reviews)\r\n\r\nb. Ensure HODs rate and rank their employees under their charge during Functional Reviews and ensure top 10% identified as key personnel are retained. \r\n(By August 2020 functional reviews done and key talents identified)	2020-12-31	2020-09-18	Not Started	106
77	Ensure adherence to requirements of job posting on government job portal	2020-12-31	2020-09-19	Working	107
89	Ensure on-time work pass applications according to latest MOMs advisories	2020-12-31	2020-09-21	Not Started	107
99	1)\tCycle time improvement \r\n2)\tCost and rework rate reduction\r\n3)\teBeam passes reduction and convergence	2020-12-31	2020-09-23	Not Started	122
80	Touch points with new hires on 6 months and 1 year of service in DLS	2020-12-31	2020-09-19	Not Started	108
81	Work with HODs in implementing buddy system	2020-12-31	2020-09-19	Not Started	108
82	Organise 1 event every month and focusing on 3 major events (team building, CSR and year end party)	2020-12-31	2020-09-19	Not Started	108
90	Work with Finance to ensure the payroll cost are within the approved budget	2020-12-31	2020-09-21	Not Started	107
85	Review and negotiate for better medical insurance coverage during renewal	2020-12-31	2020-09-19	Not Started	109
86	Attend at least 4 job fairs/talks that involves DLS	2020-12-31	2020-09-19	Not Started	110
88	Keep abreast of MOM updates and take necessary action, and ensure Management and employees are informed of the latest update	2020-12-31	2020-09-19	Working	111
78	Improve onboarding process, eg. Orientation program for both directs and indirects	2020-06-30	2020-09-19	Working	108
83	Assist the HR Director in the compression salary review for Directs	2020-07-31	2020-09-19	Working	109
84	Assist the HR Director in preparation of the salary increment proposal for July 2020 implementation	2020-05-31	2020-09-19	Completed	109
87	E-OT system  working with IT and Hunet to automate the computation of directs overtime	2020-07-31	2020-09-19	Working	110
79	Identify top 2 resignation reasons and recommend improvement plan	2020-12-31	2020-09-19	Working	108
76	Assist the HR Director to source for a Selection Assessment tool to check for culture fit and commitment of the candidates	2020-12-31	2020-09-19	Working	107
91	Explore working with new recruitment agencies to source more candidates for directs	2020-12-31	2020-09-21	Not Started	107
92	Prepare product costing from May to Dec 2020	2020-12-31	2020-09-23	Not Started	81
94	Ensure monthly closing within 4 working days	2021-01-06	2020-09-23	Not Started	78
95	Sharing PNL with analysis in staff meeting and respective owner in Fab A, B and APT	2021-01-15	2020-09-23	Not Started	80
93	Prepare monthly BOD report on time	2021-01-15	2020-09-23	Working	79
97	1) Provide the back up tool run path for Samco and Oxford for ALM, grating and RID etch process\r\n2) Provide the back up tool run path for Trion and Oxford SION, SIO2 and SIN processes	2020-12-31	2020-09-23	Working	120
96	Deliver wafers on time with quality to realize NRE milestones\r\n1) Develop 25G DML FC process to meet customer product requirements\r\n2)  Develop BH DFB FC process to meet customer product requirements\r\n\r\n3) 25G non-FC process developments are as below: \r\na) Solve gold step coverage issue for 25G DML non-FC process for POR process (c-temp)\r\nb) Pass reliability for 25G DML process for POR process (c-temp)\r\nc) Develop the 25G DML non-FC process with Localized Passivation\r\nd) Develop the 25G DML non-FC process with reverse ridge formation\r\ne) Develop the 25G DML non-FC process with current blocking etch	2020-12-31	2020-09-23	Working	119
100	1) Mentor new hires to bring them into working level\r\n2) Professional conversion program (PCP) for new employees\r\n3) Learn Laser device physics\r\n4) Develop leadership skills to lead the team	2020-12-31	2020-09-23	Working	123
98	1) Fix PML and SION/SiO2 film peeling issues for 25G DML process\r\n2) PCO SION spacer shoulder drop cause wafer yield issue\r\n3) Fix process margin issues\r\n4) Fix HME Wet etch over etch issues	2020-12-31	2020-09-23	Working	121
119	a)\t100% SOP set up for all steps / New Operator certification \r\nb)\tEnable 2 slot jig for AR/HR coat in Oxford / Trion for longer cavity lengths\r\nc)\tBack up tools qualification / deployment into production by Q220\r\nd)\tYield system set up by cleaning up using process mapping for SLED / ELED / DFB\r\ne)\tAssign One cost reduction activity per engineer (should cover material cost, gold reduction by integration and resist convergence)	2020-12-31	2020-09-26	Not Started	36
16	1. Establish weekly yield meeting report structure and driving system:  \r\n1.1 Establish weekly yield reporting framework\r\n1.2 Clean up the data source to ensure data accuracy\r\n1.3 Establish & align cum yield calculation methodology and list of criteria for yield calculation\r\n1.4 Based on 75% cum yield goal, breakdown & establish individual goals for test/APT/coating with clear ownership.	2020-12-31	2020-09-04	Working	29
104	2. Database system enhancement:\r\n2.1  Kickoff TIBCO database enhancement project by creating different scripts to extract data from different stations, then consolidate together for better data integrity, data traceability & fault investigation. \r\n2.2 Automate work order	\N	2020-09-25	Not Started	29
105	3. Establish & publish out daily yield dashboard; ensure real-time test results capturing, highlight low yield wafers for PE/APT to investigate.	\N	2020-09-25	Not Started	29
106	4. SPC setup for porduct bin monitoring; enable cp/cpk tracking using TIBCO or JMP.	\N	2020-09-25	Not Started	29
107	5. Establish ORT flow & procedures for production released parts (ELED/SLED/DFB 16xx)	2020-12-31	2020-09-25	Not Started	29
120	a)\tFile atleast one patent or paper or  trade secret from Process and Product groups per year\r\nb)\tCross training on another tool \r\nc)\tMentor ship by senior engineers to IA students	2020-12-31	2020-09-26	Not Started	35
110	2. Cost reduction\r\n2.1 Cost down through team efficiency improvement activities\r\n2.2 Manpower savings with TIBCO database enhancement\r\n2.3 Man hour savings by migrating form manual approval on excel based spec to online database system (PDMS)\r\n2.4 For DFB, to establish testing correlation with vendors so to enable sampling test instead full test	2020-12-31	2020-09-25	Not Started	31
109	1. RMA (external) & NCMR (internal)\r\n1.1 # of RMA/NCMR suc cessfully closed this year\r\n1.2 No reccurence of RMA/NCMR upon implementing CA/PA.\r\n1.3 30% ~ 50% reduction of RMA cases from 2019.\r\n1.4 Cycle time of closing the RMA: as per QA timeline\r\n\r\n2. CONC (FAB A/FAB B wafer scrap on ELED/SLED/DFB 16xx): <5%	2020-12-31	2020-09-25	Working	31
108	3. New product & NRE projects scoped:\r\n3.1 25G DML\r\n3.2 High power DFB (Sicoya 1310nm)\r\n3.3 OSI 1310nm & 1550nm \r\n3.4 1650nm/1625nm pulse FP laser\r\n3.5 Eloira SLED 1550nm\r\n3.6 Panwoo	2020-12-31	2020-09-25	Working	30
115	1. Able to demonstrate laser process in the wafer fab process.\r\n2. Able to give decision making on process related.	2021-01-31	2020-09-25	Not Started	59
114	1. Able to support all types of FA request.\r\n2. Able to support wafer fab process and other related works.	2021-01-31	2020-09-25	Working	58
113	1. Able to maintain housekeeping/5S at all times.\r\n2. Able to maintain machine handle in good condition.\r\n3. Continuously monitor FA consumables.	2021-01-31	2020-09-25	Working	57
112	1. Target Internal TAT of 1 day\r\n2. Target External FA TAT to 3 days.\r\n3. Able to maintain wafer disposition to 4 hours\r\n4. Able to create FA library for Internal and External data folder management	2021-01-31	2020-09-25	Working	56
111	1. Able to create presentation showing steps of laser process on the fab.\r\n2. Able to involve in giving disposition to proceed wafer process.\r\n3. Able to send report and highlight to any issues observed on the fab.	2020-09-30	2020-09-25	Working	55
116	a.\tDrive CONC to be less than 5% for Y2020.\r\nb.\tNCMR and RMA numbers to be reduced by 30% from last years\r\nc.\tSPC system set up at top 5 bins for matured products in Product group. \r\nd.\tSPC to next level in Fab B for i) tool level , ii) Product level, iii) Metrology level  - Achieve Cpk > 1.33 & OOC < 10% + investigation on all OOC points \r\ne.\tImprove Fab B WAT yield to 90% by fixing process related issues\r\nf.\tConduct routine audits and drive Audit findings to closure within 2 months\r\ng.\tPRM / ORT system set up for matured products (ELED / SLED / DFB)	2020-12-31	2020-09-26	Not Started	33
117	i)\tSupport key customer programs (Renesas, 25G DML, Huawei SOA, Panwoo, Almae BH, BW10 and other Laser projects) as per learning cycle plan. Scope issues and ensure successful wafer outcome for realizing revenue / NRE\r\nii)\tPrelim qualification of ONE Renesas product by end 2020\r\niii)\tDrive Fab B process, Product and QA groups to help achieve 2 design wins for 1653DFB, 10G i-temp and 25G DML or High power DFB c-temp.\r\niv)\tSmooth operations by ensuring back ups for all possible tools (at inhouse & at external sources) \r\nv)\tCumulative Yield target of 75% for the year 2020.	2020-12-31	2020-09-26	Not Started	32
118	a.\tDFB yield improvement to 70% and others (SLED & ELED) to ~ 90%\r\nb.\tFix process marginality issues (n metal peeling, Ripple fails, p-metal peeling with SiO2 scheme and others) \r\nc.\tWAT yield losses due to Fab B and Product related issues to be < 10%\r\nd.\tQualify Eulitha for grating writing by end Q3 \r\ne.\tDemonstrate 3 inch wafer process	2020-12-31	2020-09-26	Not Started	34
148	TECN for Sputter-02 for low vacuum\r\nECN pending	2020-11-01	2020-09-27	Working	160
149	SOP for Trion AR coating- \r\nDocumentation done. need to get approvals	2020-11-30	2020-09-27	Not Started	160
150	AR coating Jig cleaning- SOP	2020-03-01	2020-09-27	Completed	160
151	Rapid Thermal Process VI and Image Capture- TECN done\r\nSOP pending	2020-11-30	2020-09-27	Not Started	160
152	Bar unloading and inspection. Operators are following APT documents now.\r\nNeed to document for FAB B	2020-12-30	2020-09-27	Not Started	160
155	E-BEam\r\n1. Recipes optimized.\r\n2. Height reduction- Stems are ready.	2020-11-30	2020-09-27	Not Started	163
156	Plating:\r\nEvaluation ongoing	2020-12-30	2020-09-27	Not Started	163
167	Centralize documentation and acceptance for incoming material inspection by creating google shared drive for all department incoming material documentations and approval	2020-06-30	2020-09-28	Not Started	47
157	Sputter-02\r\nAu dummy run thickness reduced from 2000A to 500A\r\nNo more dummy run after PM	2020-03-30	2020-09-27	Completed	163
169	To complete the DMES Fab B Runsheet Automation System in Q4, 2020	2020-12-31	2020-09-28	Working	49
170	Reduce Vendor CoNC by 2% from previous year (2019)	2020-12-31	2020-09-28	Not Started	44
171	Reduce Cost of Non-conformance (CoNC) by <5% with respect to the total cost of goods sold (COGS)	2020-12-31	2020-09-28	Not Started	44
160	Refer to the KFA files in the SBP folders in G drive for each kfa KPI's.	2020-12-31	2020-09-28	Not Started	165
158	Refer to the files and location mentioned.	2020-05-13	2020-09-28	Completed	164
161	Refer to the file mentioned and locations which is in the SBP folder in the G drive.	2020-12-31	2020-09-28	Not Started	167
162	Successfully created the PDMS database which can be found in the link below.\r\nhttp://pdfwin.denselight.com:8080/spotfire/library?guid=3b65dd09-212a-47b7-9ebf-71d860a42337	2020-12-31	2020-09-28	Completed	168
163	Reduce customer RMA to 30% from the previous year (2019)	2020-12-31	2020-09-28	Not Started	44
164	Reestablish Monthly Quality Patrol Audit to counter check process and manufacturing process compliance to requirement and standard.	2020-03-31	2020-09-28	Not Started	46
165	Establish In-coming SPC for direct materials (substrates, mask plates, chemicals, gases, others,) using the COC of these materials	2020-06-30	2020-09-28	Not Started	47
166	Create incoming inspection request google form and deploy to PPC for any materials required incoming inspection	2020-06-30	2020-09-28	Not Started	47
172	Establish phase gates exit for each New Product Development project thru PDM	2020-06-30	2020-09-28	Working	50
176	Product Qual in Denton I29\r\n 1. ELEDs: a. Deposition of Spectral stracks and measurements- Jul 2020\r\n b. CBT pass- Third attempt going on-Sep 20\r\n 2. SOA High Psat: a. Design development- 15 Oct\r\n  b. SOA: CBT pass- & 1000Hrs HTOL.- Feb21	2020-02-28	2020-09-28	Not Started	178
174	Denton I29 Tool qualification\r\n 1. Tool up from 3 May. \r\n    a. Tool upgradation is going on- Jan 2021 (Ion Source, Heater control, OMS, Crystal, software)\r\n    b.  New tool breather plate exp. completed- May 2020\r\n 2. n & k values obtained-June 2020\r\n 3.Coating designs for AR & HR- June 2020\r\n 4. Deposition of Spectral stacks and measurements- Jul 2020\r\n 5.a. SLED Qual is going on- 500Hrs BI will complete on 29 Sep\r\n    b. DFB Qual: CBT passed.  Shipped dies to Alray for Tocans for TS & ESD- 26 OCt \r\n    c. 2000Hrs BI- Dec 2020	2020-12-30	2020-09-28	Working	178
178	Transfer DCC shared files in Google Shared Drive and Utilize Odoo intranet for easy access and control.	2020-04-30	2020-09-28	Not Started	51
179	Develop a Document Management System programs to enable the automation of documentation	2020-09-30	2020-09-28	Not Started	51
180	Pass the Third-party ISO 9001:2015 QMS Surveillance Audit	2020-12-31	2020-09-28	Not Started	52
181	Procurement & deploy three (3) Virtual PC server	2020-06-30	2020-09-28	Not Started	53
182	Reduce RMA Interim report submission to 30days (upon received of complete information or RMA units)	2020-12-31	2020-09-28	Not Started	43
183	Reduce RMA Final CAPA closure time to 60days (upon received of complete information or RMA units)	2020-12-31	2020-09-28	Not Started	43
184	Reduce Ext. Mfg. Reject/Scrap rate by 2%	2020-12-31	2020-09-28	Not Started	45
185	Improve response time to quality issue\r\n- Interim Report submission 7 days\r\n- Final closure 30 days	2020-12-31	2020-09-28	Not Started	45
186	25G Qualification in Denton I29\r\n1. Ar ablation recipe: DOEs\r\n2. AR & HR coating stacks working on- Oct 20\r\n3. Alu DFB: 350um: CBT passed & 168Hrs BI & UDH ongoing- Dec 20\r\n4. 25 G: Jig testing ongoing.\r\n5. DOE for 25G products- Oct 20\r\n6. 25G: CBT pass, HTOL 2000Hrs - Jan 21	2021-03-01	2020-09-28	Not Started	179
203	Ensure consistent wafer processing	2020-12-31	2020-09-29	Not Started	200
168	i) Litho process margin improvement, reduce defocus, resist footing\r\nBackground information: Frequent defocus, resist footing issue happen due to wafer topology and warpage issue, which is even more serious for Poet PLT layer and partial wafers. Exposure to use low vacuum contact is a good method to solve the issue. But due to scare of wafer broken, line is hesitate to use the method.\r\nStep 1: Identify the root cause of the issue[Done]\r\nStep 2: Solution procedure optimization[Done, to check wafer condition before use the mode, make sure no minor crack at wafer edge]\r\nStep 3: Solution implementation[Done, footing issue reduced. Even wafer edge see minor chipping, but no major impact to wafer]\r\nii) SPR220 bonding process stabilization\r\nResist bubble issue is the bottleneck to use SPR220 as the bonding material. I come out the idea that to do a short time exposure may solve the issue during the discussion with my pioneer. Subsequently we did the test and showed it's work.\r\nStep 1: Test with the exposure idea(flood exposure)[Done]\r\nStep 2: Test with 10 wafers process through[Done, it's work]\r\nStep 3: Margin check on exposure time and delay time to PEB[Done]\r\nStep 4: Implementation with engineering report[Done, ER #: 20-WP-ER-0006]	2020-06-30	2020-09-28	Completed	141
192	1. Lapping tool SPC setup\r\nStatus: Setup the metro tool SPC ok.\r\n2. Product SPC setup\r\nStatus: SPC chart is there	2020-06-30	2020-09-29	Completed	142
193	ECN SPR220/BCB for lapping\r\nStatus: Done. ER #: 20-WP-ER-0006	2020-06-30	2020-09-29	Completed	142
196	15nXT negative resist evaluation	2020-12-30	2020-09-29	Not Started	142
194	DI guideline setup	2020-09-30	2020-09-29	Completed	142
195	Vernier mask for grating layer	2020-08-30	2020-09-29	Completed	142
191	1. 100% SOP on backlap area\r\nStatus: Based on the requirement, the OOS SOP and defect handling SOP has been updated into the spec QS-FAB-PR-059 Rev C\r\n2. New operator training and certification.\r\nStatus: Trained and certificated the new lapping operator Sri. He can perform the lapping job independently.\r\n3. Measure current productivity & improve by 10%\r\nStatus: Ongoing -To try ESC method for bond(remove wax)\r\n4. Audit finding closure\r\nStatus: Logsheet QS-FAB-PR-059 modified ok based on the QA audit result	2020-12-30	2020-09-29	Completed	144
197	Patent/trade secret/publish technical paper	2020-12-30	2020-09-29	Not Started	146
198	Tool type cross training	2020-12-30	2020-09-29	Not Started	146
199	Mentorship to IA student	2020-12-30	2020-09-29	Not Started	146
201	3" process readiness\r\nStatus: 3" chuck ready, coating recipes tuned ok	2020-09-30	2020-09-29	Completed	145
200	Litho rework reduction\r\nStatus: current performance at 7%	2020-12-30	2020-09-29	Working	145
221	Tool readiness check done. etch rate uniformity check done. 1st pilot run is on going. Pend for the test result.	\N	2020-09-29	Not Started	128
202	Defect scan tool purchase\r\nStatus: After compared many potential suppliers, identified Hauman is the best cost performance supplier. Price at about USD 170k compared to others at USD 400k and above. Pending final confirmation of the purchase.	2020-09-30	2020-09-29	Not Started	198
187	Ensure consistent wafer processing	2020-12-31	2020-09-29	Working	187
206	Ensure consistent wafer processing	2020-12-31	2020-09-29	Not Started	199
207	Ensure consistent wafer processing	2020-12-31	2020-09-29	Not Started	201
209	Support engineering evaluation on process improvement	2020-12-31	2020-09-29	Not Started	200
210	Au plating tool sourcing\r\nStatus: China supplier identified. Now under demo wafer plating	2020-12-30	2020-09-29	Not Started	198
205	Mask and acid bench sourcing\r\nStatus: Local vendor TLG has been identified as the supplier. Which has very obvious cost advantage, the price is less than half of the oversea suppliers.\r\nNow waiting for purchase team to do price further negotiation.	2020-12-30	2020-09-29	Working	198
208	2nd hand Dektak tool purchase\r\nStatus: Supplier identified and purchase on going	\N	2020-09-29	Completed	198
211	Support engineering evaluation on process improvement	2020-12-31	2020-09-29	Not Started	199
212	Support engineering evaluation on process improvement	2020-12-31	2020-09-29	Not Started	201
213	Work with module team to ensure smooth processing of 3" wafers	2020-12-31	2020-09-29	Not Started	203
214	Transfer all production and engineering runsheets to DMES	2020-09-30	2020-09-29	Not Started	204
215	Analyze past/current CoNC cases	2020-12-31	2020-09-29	Working	205
217	Support engineering evaluation on different etch process, mask change, etc	2020-12-31	2020-09-29	Not Started	187
189	Ensure consistent wafer processing	2020-12-31	2020-09-29	Working	188
219	Support engineering evaluation on HIC process and FC capability	2020-12-31	2020-09-29	Not Started	188
216	Support engineering evaluation on CoNC reduction	2020-12-31	2020-09-29	Working	205
220	GRT etch recipe in SAMCO was characterized, GRT profile for the new recipe is acceptable. Currently one quarter split wafer ran but broken at Fab A during regrow. And one full size wafer run through. Pending end of line test result.	\N	2020-09-29	Working	126
222	Due to hard ware issue, process qualification hasnot started yet	\N	2020-09-29	Not Started	127
223	Try run on the dummy wafers with and without pattern and masked with UV26 and NLOF done. Scope inspection show comparable result for ACT410 and Remover 1165. Currently it is under test run in engineer wafers. Pend the result for the release of production wafers.	\N	2020-09-29	Not Started	129
224	Both DFB and ELED split wafers COS units completed 500hrs burnt in test with acceptable result and tool under conditional release. Pend another 500hrs burnt in and test result for the full release.	\N	2020-09-29	Not Started	202
225	Completed base etch recipe characterization with some short loop wafers ran.	\N	2020-09-29	Not Started	125
226	SiO2 film analysis\r\n1. RI - Done.\r\n2. uniformity -done\r\n3. Stress -measured\r\n4. Etch rate check-Done\r\n4. Repeatability check- done -Mar 20\r\n- Started using for 25G products - \r\nNext plan: Back up SiO2 in Trion-ongoing	2020-10-15	2020-09-29	Working	179
227	Low Stress SION recipe for Oxford\r\n1. RI - Done.\r\n2. uniformity -done\r\n3. Stress -measured\r\n4. Etch rate check-Done\r\n4. Repeatability check- done -Mar 20\r\n Started using for 25G products	2020-10-30	2020-09-29	Not Started	179
228	KFA 5.2 : BH development\r\nWorking for the final report. \r\nInitial report regarding literature review- submitted 31 Jul 2020\r\nProcess capability analysis- 31 Oct 2020	2020-10-30	2020-09-29	Working	179
229	Operator training & Assessments\r\nTraining of Operators and Asses them	2021-03-01	2020-09-29	Not Started	160
230	Setup clean frequency and no contamination due to coating Jigs\r\nBack up for AR & HR coating Jigs- Arranged external vendor with manufacturing\r\n2 slot Jig to increase the productivity by 20 bars/ run from 12 bars/ run	2020-12-31	2020-09-29	Not Started	178
231	New Quartz plate for Trion & Oxford . \r\nTwo wafer/ run Clean recipe optimization going on\r\nIncrease to three wafer per run	2021-03-01	2020-09-29	Not Started	178
232	SIN HM in Oxford: Process is ready. Evaluation in ongoing\r\nE-Beam: communicated and confirmed the process capability of IMRE E-Beam tool \r\nRTP: communicating with NTU	2020-11-30	2020-09-29	Not Started	178
233	Developed a new low stress AR recipe in Oxford. DA simulation Sep 20 Need to proceed the Qual with new recipe- Nov 2020 1000Hrs HTOL for the new low stress recipe	2021-03-01	2020-09-29	Not Started	178
234	1. Daitron bar stacker is capable of loading bars which the CL more than 250um \r\nDuplicated (Xtreme) Jig Qual\r\nFor the 150um CL- manual loading Jig is ready	2020-11-15	2020-09-29	Not Started	178
235	Trion AR coating back up for Oxford\r\nHTOL passed for SLEDs : 1000hrs HTOL passed for ELEDs: 500Hrs	2020-07-31	2020-09-29	Completed	178
236	NML peel off -NCMR closed. No recurrence\r\nAR coating peel off Investigation ongoing. Low stress recipe evaluation ongoing	2020-12-30	2020-09-29	Not Started	160
238	Cary 5000 Spectrophotometer Qualification\r\nInstallation going on- Oct 20 Process recipes-\r\nProduction release-	2020-12-30	2020-09-29	Not Started	178
237	1.Acceptance \r\n2. Qualification \r\n3. Training of operators \r\n4. Back up for the existing F40.	2020-08-15	2020-09-29	Completed	178
258	Maintaining of proper stock for office supplies - hygiene & cleaning, stationary, pantry use etc...in daily basis	2020-12-31	2020-10-02	Not Started	169
259	Support Safety officer to ensure Company Safety License and Permit are renewed on yearly basis.	2020-12-31	2020-10-02	Working	169
256	Basic understanding of laser devices, namely:\r\n1) operation of laser (FP & DFB)\r\n2) critical parameters and impact\r\n\r\nHands-on:\r\n1) test setup and analysis methodology\r\n2) analysing tool (i.e. Tibco)	\N	2020-10-02	Working	228
260	Assisting Safety Officer on the application for TLD badge (Arsenic & Radiation test) with NEA on quarterly basis.	2020-12-31	2020-10-02	Not Started	169
261	Support on ad hoc Project administration and coordination to the needs of CEO and the Senior management team until project completion.	2020-12-31	2020-10-02	Not Started	169
262	Ensure goods received are processed daily in QuickBooks in a timely and accurate manner.	2020-12-31	2020-10-02	Not Started	170
252	Daily managing CEO's calendar, advise on conflicting events and carry out multiple rescheduling as necessary.	2020-12-31	2020-10-02	Not Started	166
253	Compiled the presentation slides 24 hour before Townhall Meeting	2020-12-31	2020-10-02	Not Started	166
247	Understanding testing methodology to analyse device performance and yield	\N	2020-09-30	Working	230
254	Ensure travel booking for CEO is done timely	2020-12-31	2020-10-02	Not Started	166
251	Understanding critical parameters and testing methodologies, namely for:\r\n1) High Speed DFB Device (i.e. S-parameters, RIN, eye diagram)\r\n2) High Power DFB Device (i.e. power, SE, Ith, voltage, centre wavelength, SMSR)\r\n3) SOA (i.e. gain, ASE, noise ratio/figure, bandwidth, ripple)	\N	2020-09-30	Working	231
255	Ensure all Corporate Travel request are approved in FYLE before requestor can proceed to make travel booking.	2020-12-31	2020-10-02	Not Started	169
263	Fine tune process on Goods Received Flow to be completed by end of 2020.	2020-12-31	2020-10-02	Not Started	170
264	Project completion on revamping the website by end 2020.	2020-12-31	2020-10-02	Not Started	171
265	Work with PE and PPC team to clean up all Product lists and remove the obsolete ones.\r\n-\tUpdate Product Brochures with up-to date Product list by end of 2020\r\n-\tMaintain the website with up-to date Product list by end of 2020	2020-12-31	2020-10-02	Not Started	171
266	Create social media contents and post it twice a month in LinkedIn	2020-12-31	2020-10-02	Not Started	171
267	Provide Customer Service support for US regions. \r\n-\tQuote within 48hours after receive an inquiry\r\n-\tEnter Sales Order and then send Order confirmation to Customer within 48hours after PO receive.\r\n-\tSupport after-Sales support such as chase for payment and provide shipping document to Customer after shipment has shipped.	2020-12-31	2020-10-02	Not Started	171
269	b. Review the HRIS to increase productivity for work - E- PMP by HuNet (By Q3, 2020) - E- OT System -Auto link to Citrix for time soft payout computation by HuNet (By March 2020)	\N	2020-10-05	Working	105
268	a. Attend at least 4 job fairs/talks to represent DLS (Total no. of attended by year end)	\N	2020-10-05	Working	105
270	At least sign two new distributors.	2020-12-31	2020-10-05	Not Started	185
271	Reach US$1.54M in the first half of 2020\r\nReach US$3.6M in the second half of 2020	2020-12-31	2020-10-05	Not Started	184
272	At least 4 design in for 25G laser, SOA or DFB 16xx	2020-12-31	2020-10-05	Not Started	186
273	Drive subcons to achieve > 90% yield.	2020-12-31	2020-10-07	Not Started	130
274	Improve 1st pass yield at SFO to > 80%	2020-12-31	2020-10-07	Not Started	130
275	Drive the subcons to meet cycle time < 4 weeks	2020-12-31	2020-10-07	Not Started	130
276	Maintain and optimize purchase requisition system. Ensure all POs are issued timely.	2020-12-31	2020-10-07	Not Started	138
277	Develop a mechanism to track cost savings	2020-12-31	2020-10-07	Not Started	138
278	Achieve cost savings of >$250k for 2020	2020-12-31	2020-10-07	Not Started	138
279	Develop alternate sources for key supply	2020-12-31	2020-10-07	Not Started	138
280	Source and select the Travel Management Companies that can offer the lowest cost of travel	2020-12-31	2020-10-07	Not Started	138
281	Chair QBRs with subcons	2020-12-31	2020-10-07	Not Started	130
282	Meet monthly and quarterly shipment target.	2020-12-31	2020-10-07	Not Started	139
283	Achieve OEE target of 60% for test equipment.	2020-12-31	2020-10-07	Not Started	139
284	Identify and fill all 2020 budgeted positions. Reduce attrition rate by 50%.	2020-12-31	2020-10-07	Not Started	139
285	Complete cross training for the engineering team to support APT Process & Equipment.	2020-12-31	2020-10-07	Not Started	139
286	Drive the fulfilment of 2020 CAPEX to support revenue and capability target.	2020-12-31	2020-10-07	Not Started	138
287	Lead, define and fulfill goals set under KFA 3.1 Cost effective External Manufacturing Strategy	2020-12-31	2020-10-07	Not Started	140
288	Lead, define and fulfill goals set under KFA 1.4 Improve Communication Amongst Team	2020-12-31	2020-10-07	Not Started	140
289	Lead KFA 4 Build and deliver effective and efficient business process and systems.	2020-12-31	2020-10-07	Not Started	140
290	Support and Meet Monthly/Quarterly Shipment Targets.	2020-12-31	2020-10-09	Not Started	292
291	Support and Deliver ILM Engineering Samples to Market	2020-12-31	2020-10-09	Not Started	292
292	Support and ship engineering DFB, 25G and SOA to market.	2020-12-31	2020-10-09	Not Started	292
293	Purchase and Qualify new chip tester	2020-12-31	2020-10-09	Not Started	293
294	Purchase and Qualify new Yelo System	2020-12-31	2020-10-09	Not Started	293
295	Identify and source new VI system or acquire additional VI capability to match production volume.	2020-12-31	2020-10-09	Not Started	293
296	Re-layout Plan for APT to improve production efficiency	2020-12-31	2020-10-09	Not Started	293
319	Recipe development for die attach of low DOP products	2020-12-31	2020-10-09	Working	175
299	Coordinate training plan for operators as scheduled	2020-12-31	2020-10-09	Not Started	294
320	KFA 4.3 Automation of processes: \r\na. WAT Report \r\nb. OGR Report \r\nc. STR to subcons	2020-12-31	2020-10-09	Not Started	176
321	KFA 3.1 Effective External Manufacturing Strategy	\N	2020-10-09	Not Started	176
303	Achieve and sustain the cumulative Yield Goal for 75% by maintaining Assembly Yield Goal 90%	2020-12-31	2020-10-09	Not Started	294
305	Drive Process Improvement to reduce cycle time by 15%	2020-12-31	2020-10-09	Not Started	294
306	Improve the WAT process with automation and process improvement.	2020-12-31	2020-10-09	Not Started	294
307	To acquire and qualify new subcontractors for 8-pin BTF, 14-pin FBGL lasers and ELED TO-Can. 6. Generate baseline SOWs for all subcons.	2020-12-31	2020-10-09	Not Started	173
308	Hisense: To formalize 8-pin collimated TO Cans into production  documentation, test correlation, etc. [Provided product goes into manufacturing]	2020-12-31	2020-10-09	Not Started	173
309	SFO: To ensure that proper qualification of new ferrules and make sure objective 1 is achieved through this change	2020-12-31	2020-10-09	Not Started	173
310	Cycle time to be improved to 3 weeks (average) for TO-Can and 4 weeks (average) for Butterfly.	2020-12-31	2020-10-09	Not Started	173
311	Yield at subcons to be maintained or exceed 90%	2020-12-31	2020-10-09	Not Started	173
312	Generate baseline SOWs for all subcons	2020-12-31	2020-10-09	Not Started	173
313	Assisting the Panwoo deliverables to ensure testing and sampling is done on time.	2020-12-31	2020-10-09	Not Started	295
314	Establish new product development procedure for design and assembly at subcons	2020-12-31	2020-10-09	Not Started	174
315	Ensure proper assembly and qualification of subcontractors if build is successful (this does not include qualification of the product)	2020-12-31	2020-10-09	Not Started	174
316	ILM DAS development with discussion and new modules build for the\r\ndevelopment of the box.	2020-12-31	2020-10-09	Not Started	295
317	Key projects (main subcon and alternative subcon stated): \r\na. 14-pin BTF narrow linewidth laser with double grating  AFR, PMS \r\nb. 8-pin low DOP SLED  AFR. PMS \r\nc. 14-pin BTF with TEC from TEC Microsystems  PMS, SFO \r\nd. 8-pin DFB Cooled TO Can with aspherical lens \r\ne. 14-pin BTF narrow linewidth laser with double grating with isolator  AFR, PMS, SFO \r\nf. Semiconductor Optical Amplifier (SOA)  AFR \r\ng. 25G TO-can, TOSA - Allray	2020-12-31	2020-10-09	Not Started	174
318	Purchasing and commissioning of new APT equipment: \r\na. Auto COS Tester - Yelo \r\nb. Chip tester - Fittech \r\nc. VI System	2020-12-31	2020-10-09	Not Started	175
322	KFA 1.4 Improve Communications amongst Teams	2020-12-31	2020-10-09	Not Started	176
323	Benchmarking OEE Standards	2020-12-31	2020-10-09	Not Started	296
324	Introduce OEE thru in house developed sensors	2020-12-31	2020-10-09	Not Started	296
325	Explore government Grants for Industry 4.0 introduction into DLS	2020-12-31	2020-10-09	Not Started	296
326	Possibility to have split functions	2020-12-31	2020-10-09	Not Started	297
327	Include Travellers into the system	2020-12-31	2020-10-09	Not Started	297
328	WIP Profile of APT thru charts and data for better visibility and analytics	2020-12-31	2020-10-09	Not Started	297
329	Setup weekly performance management meetings to address gaps between actual versus targets and formulate actions plans to bridge the gaps	2020-12-31	2020-10-09	Not Started	298
330	Contribute the success of KFA4.1 (order to ship solution thru odoo) and KFA4.3 (automate manufacturing operations)	2020-12-31	2020-10-09	Not Started	298
331	Introduce Kaizen Boards	2020-12-31	2020-10-09	Not Started	298
332	Issue PO within 1 to 2 after PRF is approved.\r\nKeep communication with internal requestors regarding the requirement on requested delivery time and receiving.\r\nEmail and regular call with vendors to ensure on time delivery.\r\nCreate PO master data sheet to track all PO status	\N	2020-10-09	Not Started	302
333	Negotiate with Subcon SFO, ALLRAY, PMS cut down cost\r\nNegotiate on Capex PO\r\nNegotiate on PO with high value	2020-12-31	2020-10-09	Not Started	303
334	Keep frequent communication with Subcon via Email, call and weekly meeting to ensure on time delivery\r\nLoad subcon with forecasting to short lead time :  3 weeks for TO CAN, 4 weeks for Butterfly Can which current status is 5-7 weeks.\r\nMaintain excel sheet of each subcon to track WIP status	2020-12-31	2020-10-09	Not Started	304
335	Ensure accuracy of monthly expense reporting on Capex, Subcon and others including direct and indirect materials	2020-12-31	2020-10-09	Not Started	305
337	Achieve OEE target of 60% for test\r\nequipment.	2020-12-31	2020-10-09	Not Started	308
338	Meet monthly and quarterly shipment\r\ntarget.	2020-12-31	2020-10-09	Not Started	308
340	Identify and fill all 2020 budgeted positions.\r\nReduce attrition rate by 50%.	2020-12-31	2020-10-09	Not Started	309
339	Completed APT operator cross training by end of the years 31/12/20	2020-12-31	2020-10-09	Working	309
343	On Time Delivery (Meet monthly and quarterly shipment\r\ntarget)	2020-12-31	2020-10-09	Working	60
349	Maintain 90% Box yield for box assembly.	2020-12-31	2020-10-09	Not Started	288
350	Maintain zero safety incidents per month	2020-12-31	2020-10-09	Not Started	288
351	Ensure and maintain supply of raw materials or COGS.	2020-12-31	2020-10-09	Not Started	288
352	Define PM/Calibration schedule for all equipment used for ILM and ensure all machines are calibrated on time.	2020-12-31	2020-10-09	Not Started	288
356	Support KFA5.5 Initiate capability development of System-in-box ILM solutions for key applications over (2- 3  year) mid-term roadmap.	2020-12-31	2020-10-09	Not Started	290
354	Introduce 10kHz ILM box for DAS market\r\nTroubleshoot, finalise and produce 10kHz ILM box for production	2020-12-31	2020-10-09	Working	290
357	KFA 4: Inventory and Materials Tracking	2020-12-31	2020-10-09	Working	316
355	KFA 4: WO Automation	2020-12-31	2020-10-09	Working	316
358	KFA 2: SOA Scheduling and Shipment	2020-12-31	2020-10-09	Working	316
360	Semi-automate OGR generation by software	2020-12-31	2020-10-09	Not Started	289
341	Build die/CoS bank and Modules for high runner devices based on forecast	2020-12-31	2020-10-09	Working	60
361	Increase capacity by introducing third production line.	2020-12-31	2020-10-09	Not Started	289
353	Improve Subcon Planning and Forecasting considering yield issues and sales forecast	2020-12-31	2020-10-09	Working	315
362	Implement DAQ testing for High temp test (SLED) to free up operator	2020-12-31	2020-10-09	Not Started	289
363	Implement Set-up for BF10 Coil winding to free up operator	2020-12-31	2020-10-09	Not Started	289
365	Define alternate source plan for key material used in ILM	2020-12-31	2020-10-09	Not Started	289
366	Outsource testing of PCBA to PCBA vendor	2020-12-31	2020-10-09	Not Started	289
364	Qualify vendor for production of ILM Box Electrical Cables	2020-12-31	2020-10-09	Working	289
370	On Time Delivery (Meet monthly and\r\nquarterly shipment target)	2020-12-30	2020-10-09	Not Started	319
373	Build die/CoS bank and Modules for high\r\nrunner devices based on forecast	2020-12-30	2020-10-09	Not Started	319
376	KFA 2: SOA Scheduling and Shipment	2020-12-31	2020-10-09	Not Started	321
377	KFA 4: Inventory and Materials Tracking	2020-12-31	2020-10-09	Not Started	321
378	KFA 4: WO Automation	2020-12-30	2020-10-09	Not Started	321
375	Improve Subcon Planning and Forecasting\r\nconsidering yield issues and sales forecast	2020-12-31	2020-10-09	Working	320
369	Improve Subcon Planning and Forecasting considering yield issues and sales forecast\r\n- On time shipment of die/CoS to subcon to meet weekly loading plan\r\n- Material availability of Consigned materials to support build requirement	2020-12-31	2020-10-09	Working	300
368	Build die/CoS bank and Modules for high runner devices based on forecast\r\n- Up to Date FG Inventory Tracking and Monitoring	2020-12-31	2020-10-09	Working	299
374	KFA 4: WO Automation\r\n- Work with the team to implement Odoo work order for production	2020-12-31	2020-10-09	Working	301
372	KFA 4: Inventory and Materials Tracking\r\n- Input all In-house and Consigned Materials in Odoo for Tracking	2020-12-31	2020-10-09	Working	301
371	KFA 2: SOA Scheduling and Shipment\r\n- Implementation of DSL commit dates and processing of shipment within Odoo system	2020-12-31	2020-10-09	Working	301
367	On Time Delivery (Meet monthly and\r\nquarterly shipment target)	2020-12-31	2020-10-09	Working	299
386	Facilitate the training and certification of new operators on Burn-in (ILX and Yelo)\r\nand Manual Test	2020-12-31	2020-10-09	Not Started	323
347	To achieves 5.4 M revenue in Q3 / Q4  2020\r\na) Q3 : $1.97 M\r\n\r\nb) Q4 : $3.43 M	2020-12-31	2020-10-09	Working	312
390	ELED cycle time improvement to meet base line target cycle time for CTB, Auto bar, BTD and die sorter at 6 days and below.	2020-12-31	2020-10-09	Not Started	311
391	Daily Work Order tracking to meet the setting target at 90 % and above	2020-12-31	2020-10-09	Not Started	311
392	Support and Meet Monthly/Quarterly\r\nShipment Targets.	2020-12-31	2020-10-10	Not Started	325
393	Assisting the Panwoo deliverables to\r\nensure Assembly & testing and sampling is done on\r\ntime.	2020-12-31	2020-10-10	Not Started	326
394	Assisting the High Power DFB/25G/FP/SOA/BH to\r\nensure availability of Assembly line , Testing Stations to support NPD	2020-12-31	2020-10-10	Working	326
395	Successfully qualified daitron for WTC,BTD, CTB ELED/DFB/25G/SLED	2020-12-31	2020-10-10	Not Started	327
396	Coordinate with Supervisor to Provide Training and Certification of Operators (cross train and multi tasking skill development) as per Schedule	2020-12-31	2020-10-10	Not Started	328
397	Provide OJT to Technicians and engineer as multi skill development and backup resource	2020-12-31	2020-10-10	Not Started	328
398	Achieve and sustain the cumulative Yield\r\nGoal for 75% by maintaining Assembly Yield\r\nGoal 90%	2020-12-31	2020-10-10	Not Started	328
399	Created Die attach machine automated recipe's for different product to reduce cycle time to improve process capabilities	2020-12-31	2020-10-10	Not Started	328
400	To support equipment move in, Hookup and qualify Fit Tech Chip Tester	2020-12-31	2020-10-10	Not Started	327
401	To support equipment move in, Hookup and qualify Yelo Test System	2020-12-31	2020-10-10	Not Started	327
348	Meet quarterly and monthly shipment target.	2020-12-31	2020-10-09	Working	288
359	1)\tHand over management of materials to Siti	2020-12-31	2020-10-09	Working	291
388	Dedicated 4Pin TO can Jig to avoid wrong DUT insertion and cause damage to the parts - Q2	2020-12-31	2020-10-09	Working	324
379	Continuous support by cross training of operators and technician to provide flexibility on critical process/machines - Q3\r\nCome up of list the training to be completed by self into testing then to take over certification.\r\n- Planned out the list training to be completed - Q4	2020-12-31	2020-10-09	Working	317
387	Regularly publish Yelo Engineering WO Utilization to support product HTOL and Fab machine qualification - Q3 & Q4	2020-12-31	2020-10-09	Working	324
385	Maintain VI yield and getting in the microscope and qualification\r\nMonitor test yield related defects and come up with corrective actions	2020-12-31	2020-10-09	Working	323
403	1. Restore Palomar machine on April 2020 which save DLS US$60k to repair it. \r\n2. Improved Auto bar TEC for better performance by installing water tank,\r\n3. Qualified Newport spheres for manual stations for better accuracy and tester performance\r\n4. Improved SPC for Test and Assembly process by introducing excel monitoring	2020-12-31	2020-10-10	Not Started	328
404	Coordinate with IE and layout assembly machines and Test stations according to Manufacturing Process Flow	2020-12-31	2020-10-10	Not Started	328
406	Support to setup and run engineering WO Daitron/ Die Attach/Wire bond in CoS build for different design masks patterns	2020-12-31	2020-10-10	Not Started	326
407	Support to setup and run engineering WO request for all assembly machines which need special attention	2020-12-31	2020-10-10	Not Started	325
408	Attend and Resolve Setup/equipment Down times and Process Issues On time to keep equipment availability higher 95% rate	2020-12-31	2020-10-10	Working	327
409	Monitor Assembly and Test Yield by Process and continue to support and Maintain 90%	2020-12-31	2020-10-10	Not Started	327
410	Improve safety and 5S in APT Assembly and test area by properly layout all cables and connectors in cable duct	2020-12-31	2020-10-10	Not Started	328
405	Designed and installed auto bar OSA Jig to for high speed DFB/FP/ELED/SLED OSA Measurement	2020-12-31	2020-10-10	Working	328
411	Support Release Operating procedures and work instructions , training Certification Documents by Process and update outdated documents	2020-12-31	2020-10-10	Not Started	328
412	Perform PM and Calibration of all APT equipment's, and Engauge external vendor to calibrate system	2020-12-31	2020-10-10	Not Started	327
421	Arrow on the whiteboard based for which boxes	2020-12-31	2020-10-12	Working	313
431	LIV Test Panel	2020-05-30	2020-10-12	Completed	338
420	ILM activity by product boxes (Incoming and Outcoming) with BF10 (Bandwear) and ILM daily. Need to input into Yield for ILM.	2020-12-31	2020-10-12	Working	313
422	Implement every Work Instructions (10/ 18 WIs) and New looks of Travelers for box with Rev B (upgrade)	2020-12-31	2020-10-12	Working	313
434	To achieve revenue target in 2020. Revenue target is , for 16xx DFB US$1857K and for other products US$3285K in China market( Company's annual sales revenue is US$13440K).	2020-12-31	2020-10-13	Not Started	207
435	To promote new products( 25G CWDM4 DFB, 1550nm gain chip and SOA etc) to telecom customers, such as tranceiver makers, Huawei, ZTE etc.	2020-12-31	2020-10-13	Not Started	206
436	To do routine work on time, such as to join weekly revenue call, invite R&D engineer to introduce our new products to customers and provide forecast to factory etc	2020-12-31	2020-10-13	Not Started	208
417	Addition foam to prevent from wobbly and also install holder fiber tool so that your hand can acting as brake for spool.	2020-10-30	2020-10-12	Working	310
416	Set-up for BFs Coil winding	2020-08-30	2020-10-12	Completed	310
419	Material Inventory every end of month with new ID number within only ILM dept	2020-09-30	2020-10-12	Completed	313
423	Quality VS Time	2020-12-31	2020-10-12	Working	314
415	Ensure and maintain supply of raw materials in follow up and estimate of based on Q4. Try control users and based on urgent boxes esp ASE box.	2020-12-31	2020-10-12	Working	307
424	Learn and run for production to meet shipping date at same time	2020-12-31	2020-10-12	Working	314
413	Meet monthly and quarterly target	2020-12-31	2020-10-12	Working	307
414	Maintain 90% Box yield for box assembly on Q3 as Output targets.	2020-09-30	2020-10-12	Completed	307
418	It able to be working on FOS4X coil, I would like to experiment on it later or soon	2020-11-30	2020-10-12	Working	310
425	2)\tHand over preparation of OGR for boxes	\N	2020-10-12	Not Started	291
426	3)\tHave Siti handle tracking of WIP	2020-12-31	2020-10-12	Not Started	291
427	Generic Instrument Class for Sourcemeter\r\nK2420\r\nK2460	2020-10-30	2020-10-12	Not Started	337
428	Generic Instrument Class for TECSourcemeter K2500 and Arroyo 5235	2020-10-30	2020-10-12	Not Started	337
429	Generic Instrument Class for OSA Ando/Yoka and Anritsu	2020-10-30	2020-10-12	Not Started	337
432	SOA Test Panel	2020-08-31	2020-10-12	Not Started	338
433	PER Test Panel	2020-10-30	2020-10-12	Not Started	338
430	OSA Test Panel	2020-05-30	2020-10-12	Completed	338
441	Propose structure/method to achieve high BW SLED	2020-12-31	2020-10-14	Not Started	358
449	1. Set up a more robust KFA no. 1 teams led by new energized leaders \r\n2. Look at a Selection Assessment tool to check for cultur fit and commitment from final 2 candidates to 'Hire Right' \r\n3. Introduce a panel interview (if necessary)	2020-12-31	2020-10-14	Not Started	361
450	Identify & fill up 2020 budgeted positions - Hire as per AOP 2020 and according to the needsbut mindful of the cost of payroll acceding the budget	2020-12-31	2020-10-14	Not Started	361
446	b. Review the HRIS to increase productivity for work - E- PMP by HuNet (By Q3, 2020) - E- OT System -Auto link to Citrix for time soft payout computation by HuNet (By March 2020)	\N	2020-10-14	Not Started	360
447	a. Attend at least 4 job fairs/talks to represent DLS (Total no. of attended by year end)	\N	2020-10-14	Not Started	360
451	Odoo Recruitment Database - Maintain a database of CVs, in Odoo by Q4,2020 to keep track of good KIV candidates for future hiring & hiring via ODOO recruitment tracking system a) 50% by Q2,2020 b) 100% of CV by Q4,2020	2020-12-31	2020-10-14	Not Started	361
452	Improved NMTO and E-Boarding program in KFA no.1.1 Top 10% identified form Functional Review - 0% turnover and are retained from KFA no.13	2020-12-31	2020-10-14	Not Started	362
439	AIX200 MOCVD operation model: To understand and plot the blue shift of PL peak run to run. Method (temperature, flow) to compensate the drifting.	2020-12-31	2020-10-14	Working	350
662	Reduce Cost of Non-conformance (CoNC) by <5% with respect to the total cost of goods sold (COGS)	2020-12-31	2020-10-22	Not Started	244
440	Deliver production wafers: Deliver 100% of requested wafers from PE team with good material quality.	2020-12-31	2020-10-14	Working	356
448	1. Tool qualification based on InGaAsP material growth \r\n1a. 54708T ELEDs products @ 15XX: Rel test performed on wafer ID 19112B grown in G4 MOCVD (passed 2000 hrs test)\r\n\r\nTarget: To drift in Power (<20 %) at high current and high temp\r\n\r\nDocument name: "QS-PED-PR001-FRM02 Engineering Report _G4 qual_10.01.2020"\r\n\r\n1b. Low DOP 1310 SLEDs for Panwoo @ 13XX:  Rel test performed on wafer ID 19148A grown in G4 MOCVD (passed 500 hrs. test) : on going process\r\n\r\nTarget: To drift in Power (<20 %) at high current and high temp	2020-10-14	2020-10-14	Working	246
666	Conduct on-site periodic audit for Ext. Mfg. to ensure change management is being practice.	2020-12-31	2020-10-22	Not Started	244
453	Leadership Development - Conduct 4 supervisory training for potential managers/supervisors By Q2,2020, 2 training to be completed. By Q4, 2020, last 2 trainings conducted.	2020-12-31	2020-10-14	Not Started	362
454	Consistent welfare activities on alternate months to bond the people - 6 welfare activities to bey done by Q4,2020 Introduce workplace integration program (funded by WSG and administered by SNEF) to come up with integration activity for staff - Q3,2020 Touch points with new hires 1st, 3rd and 6th month of service in DLS to be organized by HRBPs assigned.	\N	2020-10-14	Not Started	362
456	Improve Communication - During townhall, introduce pigeon-hole questions for people to ask Rajan (by Apr 2020) - Start a group-chat Buddy system (4 existing employee mentor 1 new hire) per KFA no.1.3 (By April 2020) - Evaluate EOS 2020 results and start focused group coffee talks to determine action plans. (By March 2020)	2020-12-31	2020-10-14	Not Started	362
462	d. Conduct a market adjustment for key employees by March 2020 (By March 2020)	2020-07-31	2020-10-14	Not Started	363
463	c. Prepare a Salary increment proposal in May for July 2020 Implementation (By May 2020)	2020-07-31	2020-10-14	Not Started	363
464	b. Propose a general bonus proposal for the Board's approval (By April 2020)	2020-07-31	2020-10-14	Not Started	363
468	a. Propose a sales incentive Plan for implementation twice a year (SIP) (By April 2020)	2020-07-31	2020-10-14	Not Started	363
469	b. Ensure HODs rate and rank their employees under their charge during Functional Reviews and ensure top 10% identified as key personnel are retained. (By August 2020 functional reviews done and key talents identified)	2020-12-31	2020-10-14	Not Started	364
470	a. Identify next set of potential leaders to develop and train them via the DLS supervisory Leadership program found in KRA (2) and reduce the no. of reports to HODs for better management. (BY Q3,2020 completed functional reviews)	2020-12-31	2020-10-14	Not Started	364
472	Already well trained to handle all this task independently.	2020-09-30	2020-10-14	Not Started	378
473	Able to perform independently.	2020-09-30	2020-10-14	Not Started	386
474	Able to do it once understanding of  MOCVD is strong.	2020-09-30	2020-10-14	Not Started	393
475	a. Implement a system that links Quote to Invoicing in Odoo b. Implement sample request process in Odoo c. Implement RFC process into Odoo d. Implement a reporting system through Odoo that is able to pull out YTD, QTD reports, backlog and book to bill	2020-12-31	2020-10-14	Not Started	394
476	a. Enhance the current web-site. Measure based line and set performance goals for the improved site (e.g. number of visitors, bounce rate etc.) b. Work with internal teams to generate all the collaterals needed to ensure the web is up to date (datasheets etc) and contains relevant information (application notes) c. Ensure all products listed are manufacturable d. Set branding improvement measurement goals for relevant online platforms like LinkedIn. Formulate and execute plan to improve DenseLight branding	2020-12-31	2020-10-14	Not Started	394
477	Ship new SOA product to 1 customer by Q2	2020-04-30	2020-10-14	Not Started	395
478	Design win min 3 SOA or Gain chip designs by FY20	2020-12-31	2020-10-14	Not Started	395
479	Design in CW 70mW/70C lasers into at least 2 customers by Q4	2020-12-31	2020-10-14	Not Started	395
480	Design win min 3 new ILM customer in FY20	2020-12-31	2020-10-14	Not Started	395
481	Identify growth channels and markets by Q2	2020-04-30	2020-10-14	Not Started	396
482	Bring these channels online by Q2 (e.g. rep, distributor, US sales)	2020-04-30	2020-10-14	Not Started	396
483	Min $500K revenue from US (non POET)	2020-12-31	2020-10-14	Not Started	396
484	Hit Company revenue Goal - $12.1M	2020-12-31	2020-10-14	Not Started	397
485	Meet Quarterly Goals i. Q1: $1.24M ii. Q2: $2.40M iii. Q3: $3.87M iv. Q4: $4.59M	2020-12-31	2020-10-14	Not Started	397
486	Hit Non-China ILM revenue Goal - $500K	\N	2020-10-14	Not Started	397
487	Prepare product costing from May to Dec 2020	2020-12-31	2020-10-14	Not Started	399
488	Sharing PNL with analysis in staff meeting and respective owner in Fab A, B and APT	2021-01-15	2020-10-14	Not Started	400
489	Prepare monthly BOD report on time	2021-01-15	2020-10-14	Not Started	401
490	Ensure monthly closing within 4 working days	2021-01-06	2020-10-14	Not Started	402
491	a) 100% SOP set up for all steps / New Operator certification b) Enable 2 slot jig for AR/HR coat in Oxford / Trion for longer cavity lengths c) Back up tools qualification / deployment into production by Q220 d) Yield system set up by cleaning up using process mapping for SLED / ELED / DFB e) Assign One cost reduction activity per engineer (should cover material cost, gold reduction by integration and resist convergence)	2020-12-31	2020-10-14	Not Started	410
492	a) File atleast one patent or paper or trade secret from Process and Product groups per year b) Cross training on another tool c) Mentor ship by senior engineers to IA students	2020-12-31	2020-10-14	Not Started	411
493	a. Drive CONC to be less than 5% for Y2020. b. NCMR and RMA numbers to be reduced by 30% from last years c. SPC system set up at top 5 bins for matured products in Product group. d. SPC to next level in Fab B for i) tool level , ii) Product level, iii) Metrology level - Achieve Cpk > 1.33 & OOC < 10% + investigation on all OOC points e. Improve Fab B WAT yield to 90% by fixing process related issues f. Conduct routine audits and drive Audit findings to closure within 2 months g. PRM / ORT system set up for matured products (ELED / SLED / DFB)	2020-12-31	2020-10-14	Not Started	412
544	1. AL wafer growth (by 31/12/20)\r\n\r\na. CWDM4 high power DFB (6 MQW DFB) \r\nb. CWDM4 B and D version of 25G DML. \r\nc. CWDM6 D version of 25G DML	2020-12-31	2020-10-16	Not Started	114
459	Recipe already frozen for following products in AIX200\r\n- 3036H\r\n- 5169A\r\n- 54708T	2020-09-30	2020-10-14	Working	248
664	Reduce Vendor CoNC by 2% from previous year (2019)	2020-12-31	2020-10-22	Not Started	244
667	Establish remote audit system for top tier (or with high quality issues) raw materials supplier.	2020-12-31	2020-10-22	Not Started	244
471	Transferred the recipe for 3036H product on 21.02.2020.\r\nTo find recipe in DCC please visit below:\r\n\\\\192.168.1.253\\Hemera\\DCC Share\\DCC Approved Documents for all users\\QMS\\FAA Documents\\MOCVD Recipe\r\n\r\nTarget: to transferred all production recipe in DCC folder	2020-02-21	2020-10-14	Working	249
465	Already discussed with team and started working on this task.  The progress in ongoing and discussed during MOCVD meeting.\r\n\r\nTarget: To develop a recipe for RG on grating wafer for G4 MOCVD reactor	2020-11-30	2020-10-14	Working	250
466	Target: To achieve a working BH device by end of 2020\r\n- Growth parameters optimization for the blocking layer RG in MOCVD with minimum leakage	2020-12-31	2020-10-14	Working	251
494	i) Support key customer programs (Renesas, 25G DML, Huawei SOA, Panwoo, Almae BH, BW10 and other Laser projects) as per learning cycle plan. Scope issues and ensure successful wafer outcome for realizing revenue / NRE ii) Prelim qualification of ONE Renesas product by end 2020 iii) Drive Fab B process, Product and QA groups to help achieve 2 design wins for 1653DFB, 10G i-temp and 25G DML or High power DFB c-temp. iv) Smooth operations by ensuring back ups for all possible tools (at inhouse & at external sources) v) Cumulative Yield target of 75% for the year 2020.	2020-12-31	2020-10-14	Not Started	413
495	a. DFB yield improvement to 70% and others (SLED & ELED) to ~ 90% b. Fix process marginality issues (n metal peeling, Ripple fails, p-metal peeling with SiO2 scheme and others) c. WAT yield losses due to Fab B and Product related issues to be < 10% d. Qualify Eulitha for grating writing by end Q3 e. Demonstrate 3 inch wafer process	2020-12-31	2020-10-14	Not Started	414
496	Lead, define and fulfill goals set under KFA 3.1 Cost effective External Manufacturing Strategy	2020-12-31	2020-10-14	Not Started	415
497	Lead, define and fulfill goals set under KFA 1.4 Improve Communication Amongst Team	2020-12-31	2020-10-14	Not Started	415
498	Lead KFA 4 Build and deliver effective and efficient business process and systems.	2020-12-31	2020-10-14	Not Started	415
499	Meet monthly and quarterly shipment target.	2020-12-31	2020-10-14	Not Started	416
500	Achieve OEE target of 60% for test equipment.	2020-12-31	2020-10-14	Not Started	416
501	Identify and fill all 2020 budgeted positions. Reduce attrition rate by 50%.	2020-12-31	2020-10-14	Not Started	416
502	Complete cross training for the engineering team to support APT Process & Equipment.	2020-12-31	2020-10-14	Not Started	416
503	Maintain and optimize purchase requisition system. Ensure all POs are issued timely.	2020-12-31	2020-10-14	Not Started	417
504	Develop a mechanism to track cost savings	2020-12-31	2020-10-14	Not Started	417
505	Achieve cost savings of >$250k for 2020	2020-12-31	2020-10-14	Not Started	417
506	Develop alternate sources for key supply	2020-12-31	2020-10-14	Not Started	417
507	Source and select the Travel Management Companies that can offer the lowest cost of travel	2020-12-31	2020-10-14	Not Started	417
508	Drive the fulfilment of 2020 CAPEX to support revenue and capability target.	2020-12-31	2020-10-14	Not Started	417
509	Drive subcons to achieve > 90% yield.	2020-12-31	2020-10-14	Not Started	418
510	Improve 1st pass yield at SFO to > 80%	2020-12-31	2020-10-14	Not Started	418
511	Drive the subcons to meet cycle time < 4 weeks	2020-12-31	2020-10-14	Not Started	418
512	Chair QBRs with subcons	2020-12-31	2020-10-14	Not Started	418
513	At least sign two new distributors.	2020-12-31	2020-10-14	Not Started	419
514	Reach US$1.54M in the first half of 2020 Reach US$3.6M in the second half of 2020	2020-12-31	2020-10-14	Not Started	420
516	At least 4 design in for 25G laser, SOA or DFB 16xx	2020-12-31	2020-10-14	Not Started	421
517	To determine the effect of MOCVD growth parameters (Fe-flow, V/III ratio) on the carrier concentration of Fe in InP_Fe blocking layers	2020-11-20	2020-10-16	Not Started	226
518	To standardize the in-situ oxide removal (pre-annealing) growth conditions	2020-11-30	2020-10-16	Not Started	226
519	To have a first draft ready for operating and maintenance procedures for G4	2020-11-20	2020-10-16	Not Started	227
521	To find partners or collaborators or place to do CL or u-PL characterization of our wafers.	2020-11-30	2020-10-16	Not Started	441
522	To establish a model to correlate the thickness and composition between planar area and growth in mask opening	2020-12-25	2020-10-16	Not Started	441
524	Increase the MOCVD KPI Yearly by 5 % or maintain the optimum KPI.	2021-01-01	2020-10-16	Not Started	427
525	To demonstrate the possibility of growing Al based 1550 nm devices with required strain and doping	2020-11-30	2020-10-16	Not Started	442
520	To implement SPC for G4:\r\nGrowth rate, Doping etc	2020-11-30	2020-10-16	Working	227
384	Facilitate all communications and setup for Manual and Auto Bar Testing Relay-out\r\n- Review problem of station 4 and station 1 discrepancy - Q4\r\n- Create proper golden sample qualification system and management Q4.\r\n- Qualification of Fittech die tester.\r\n- Plan a target date  to move Autobar to assembly room	2020-12-31	2020-10-09	Working	322
526	Establish SMSR Yield vs Kappa-L Relationship	2020-12-31	2020-10-16	Completed	351
527	Reaching 65% SMSR Yield for Eulitha	2020-12-31	2020-10-16	Not Started	351
529	Complete Q4 target for ILM as far as PE support concerned.	2020-12-31	2020-10-16	Not Started	355
528	Document Readiness for Q4 Target	2020-12-31	2020-10-16	Working	355
530	Document Readiness for Q4 Target	2020-12-31	2020-10-16	Not Started	369
531	Meeting target for Q4 as far as PE support is concerned	2020-12-31	2020-10-16	Not Started	369
532	Fab A using new Data Structure	2020-12-31	2020-10-16	Not Started	354
533	Fab A Data can be integrated to TIBCO	2020-12-31	2020-10-16	Not Started	354
534	Walkthrough session (pre-UAT) finished in end of October	2020-10-31	2020-10-16	Not Started	353
535	Finished the UAT	2020-11-30	2020-10-16	Not Started	353
536	PDMS Go Live	2020-12-31	2020-10-16	Not Started	353
537	Able to run the old file that Cheng Guan had.	2020-11-15	2020-10-16	Working	357
538	Able to change the relevant input parameter in the simulation and checking the delta in the output parameter	2020-12-31	2020-10-16	Working	357
540	2. MOCVD Production Process Controls (Tool and Products)\r\n\r\na. Tool parameters SPC chart \r\nb. SPC charts for production products \r\nc. Continue process control development by Q1 2021	2020-12-31	2020-10-16	Not Started	115
542	4. Maintenance improvement\r\n\r\na. Reduce MOCVD downtime by 20%	2021-03-30	2020-10-16	Not Started	115
543	5. Characterisation of EPI\r\n\r\na. Improvement of XRD, PL and ECV analysis to determine growth quality and uniformity by reducing scraps to < 10% and improve uniformity to < +/- 5nm in edge exclusion. \r\n\r\nb. Periodic screening of EPI with TEM and SIMs analysis implemented to obtain data for (a).	2021-03-30	2020-10-16	Not Started	115
380	Come up with plan to closed the station1 to station4 measurements variation (1 mW to 3 mW). \r\nby Nov.\r\nCome up with improvement plan for Manual Test station GRR to be <30% by Dec\r\nSupport and qualify the new gain chip testing with development.	2020-12-31	2020-10-09	Working	317
545	2. BH Development for SLED, SOA and DFB \r\n\r\nAlpha versions of \r\na. 3159/1550 FP by Q4 2020 \r\nb. 1310 Low DOP SLED (Beta version)\r\nc. 1310 AL-based DFB	2021-03-30	2020-10-16	Working	114
549	6. SAE growth\r\n\r\na. Initial prototype of SAE growth for 2 device on single wafer	2021-03-30	2020-10-18	Not Started	115
546	1. G4 qualification\r\n\r\na. 500 hrs of ELED 54087T device\r\nb. Additional 5 wafers grown in G4 (at least ONE AL-based wafer) loaded for reliability test	2020-12-31	2020-10-16	Working	115
541	3. MOCVD recipe consolidation\r\n \r\na. Alignment of recipe for products (> 80%) in production (i.e. managed by PE)	2020-08-30	2020-10-16	Working	115
548	3. Grating development (by Q4 2020)\r\n\r\na. Qualify new grating vendor QXOPTO\r\nb. Develop > 800um cavity length 1310nm DFB\r\nc. Develop > 800um cavity length CWDM DFB by Q1 2021\r\nd. Develop 25G DML CWDM grating design for D version\r\ne. Develop 25G DML 1351nm and 1371nm grating design for D version by Q1 2021	2020-12-31	2020-10-18	Working	114
550	1. POET (by Q4 2020)\r\n\r\na. PO for $500K to be signed and deliverables agreed.\r\nb. WAT acceptance criteria for new objectives.\r\nc. Deliver Almae BH wafers	2020-12-31	2020-10-18	Not Started	118
552	3. Hitachi 1550nm SOA with 50nm bandwidth and Flip Chip \r\n\r\na. Technical proposal and cost\r\nb. Confirmation of NRE with Hitachi	2020-11-01	2020-10-18	Not Started	118
551	2. Acacia \r\n\r\na. Agree Technical specifications\r\nb. NRE (Development) pricing final proposal\r\nc. 1st iteration of Racetrack device fabrication and characterisation.\r\nd. Develop initial engineering test setup to test racetrack SOA	2020-10-01	2020-10-18	Working	118
553	4. ZTE 1550nm Gain Chip and SOA with Psat of 21dBm \r\n\r\na. Final proposal with pricing to ZTE for Gain Chip and SOA.\r\nb. Confirmation of project	2020-11-15	2020-10-18	Not Started	118
554	5. Huawei 1550 High DOP SOA\r\n\r\na. Ship 40 pcs 1550 SOA devices	2020-12-31	2020-10-18	Not Started	118
555	1. 10KHz 1550nm NLW for Wind LIDAR and DAS \r\n\r\na. < 30kHz Double grating 1550nm NLW BTF \r\nb. < 50kHz Double grating 1560nm NLW for BKTel\r\nc. 200mW NLW + EDFA MOPA \r\nd. Integrated Isolator BTF by Q1 2021	2020-12-31	2020-10-18	Not Started	112
556	2. 40mW High Power 200kHz 1550nm NLW for Auto LIDAR \r\n\r\na. Fabricated 1mm 1550 gain chip device by Aug 2020\r\nb. 40mW 1550nm NLW BTF	2020-12-31	2020-10-18	Not Started	112
557	3. 1310nm 120nm broadband SLED \r\n\r\na. Fabricate and characterised multi device MQW for 120nm (10dB) broadband device. To achieve > 100nm 10dB Span.	2021-02-27	2020-10-18	Working	112
558	4. 1310nm Low DOP SLED for China FOG \r\n\r\na. Improvement to MOCVD growth without undulations by Q4 2020\r\nb. > 0.8mW @ 100mA 8-pin BTF by Q4 2020\r\nc. > 1mW @ 100mA 8-pin BTF by Q1 2021	2021-03-30	2020-10-18	Not Started	112
560	1. High Power CWDM DFB 70mW@75C\r\n\r\na. 500um 1310nm DFB devices to achieve 50mW at 75C by Q3 2020\r\nb. Alpha 1mm 1310nm DFB to achieve > 70mW at 75C by Q4 2020\r\nc. Alpha 1mm CWDM DFB to achieve > 70mW at 75C\r\nd. Non-hermetic AL based DFB AR and HR coating\r\ne. > 2000 hrs HTOL	2021-03-30	2020-10-18	Not Started	113
561	2. 10G CWDM DML c-temp and i-temp\r\n\r\na. 1310nm and 1270nm by Q2 2020\r\nb. 1290nm and 1330nm by Q4 2020	2020-12-31	2020-10-18	Not Started	113
562	3. 25G CWDM DML c-temp and i-temp (by Q4 2020)\r\n\r\na. CWDM c-temp and e-temp by Q3 2020 \r\nb. Beta CWDM i-temp by Q4 2020.\r\nc. > 5000 hrs rel. qualification for 25G e-temp. by Q4 2020\r\nd. > 1000 hrs rel. qualification for 25G i-temp by Q4 2020	2020-12-31	2020-10-18	Not Started	113
563	4. 25G CWDM6 DML e-temp and i-temp (by Q1 2021)\r\n\r\na. 1351nm and 1371nm e-temp by Q4 2020\r\nb. 1351nm and 1371nm i-temp by Q1 2021	2021-03-30	2020-10-18	Not Started	113
564	5. High DOP SOA 1550nm - Single and 5-array\r\n\r\na. 1550nm SOA with Gain > 20dB, Psat > 9dBm, NF < 7.5dB, PER > 15dB and Bandwidth > 40nm operating at 40C	2020-08-30	2020-10-18	Working	113
565	6. Low DOP SOA 1310nm for 100ZR\r\n\r\na. Send packaged BTF samples (similar to Antritsu performance) to 100ZR customers (Taclink, Xgiga and Source Photonics). Achieve design-in for at least 1 customer.\r\n \r\nb. Design and fabricate submount design similar to Antritsu\r\n\r\nc. Repeat and fabricate 3 wafer growth	2020-12-31	2020-10-18	Not Started	113
566	1. Improvement and Implementation PRA and RFC\r\n\r\na. Implementation by Sales and NPD	2020-12-31	2020-10-18	Not Started	116
567	2. Improvement and Implementation of PDM\r\n\r\na. Implementation by NPD\r\nb. Regular audit implementation by QA	2020-10-30	2020-10-18	Not Started	116
568	3. Develop Benchmarking method \r\n\r\na. Develop Methodology and testing requirements\r\nb. Establish purchase channels for competitive devices\r\nc. Establish at least 1 case study	2020-12-31	2020-10-18	Not Started	116
569	4. Implement ROI template\r\n\r\na. Update with latest financial content every quarter\r\nb. Derive at least 2 x ROI cases for product council	2020-12-31	2020-10-18	Not Started	116
570	1. Establish at least 3 effective NPD sub teams with manager (directs)	2020-12-31	2020-10-18	Not Started	117
571	2. Establish clear RACI for > 80% of NPD programs	2020-12-31	2020-10-18	Not Started	117
572	3. Establish daily reporting updates by all PM at NPD daily pow wow meetings	2020-12-31	2020-10-18	Not Started	117
573	4. Implementation of PDMs for all NPD programs	2020-12-31	2020-10-18	Not Started	117
576	Customer 100% good experience by delivering the customer orders on time with 100% good quality by Q4'20.	2021-01-01	2020-10-18	Working	450
629	Enable Product Engineering capability to perform tests on new test requirement, new package type, etc.\r\n\r\n\r\nKey Projects:\r\nReverse current Test - Molex Requirement\r\nStability Check - FP Product Requirement\r\nPulsed Testing - FP Product Requirement\r\nType M Testing - New TO Package\r\nType N Testing - New TO Package\r\nType R Testing - New TO Package\r\nType S Testing - New TO Package\r\nPinhole test - Collimated Lens characterization\r\nIR Camera Spot Size test - Collimated Lens characterization	2020-12-31	2020-10-19	Not Started	459
661	Re-institutionalize good housekeeping such as 6S program\r\n-\tConduct 6S orientation/training to all employee. \r\n-\tReward and commendation every townhall for best department 5S performance	2020-12-31	2020-10-22	Not Started	243
665	Improve response time to quality issue:\r\no\tInterim Report submission 7 days\r\no\tFinal closure 30 days	2020-12-31	2020-10-22	Not Started	244
668	Involvement of QA function to new product development\r\n-\tEstablish QA gates for each New Product Development Phases	2020-09-30	2020-10-22	Not Started	245
669	Establish a groundwork for Quality Management System align with automotive standard (TS16949)\r\n-\tAttend (if required) Automotive Industry Standard course/training\r\n-\tAssist QA Manager to prepare system documentations and system	2020-12-31	2020-10-22	Not Started	245
575	Deliver 20% strategical solution to the key functional area of DLS by providing the disruptive performance of the innovative products and related building blocks by Q4'20	2021-12-31	2020-10-18	Working	449
578	1a) Operation Tool \r\n- Wafer Execution with separate functionality for each steps\r\n  > Generic\r\n  > QC Parameter Insertion\r\n  > Litho\r\n  > Litho Cleaning Procedure\r\n  > Transaction History\r\n  > Rework\r\n  > Event Log\r\n  > Rework History\r\n1b) Engineering Tool with advanced features\r\n- Enable Engineer to update and maintain Fab B Registry\r\n  > Mask\r\n  > Product Code\r\n  > Equipment\r\n  > Recipe\r\n  > Module\r\n  > Stage\r\n  > Block\r\n- Enable Engineer to Create Runsheet Template \r\n  > Modify Runsheet template using form view\r\n  > Modify Runsheet Template using Excel - Download and Upload\r\n- Enable Engineer to create Runsheet for Wafer Release\r\n  > Production Runsheet\r\n  > Engineering Runsheet\r\n  > Formula Selection\r\n  > Hold\r\n  > Skip	2020-05-01	2020-10-19	Completed	392
579	All the KPI Part 2 - DMES Phase 3 is completed successfully	2020-09-30	2020-10-19	Completed	452
602	Engineering samples of 1550nm high PDG and high Psat SOA (>=13dBm) chip and CoS for customer evaluation	2020-12-31	2020-10-19	Working	446
580	To complete the Project by 31 Dec 2020	2020-12-31	2020-10-19	Working	453
581	To complete the code by 31/8/2020	2020-08-31	2020-10-19	Completed	454
442	Complete the training list for AIX200 and G4 MOCVD equipment engineer	2020-12-31	2020-10-14	Working	359
438	1. SPC charts and production control plan: Create a dynamic SPC chart for checking of all production runs with the 3 main SPEC: PL peak; XRD strain % and PL standard deviation.\r\n2. Finish SPC chart to control the equipment process: AIX200, PL mapper and XRD. Start working on G4 process control charts.	2020-12-31	2020-10-14	Working	349
582	Configure automatically email to Sales Department for Analytics report monthly	2020-03-31	2020-10-19	Not Started	372
583	Follow up with external 3rd party Odoo vendor (Pragmatic - India) to fix the issues on synchronization from Odoo to Quickbook	2020-12-31	2020-10-19	Not Started	379
584	Modify Sales Module as per Sales Department requirements	2020-09-30	2020-10-19	Not Started	373
585	Modify Manufacturing Order Module as per APT - Operation Department requirements	2020-09-30	2020-10-19	Not Started	374
586	Purchased Synology RS1619XS+	2020-03-31	2020-10-19	Not Started	365
587	Purchased 2 Virtual Machine (12 Virtual PC) to host 2 JMP licenses and also Tibco Spotfire installed on all VPC	2020-09-30	2020-10-19	Not Started	377
588	Modify Inventory Module as per PPC Department requirements	2020-09-30	2020-10-19	Not Started	375
589	Prepare rack for Starhub Gateway and lines hubs	2020-03-31	2020-10-19	Not Started	370
590	Deployment DMES for manufacturing use a.\tFab-B Runsheet automation b.\tFab-A GATR automation c.\tFab-A Recipe generation d.\tDITA  e.\tWAT automation	2020-12-31	2020-10-19	Not Started	371
591	Proceed to install DMES on Process Engineer Notebooks	2020-03-31	2020-10-19	Not Started	376
592	to enable digital signature in Document and google sheet	2020-12-31	2020-10-19	Not Started	455
593	a. To Finalize the base wafer/grating design\r\nb. To Finalize the wafer process design\r\nc. To Finalize the facet coating process\r\nd. To Establish the WAT procedure\r\ne. To Complete the Beta exiting report	2020-12-31	2020-10-19	Working	467
594	a. To Conclude the RR/LP/CB DOE\r\nb. To Conclude the D/B version base wafer design\r\nc. To Conclude the Klab/DLS sputter/DLS Denton coating process\r\nd. To Conclude the pulse mode test for distinguishing the COMD failure\r\ne. To Complete the Alpha exiting report\r\nf.  To Verify the grating vendor for PS grating writing\r\ng. To Verify the TRX design and configuration	2020-12-31	2020-10-19	Working	468
595	a.To provide the technical supports on base wafer design\r\nb.To provide the technical supports on grating design\r\nc.To provide the technical supports on facet coating process	2020-12-31	2020-10-19	Not Started	469
596	1. Manage and organize the preview meeting before drawing the mask\r\n2. Assign and prioritize the mask drawing job\r\n3. Manage and organize the review meeting after drawing the mask	2020-12-31	2020-10-19	Not Started	470
598	Develop test methodology to measure polarization dependent gain of low PDG SOA	2020-06-30	2020-10-19	Completed	445
599	Prepare documentation for product transfer	2020-12-31	2020-10-19	Working	445
597	Engineering samples of 1310nm low PDG SOA chip and CoS for customer evaluation	2020-09-30	2020-10-19	Completed	445
600	Complete epi process trial for Step-1A	2020-05-31	2020-10-19	Completed	444
601	Complete epi process trial for Step-1B	2020-12-31	2020-10-19	Working	444
603	Engineering samples of 1310nm low PDG SOA BTF module for customer evaluation	2020-12-31	2020-10-19	Working	445
604	First engineering samples of loopback SOA chip and CoS	2020-12-31	2020-10-19	Working	446
605	Secure at least one NRE for development of 1550nm SOA with project pricing of at least U$100k	2020-12-31	2020-10-19	Working	446
606	Develop correlation database between ASE power and optical gain to enable production testing of SOA	2020-12-31	2020-10-19	Working	446
607	Develop first design for 500um CW DFB laser devices	2020-09-30	2020-10-19	Completed	447
608	Complete CW-DFB laser product documentation for Sicoya project	2020-12-31	2020-10-19	Working	447
616	# of RMAs settled successfully per product group per year.	2020-12-31	2020-10-19	Working	471
610	1650nm pulse FP Laser Development	2021-03-31	2020-10-19	Not Started	344
611	Eloira SLED 1550nm Passdown to Xiao Yu	2020-08-31	2020-10-19	Completed	344
609	OSI 1310nm and 1550nm Datasheet and sample creation	2020-12-31	2020-10-19	Working	344
613	DL-CS5153A Yield Improvement	2021-03-31	2020-10-19	Working	343
615	DL-CS5010-T30 & DLCS51010-ASE Epi Design	2021-03-31	2020-10-19	Not Started	343
618	30%-50% reduction of RMA case from 2019	2020-12-31	2020-10-19	Working	471
617	No recurrence of RMA/NCMR upon implementing CA/PA	2020-12-31	2020-10-19	Working	471
619	# of NCMR closed	2020-12-31	2020-10-19	Not Started	471
620	YTD # of sales engagement supported.	2020-12-31	2020-10-19	Not Started	472
621	Train Dheepeka about Yield and Task Management	2020-12-31	2020-10-19	Not Started	473
622	Passover SLED knowledge and concepts to Xiao Yu	2020-12-31	2020-10-19	Completed	473
614	SLED DL-CS5169A repeat build\r\n\r\nWas able to repeat using wafer 20040A	2020-12-31	2020-10-19	Completed	343
612	ELED new Engineering Mask Design to Improve Ripple	2021-03-31	2020-10-19	Working	343
623	To help met 2020 revenue and ensure no miss shipment due to product issues	2020-12-31	2020-10-19	Working	342
625	Development of Sample Bank for different form factors and wavelength for 16xx	2020-12-31	2020-10-19	Not Started	456
626	Establish Production readiness in execution of 16xx DFB volume orders	2020-12-31	2020-10-19	Not Started	456
624	Establish correlation with CM vendors to reduce in-house testing costs\r\n\r\nHisense correlation on wavelength 99% - Originally we had to test each unit 100% in DLS, with all the conditions for wavelength tuning. Now we only need to make the testing once\r\n\r\nImprovement points - originally the correlation was 70% - low, we asked Hisense to change the setup with collimated lens fiber and now we get 99% correlation with them\r\nOriginally: 15C, 25C, 40C, 20mA, 50mA - > 6 OSA tests\r\nNow: 25C - 50mA - 1 test only needed inhouse	2020-06-30	2020-10-19	Working	460
628	Test time improvement in Production test\r\n\r\nKey Projects:\r\n\r\nELED Autobar OSA Test - Originally can only test at Manual Station\r\nManual: 5 UPH\r\nAuto: 92 UPH\r\n\r\nDFB Auto Analysis software - Post processing capability on DFB Devices\r\nManual: 5 UPH\r\nAuto: 92UPH\r\n\r\nSplitter Type Test - OSA and LIV in one setup\r\nBefore: 5 UPH LIV OSA\r\nAfter: 12 UPH LIV OSA	2020-12-31	2020-10-19	Working	460
627	Improve team productivity by developing tools that will help in Data Analysis and Data Mining\r\n\r\nImprovement metrics is how quick the team can analyze and compile data\r\n\r\nKey projects:\r\nCompiler Software - Manual Compiling takes you an hour to copy paste data. Compiler software performs it in a few seconds\r\nOGR Generator - Multi file function enables PPC or Product Engineering to generate multiple OGR's in one setup. Original: 10 per hour to 30 per hour\r\nDirectory Mapper - Creates a list of all the files under a directory.	2020-12-31	2020-10-19	Working	460
630	Timely analysis and presentation of Fab Out wafers	2020-12-31	2020-10-19	Not Started	456
631	Timely Analysis of new DOE that comes out for Panwoo Devices	2020-12-31	2020-10-19	Not Started	458
633	Review the Sicoya Gamma Documents	2020-12-31	2020-10-19	Not Started	458
634	Design review for 25G.\r\nAlpha/Beta Phase Exit review\r\nGamma Phase Exit take over	2020-12-31	2020-10-19	Not Started	458
632	Help in setting up test stations by being knowledgeable in setup and operation of the Manual Stations.\r\nCover gaps in PE Team capability to make test setup and help the team deliver timely FA check on their products	2020-12-31	2020-10-19	Working	459
635	Achieve output power of 40mW with an initial engineering yield of 40%	2020-12-31	2020-10-20	Not Started	475
637	Produce 1560nm / 50kHz FBGL modules with an initial engineering yield of 40%.	2020-12-31	2020-10-20	Not Started	346
638	1550nm/10khz Module with initial engineering yield of 25%	2020-12-31	2020-10-20	Not Started	474
639	Digital communication capability (50%)\r\nDimensions L<150mm, W<100mm  (30%)\r\nCost <400USD (20%)	2020-12-31	2020-10-20	Not Started	347
640	100% of new technical document creation request answered within 3 weeks after request	2020-12-31	2020-10-20	Not Started	348
636	Completion of MOPA prototype (without dimension constraints:\r\n-200mW CW output power (50%)\r\n-<100khz linewidth (50%)	2020-11-30	2020-10-20	Working	345
641	1. Beta-Phase Exit\r\n2. Hand-over Technical Package to Product Eng'g Team\r\n3. Move to Gamma Phase	2019-12-31	2020-10-20	Not Started	433
642	1. Alpha Phase Exit\r\n2. Alpha Sample Availability	2019-12-31	2020-10-20	Not Started	434
643	1. CW Laser, Almae BH wafer Deliveries\r\n2. 25G DML wafer Start Initiation	2019-12-31	2020-10-20	Not Started	432
644	1. Phase 0 Exit\r\n2. Alpha Sample Availability	2019-12-31	2020-10-20	Not Started	435
645	Reliability qualification of the AXT wafer substrate and the Almae vendor grating regrowth.	2020-04-09	2020-10-20	Not Started	422
646	Define the move-in, acceptance criteria of the Yelo burn-in and HTOL reliability testing system.	2020-02-01	2020-10-20	Not Started	425
648	Perform HTOL on various versions of the 25G devices on the Yelo system	2020-10-13	2020-10-20	Not Started	423
649	Full packaging qualification of the Hisense 8-pin TO Can	2020-04-15	2020-10-20	Not Started	424
650	Develop a SLED with BW 115nm, Power 6mW using 2 strategies in parallel.	2021-07-01	2020-10-20	Not Started	477
651	PDM conformance and increased PM technical efficiency.	2020-11-01	2020-10-20	Not Started	476
443	- Based on I-V test performed on 20062A grown in G4 (D-version -1290 FP device), the ideality factor looks better than BW10 grown wafers that means the epi quality is good enough to proceed with for DFB device:\r\n   a. Ideality factor better than BW10 grown wafers\r\n   b. Rd looks flat that shows no leakage  \r\n\r\n- Based on recently grown wafers in G4 with wafer ID 20063A for D version-1290 DFB device, it seems epi quality is better than BW10 grown epi. The results were presented by PC on 13the Oct 2020 in 25 G i-temp meeting. The wafer passed all the specs. Already done	2020-10-12	2020-10-14	Completed	247
460	Already performed on G0573A-Q1 and shows flat topography after Grating regrowth was performed on 13.05.2020 in G4 MOCVD confirmed by TEM images.\r\nTarget: to achieve bottom grating layer growth without any dislocations\r\n\r\nAlready achieved!	2020-05-13	2020-10-14	Completed	252
467	Target: to achieve PL uniformity all over the substrate within +/- 5 nm with 5 mm edge exclusion\r\n- W2W variation is within < 5 nm\r\n- R2R variation should be < 3 nm	2020-10-30	2020-10-14	Working	253
652	Target: To develop a recipe to achieve the undulation free growth of complex quantum well by optimization growth parameters\r\nWe already confirmed the undulation free Quantum well growth for following wafers:\r\n20121A/B/C (SLEDs)\r\n20122A/B (SLEDs)\r\n20120B/C (for SOA device)\r\n20123A/B (SLEDs)\r\n20124A/B (SLEDs)\r\n20137A/B (SLEDs)\r\n20138A/B (SLEDs)	2020-10-10	2020-10-20	Completed	480
455	Already trained/ transfer all knowledge I had with G4  to following engineers on G4 and AIX200 for hardware maintenance to exchange inlet parts of G4 MOCVD:\r\n1. Wesley\r\n2. Sang\r\n3. Hameed\r\n4. Dheeraj\r\n\r\nTarget: each individual  can perform task independently each task with proper documentation: done	2020-09-30	2020-10-14	Completed	248
653	-\tReduce customer RMA to 30% from the previous year (2019)	2020-12-31	2020-10-22	Not Started	242
654	Reduce RMA Interim report submission to 30days (upon received of complete information or RMA units)	2020-12-31	2020-10-22	Not Started	242
655	Reduce RMA Final CAPA closure time to 60days (upon received of complete information or RMA units)	2020-12-31	2020-10-22	Not Started	242
663	Reduce Subcon-related Reject/Scrap rate by 2%	2020-12-31	2020-10-22	Not Started	244
660	Include 6S in the audit checklist to support the 6S program	2020-03-31	2020-10-22	Completed	243
658	Centralize documentation and acceptance for incoming material inspection by creating google shared drive for all department incoming material documentations and approval.	2020-03-31	2020-10-22	Completed	243
657	Create incoming inspection request google form and deploy to PPC for any materials required incoming inspection.	2020-03-31	2020-10-22	Completed	243
647	Develop a Ridge-Based low-DOP SLED product with performance parameters: 1mW fiber out power, PER<1dB, BW>35nm	2020-06-30	2020-10-20	Working	426
656	Establish Incoming Process Control for direct materials (substrates, mask plates, chemicals, gases, others,) using the COC of these materials	2020-03-31	2020-10-22	Completed	243
659	Re-establish Monthly Quality Patrol Audit to counter check process and manufacturing process compliance to requirement and standard. To check Recipe, Runsheet, GATR, WAT and Test data & results (FMEA, Control Plan and SPC check included)	2020-03-31	2020-10-22	Completed	243
577	1. Deliver project deliverable on time and meet customer technical spec requirements of 1310 CW 70mW@70C Q4'20\r\n2. Meet -40C to 85C of SLED operation of SLED @5mW with turn on <4s by Q4'20\r\n3. 100% transfer of CISCO project to making a summary of work.	2021-01-01	2020-10-18	Working	451
382	Yelo Burn-in Utilization improvement by qualifying multiple WO loading in one slots. - Q2\r\nQualify new 2 additional COS Jig for production and engineering capacity improvement - Q3	2020-12-31	2020-10-09	Working	322
381	Review current OEE on APT Test-Burn-in equipment and come up with actions plan to improve OEE to reach the OEE target 70%.\r\n   1) PM checklist (95% execution with feedback).  PM execution and Checks by Dec\r\n   2) Machine Test downtime target<5%. by Dec\r\n   3) Response to test issues and corrective actions should be less than 1 day. Except for plan \r\n      downtime.\r\n   4) ILX Burn-in Slots improvement to 40 BTF slots. by Dec	2020-12-31	2020-10-09	Working	317
670	ISO and ESD to clear.\r\n-To complete all ESD and ISO items by Nov.\r\n- complete the mandatory training for 5S and Safety and apply it.	2020-12-31	2020-10-23	Working	484
671	BH-Based Low DOP SLED	2021-06-15	2020-10-27	Not Started	426
682	Equipment need to setup by - 2/11/20\r\nPrepare 3 samples for temp linearity check in house - 09/11/20\r\nPrepare another 3 samples for temp linearity check at NTU - 09/11/20\r\nDetermine if any offset between both tools	2020-11-15	2020-10-27	Not Started	491
677	Qualified. Trion can backup Oxford.- Aug 20\r\n(Supported MOLEX delivery for Q3)	2020-08-31	2020-10-27	Completed	489
691	4 Samples received after plating completed by vendor\r\nPending visual inspection check, nodules check	2020-10-31	2020-10-27	Not Started	492
673	2 Jigs currently able to load 12 bars - stability, shake & repeatability test done\r\nno bars dropping inside chamber after deposition\r\n\r\n\r\n.	2020-10-19	2020-10-27	Completed	258
680	1 Jig modified to fix shadowing and overcoating issue: \r\n1) improvement observed. \r\n2) Overcoating did not touch the bond pad	2020-10-19	2020-10-27	Completed	258
681	2nd Jig currently with vendor to further reduce overcoating from 35um to 15-20 um\r\nJig currently with vendor pending modification	2020-11-06	2020-10-27	Not Started	258
674	2) Meeting on 28/10/20 with Siew Ping to demonstrate current loading with Daitron tool	2020-11-16	2020-10-27	Working	485
679	RTP-02 backup:\r\n4 point probe tool arrived - 24/10/20\r\n\r\n1.  E-BEam: communicated and confirmed the process capability of IMRE E-Beam tool (1 NML deposition completed 01/10/20)\r\n2. RTP: communicated and confirmed the process capability of NTU RTP tool (issued revised quotation on 19/10/20)	2020-10-23	2020-10-27	Completed	491
692	Acceptance report and final quotation	2020-12-31	2020-10-27	Not Started	492
676	1. RI - Done.\r\n2. uniformity -done\r\n3. Stress -measured\r\n4. Wet Etch rate check-Done\r\n4. Repeatability check- done -Mar 20\r\n- Started using for 25G products - \r\nNext plan: Back up SiO2 in Trion-ongoing	2020-07-31	2020-10-27	Completed	488
678	1) AR coat for DFB in Oxford- 24hrs HTOL completed. \r\n2) AR coat for DFB in Oxford- 24hrs HTOL completed. \r\n3)  Developed a new low stress AR recipe in Oxford. DA simulation completed Sep 20	2020-09-24	2020-10-27	Completed	490
684	1) Proceed the Qual with new recipe - Nov 2020\r\n2) HTOL for the new low stress recipe - Feb 21	2021-02-28	2020-10-27	Not Started	490
685	Tool operation without supervision\r\nFamiliarity of the tool	2020-09-30	2020-10-27	Completed	486
686	1) Learning how to develop and optimize process recipe for various products with Optilayer\r\n2) Familiarize with software	2020-11-30	2020-10-27	Working	486
672	1) Tool upgradation is going on- Jan 2021 (Ion Source, Heater control, OMS, Crystal, software)\r\n2) New tool breather plate exp completed- May 2020\r\n3) n & k values obtained - June 2020\r\nCoating designs for AR & HR- June 2020\r\n4) Deposition of Spectral stracks and measurements- Jul 2020	2020-07-31	2020-10-27	Completed	486
687	2) Training of operators/technician - completed	2020-08-31	2020-10-27	Completed	493
688	1) 250 um, 300 um, 350 um DFB\r\n2) 1000 um ELED MOLEX\r\n3) 1500 SLED & SOA\r\n\r\nProducts listed above qualification completed. \r\n20 bars per loading qualified	2020-07-31	2020-10-27	Completed	493
689	Standard operating procedure manual for operators and technicians pending	2020-12-15	2020-10-27	Not Started	493
690	4 Samples sent to M+ for plating evaluation: \r\n1) Sample 1 - blank wafer with pre-stress measurements\r\n2) Sample 2 - blank wafer with attic mask \r\n3) Sample 3 - 1/2 wafer with attic mask\r\n4) Sample 4 - 1/4 wafer with attic mask\r\n\r\nAll 4 samples were subjected to the same plating conditions	2020-09-30	2020-10-27	Completed	492
693	1) resolved syncing issue with TIBCO spotfire\r\n2) incorporated 11 process charts for monitoring in TIBCO spotfire\r\n3) added in CP, CPK parameters	2020-07-15	2020-10-27	Completed	494
694	1) Automate and reflect in real time chart monitoring\r\n2) Google sheets conversion	2020-12-31	2020-10-27	Not Started	494
695	Fingerprint of processes in Oxford & Trion (RI check, wet etch rate, uniformity range, stress)\r\n1) AR coating recipe (SINAR-15-08-18) - Oxford\r\n2) SiON-2 PCO spacer - Oxford\r\n3) SiON-new low stress recipe - Oxford\r\n4) SiN HM in Trion\r\n5) AR coating in Trion\r\n6) SiON in Trion	2020-09-30	2020-10-27	Completed	490
696	supported ripple yield investigation on ELED (MOLEX)\r\n- ripple to AR coating thickness correlation determination\r\n- trend chart correlation of FF thickness range vs ripple & BF range vs ripple\r\n- bar identification per work order under visual inspection directory\r\n- improvement measures to tighten facet coating thickness to +/- 5 nm\r\n- coordinated and ensured MOLEX Q3 shipment before oxford was sent for upgrade	2020-08-31	2020-10-27	Completed	495
703	Simulation model developed with Harold and Picwave that matches simulation outcome with experimental result.	2021-01-30	2020-10-31	Not Started	500
699	Evaluated the NLW laser modules based on single and dual gratings.	2020-12-31	2020-10-31	Working	499
702	Report and analysis of the performance of NLW laser with a commercial EDFA to present to ZX Lidars and BKTEL.	2020-12-31	2020-10-31	Completed	499
700	Solved RMA and NCMR issues related to ILM, mainly, the SMSR issues found in BF10, and PER issues.	2020-12-31	2020-10-31	Completed	499
701	Developed an initial model of an FBG first, followed by single grating based ECL.	2020-12-31	2020-10-31	Completed	499
704	Report and analysis template of SOA test and characterization results that is generated automatically from the raw measurement data.	2021-01-30	2020-10-31	Working	500
705	KPI 1	2020-12-31	2020-11-05	Not Started	504
706	hunet test	2020-12-31	2020-11-09	Not Started	506
707	test1	2020-12-31	2020-11-09	Not Started	507
708	test2	2020-12-31	2020-11-09	Not Started	508
709	KPI 1	2020-12-31	2020-11-12	Not Started	510
710	KPI 1	2021-01-31	2020-11-18	Not Started	512
711	KPI 2	2021-01-31	2020-11-18	Not Started	513
712	KPI 1	2021-12-31	2020-11-20	Not Started	514
713	KPI 3	2021-12-31	2020-11-20	Not Started	515
714	KPI 2	2021-12-31	2020-11-20	Not Started	514
715	good	2020-12-11	2020-11-27	Not Started	518
716	goog	2020-12-11	2020-11-27	Not Started	518
717	xx	2020-12-11	2020-11-27	Not Started	519
718	dd	2020-12-11	2020-11-27	Not Started	520
245	Improving existing coupling efficiency from 40% by applying the MFA technology between light source and agnostic platform such as the following:\r\n1) Si platform\r\n2) fiber\r\n3) optical interposer\r\n3) any other compatible medium\r\n\r\nOver time, the objective of KFA 5.3 has been changed and my task was aligned accordingly.\r\nMy present goal is:\r\n1) To design a waveguide module that is compatible with the light source as well as the preceding module.\r\n2) To ensure that the waveguide module is compatible with the platform.	2021-01-01	2020-09-30	Working	229
241	A)\r\nDevelopment of high power-high temperature CW DFB performance, namely:\r\n1) 75mW @ 75C for 1270, 1290, 1310, 1330 nm - InPhi\r\n\r\nB)\r\nCustomised solutions and assess technical specifications for mid power-high temperature CW DFB performance, namely:\r\n1) 40mW @ 70C - Raintree\r\n2) 30mW @ 85C - Cisco (obsolete)\r\n3) 25mW @ 95C - Sicoya	2021-01-01	2020-09-30	Working	228
574	A. Create a 100% goal-oriented and task-driven focused organization by introducing disruptive 1310 CW 70mW @70C product compared to the competitors by Q4'20\r\n\r\nB. Being responsible as auditee, establish competence in the quality and assurance system of DLS to collectively achieve certification of ISO9001:2015 by Q4'20.	2021-01-01	2020-10-18	Working	448
\.


--
-- Data for Name: GnC_mid_yr_comment_box; Type: TABLE DATA; Schema: public; Owner: benny6789
--

COPY public."GnC_mid_yr_comment_box" (id, comment, created_on, appraisal_id, created_by_id, goal_id, user_id) FROM stdin;
9	NIL	2020-11-26 04:07:05.565377+00	\N	1813823810	104	246
13	NIL	2020-11-26 04:55:18.345973+00	\N	135493917	42	251
14	NIL	2020-11-26 04:55:30.837529+00	\N	135493917	27	251
15	NIL	2020-11-26 04:55:45.240997+00	\N	135493917	94	251
16	NIL	2020-11-26 04:55:57.588643+00	\N	135493917	96	251
17	NIL	2020-11-26 04:56:15.26671+00	\N	135493917	95	251
29	NIL	2020-11-26 05:20:55.863463+00	\N	988735390	79	254
30	NIL	2020-11-26 05:21:05.358395+00	\N	988735390	80	254
31	NIL	2020-11-26 05:21:15.443183+00	\N	988735390	81	254
32	NIL	2020-11-26 05:21:32.506802+00	\N	988735390	78	254
37	NIL	2020-11-26 05:40:36.247321+00	\N	324340084	34	255
38	NIL	2020-11-26 05:40:46.584554+00	\N	324340084	32	255
39	NIL	2020-11-26 05:41:00.929578+00	\N	324340084	33	255
40	NIL	2020-11-26 05:41:10.811982+00	\N	324340084	35	255
41	NIL	2020-11-26 05:41:21.81695+00	\N	324340084	36	255
47	NIL	2020-11-26 05:50:33.411482+00	\N	25957709	185	261
48	NIL	2020-11-26 05:50:45.024138+00	\N	25957709	184	261
49	NIL	2020-11-26 05:50:55.094832+00	\N	25957709	186	261
50	NIL	2020-11-26 05:51:48.376966+00	\N	1813823810	186	246
51	NIL	2020-11-26 05:52:17.166123+00	\N	1813823810	184	246
52	NIL	2020-11-26 05:52:39.783469+00	\N	1813823810	185	246
53	NIL	2020-11-26 05:55:38.012945+00	\N	985791817	90	269
54	NIL	2020-11-26 05:55:48.674734+00	\N	985791817	86	269
55	NIL	2020-11-26 05:56:05.464478+00	\N	985791817	87	269
56	NIL	2020-11-26 05:56:18.097242+00	\N	985791817	88	269
57	NIL	2020-11-26 05:56:29.906742+00	\N	985791817	89	269
59	NIL	2020-11-26 05:59:05.693918+00	\N	1813823810	88	246
42	NIL	2020-11-26 05:44:15.077906+00	\N	1813823810	34	246
43	NIL	2020-11-26 05:44:56.753222+00	\N	1813823810	32	246
46	NIL	2020-11-26 05:47:11.741961+00	\N	1813823810	33	246
44	NIL	2020-11-26 05:45:41.579695+00	\N	1813823810	35	246
45	NIL	2020-11-26 05:46:33.595979+00	\N	1813823810	36	246
4	NIL	2020-11-26 03:58:01.82478+00	\N	534558467	105	257
5	NIL	2020-11-26 04:00:27.560337+00	\N	534558467	102	257
6	NIL	2020-11-26 04:01:17.046723+00	\N	534558467	103	257
3	NIL	2020-11-26 03:56:56.955841+00	\N	534558467	104	257
1	NIL	2020-11-26 03:52:11.277441+00	\N	534558467	106	257
10	NIL	2020-11-26 04:09:05.828944+00	\N	1813823810	105	246
8	NIL	2020-11-26 04:05:27.920524+00	\N	1813823810	102	246
7	NIL	2020-11-26 04:04:25.03126+00	\N	1813823810	103	246
2	NIL	2020-11-26 03:53:51.369742+00	\N	1813823810	106	246
33	NIL	2020-11-26 05:33:17.980306+00	\N	1813823810	79	246
34	NIL	2020-11-26 05:34:11.080478+00	\N	1813823810	80	246
35	NIL	2020-11-26 05:35:13.282323+00	\N	1813823810	81	246
36	NIL	2020-11-26 05:35:53.316439+00	\N	1813823810	78	246
25	NIL	2020-11-26 05:13:44.422285+00	\N	1135328161	75	262
23	NIL	2020-11-26 05:12:14.730053+00	\N	1135328161	76	262
24	NIL	2020-11-26 05:13:08.400641+00	\N	1135328161	77	262
26	NIL	2020-11-26 05:15:23.47805+00	\N	1813823810	75	246
27	NIL	2020-11-26 05:16:05.862064+00	\N	1813823810	76	246
28	NIL	2020-11-26 05:16:39.827056+00	\N	1813823810	77	246
11	NIL	2020-11-26 04:44:15.813579+00	\N	135493917	26	251
18	NIL	2020-11-26 05:02:59.646549+00	\N	1813823810	42	246
19	NIL	2020-11-26 05:03:53.877012+00	\N	1813823810	27	246
22	NIL	2020-11-26 05:06:51.792143+00	\N	1813823810	94	246
20	NIL	2020-11-26 05:04:49.40007+00	\N	1813823810	96	246
21	NIL	2020-11-26 05:05:41.200888+00	\N	1813823810	95	246
12	NIL	2020-11-26 04:45:40.507616+00	\N	1813823810	26	246
63	NIL	2020-11-26 06:05:21.681328+00	\N	430837474	117	247
64	NIL	2020-11-26 06:05:28.770846+00	\N	430837474	118	247
65	NIL	2020-11-26 06:05:36.378512+00	\N	430837474	112	247
66	NIL	2020-11-26 06:05:49.374241+00	\N	430837474	113	247
67	NIL	2020-11-26 06:06:02.120863+00	\N	430837474	116	247
68	NIL	2020-11-26 06:06:19.042336+00	\N	430837474	115	247
69	NIL	2020-11-26 06:06:31.530888+00	\N	430837474	114	247
70	NIL	2020-11-26 06:07:34.76707+00	\N	1813823810	117	246
71	NIL	2020-11-26 06:07:51.665496+00	\N	1813823810	118	246
72	NIL	2020-11-26 06:08:15.265905+00	\N	1813823810	112	246
73	NIL	2020-11-26 06:08:38.230503+00	\N	1813823810	113	246
74	NIL	2020-11-26 06:08:56.021111+00	\N	1813823810	116	246
75	NIL	2020-11-26 06:09:16.597779+00	\N	1813823810	115	246
76	NIL	2020-11-26 06:09:45.285921+00	\N	1813823810	114	246
81	NIL	2020-11-26 06:17:05.967263+00	\N	1813823810	130	246
82	NIL	2020-11-26 06:17:40.588319+00	\N	1813823810	138	246
83	NIL	2020-11-26 06:18:17.184436+00	\N	1813823810	139	246
84	NIL	2020-11-26 06:18:33.655088+00	\N	1813823810	140	246
85	NIL	2020-11-29 16:04:31.901604+00	\N	985791817	397	269
86	NIL	2020-11-29 16:04:42.753983+00	\N	985791817	398	269
87	NIL	2020-11-29 16:04:59.865828+00	\N	985791817	394	269
88	NIL	2020-11-29 16:05:11.640604+00	\N	985791817	395	269
89	NIL	2020-11-29 16:05:22.094562+00	\N	985791817	396	269
61	NIL	2020-11-26 06:00:51.004696+00	\N	1813823810	90	246
62	NIL	2020-11-26 06:01:28.810268+00	\N	1813823810	86	246
58	NIL	2020-11-26 05:58:20.631936+00	\N	1813823810	87	246
60	NIL	2020-11-26 06:00:01.885886+00	\N	1813823810	89	246
90	Must meet new AOP targets in 2020	2020-11-29 16:12:29.222836+00	\N	1813823810	397	246
91	Great work in improving brand image of DLS.	2020-11-29 16:13:02.429703+00	\N	1813823810	398	246
92	Good job on the SOA, CRM implementation in Odoo.	2020-11-29 16:14:00.905373+00	\N	1813823810	394	246
93	27 new customer wins in Q1-Q3 in 2020. Good job.	2020-11-29 16:15:11.223893+00	\N	1813823810	395	246
94	Not much progress made to date	2020-11-29 16:15:52.17081+00	\N	1813823810	396	246
95	NIL	2020-11-29 16:18:13.011016+00	\N	25957709	420	261
96	NIL	2020-11-29 16:18:26.719663+00	\N	25957709	421	261
97	NIL	2020-11-29 16:18:40.7469+00	\N	25957709	419	261
98	NIL	2020-11-29 16:20:20.545655+00	\N	1813823810	420	246
99	NIL	2020-11-29 16:20:38.174838+00	\N	1813823810	421	246
100	NIL	2020-11-29 16:20:58.496118+00	\N	1813823810	419	246
101	NIL	2020-11-29 16:23:07.511804+00	\N	324340084	412	255
102	NIL	2020-11-29 16:23:19.077288+00	\N	324340084	410	255
103	NIL	2020-11-29 16:23:33.612041+00	\N	324340084	411	255
104	NIL	2020-11-29 16:23:50.239928+00	\N	324340084	413	255
105	NIL	2020-11-29 16:24:07.10871+00	\N	324340084	414	255
106	Progress made on PRM/ORT, Bin Level SPC, audits, CONC	2020-11-29 16:27:38.024769+00	\N	1813823810	412	246
107	Denton Qual has been a major issue	2020-11-29 16:28:42.007962+00	\N	1813823810	410	246
108	No progress here	2020-11-29 16:29:41.127424+00	\N	1813823810	411	246
109	Good support by team for above projects	2020-11-29 16:30:35.743754+00	\N	1813823810	413	246
110	good work on DFB yield and 54708 yield. Need to do 3: demo by year end.	2020-11-29 16:31:07.536189+00	\N	1813823810	414	246
111	We have finished the Functional Reviews for Operations, Process/Prod Engr, Supply Chain, Sales and we have identified 2 additional section managers - Aaron, Chuan Ye in Subbu's team.  We have also conducted 3 out of 6 leadership training to help the new leaders/supervisor improve their managerial knowledge.	2020-11-29 16:56:31.932722+00	\N	534558467	364	257
112	Participated a total of 4 Job fairs: a. 20/1/2020 NTU Job Fairs (F2F); NTU Virtual Job Fair 13 - 17.07.20; USPUR 1 - 31.08.20 (Virtual); SG Enable Virtual Training & Career Fair 5 19.09.20 (Virtual)	2020-11-29 16:57:05.379979+00	\N	534558467	360	257
113	Revamped the entire KFA no.1 team leaders. Tirso has completed KFA no.1.1; remaining KFA 1.2 to KFA 1.5 still on-going.  For the Selection Assessment Tool - we will review if we can afford such a system to maintain cost expenditure. This may move to year 2021 for review.	2020-11-29 16:57:39.8112+00	\N	534558467	361	257
114	To date the Voluntary average monthly Turnover for Indirects is at 0.9% (August 2020).  Target for voluntary average monthly indirects Turnover is 1.5%.   We have commenced on different programs e.g. Touch Points survey, HR Chit-chats with employees and Buddy System for new hires.	2020-11-29 16:58:12.142209+00	\N	534558467	362	257
115	To date, we have implemented the salary increment and market adjustment was executed on 01.07.2020. In Oct 2020, the proposal for the operators in-hire rate adjustment that required a compression exercise was discussed and, which will be implemented in Nov 2021.	2020-11-29 16:58:44.906837+00	\N	534558467	363	257
116	Need to do annual talent ranking excercise	2020-11-29 17:24:10.549907+00	\N	1813823810	364	246
117	Hiring process still needs to be fine tuned. Need to get out of watch list of TAFEP.	2020-11-29 17:25:16.960723+00	\N	1813823810	360	246
118	Recruitment process, in particular interview process, needs to be looked at in 2021	2020-11-29 17:25:57.596154+00	\N	1813823810	361	246
119	Attrition has dropped slightly but still above market standard	2020-11-29 17:26:28.168184+00	\N	1813823810	362	246
120	NIL	2020-11-29 17:26:56.504539+00	\N	1813823810	363	246
121	NIL	2020-11-29 17:30:10.191519+00	\N	988735390	401	254
122	NIL	2020-11-29 17:30:26.773036+00	\N	988735390	402	254
123	NIL	2020-11-29 17:30:57.082185+00	\N	988735390	399	254
124	NIL	2020-11-29 17:31:08.953057+00	\N	988735390	400	254
125	Good work here to send report on time.	2020-11-29 17:37:28.166355+00	\N	1813823810	401	246
126	Good job by the team here	2020-11-29 17:37:59.422089+00	\N	1813823810	402	246
127	David has done well in understanding the product costing	2020-11-29 17:39:01.147956+00	\N	1813823810	399	246
128	Very dilligent in this area	2020-11-29 17:39:27.466341+00	\N	1813823810	400	246
77	NIL	2020-11-26 06:13:48.422293+00	\N	759336758	130	252
78	NIL	2020-11-26 06:14:09.492062+00	\N	759336758	138	252
79	NIL	2020-11-26 06:14:31.874084+00	\N	759336758	139	252
80	NIL	2020-11-26 06:14:51.925581+00	\N	759336758	140	252
129	a) \t(i) Regular updating of company technology roadmap \r\n\t(ii) Datacom: Mapping Datacom Type-A Intra-DCI (CW-DFB & EML), Type-B Inter-DCI Strategy (coherent)\r\n       \t(iii) Sensing: Mapping for higher value: MOPA, Optical engine and Interrogators\r\nb)\t(i) Presented Lunch-time Talk: March2020: Coherent Comms Pluggables\r\n       \t(ii) Supported BOD on technical due diligence for HTOE acquisition\r\nc) \tLead/Sponsor KFA5 (New Product Technology Development)  yes\r\nd)\tYes, via various forum: NRE proposals, NPI mtgs, PE mtgs, KFA2.4(Tech mkt)	2020-11-29 17:44:57.101918+00	\N	1135328161	368	262
130	a) (i) Develop concept for Turnkey Optical Engine Solutions (POC, OE1 & OE2)\r\n    (ii) DPhi trademark registration filed\r\n    (iii) Contribution to DPhi collaterals and marketing effort\r\nb) (i) MOU signing done on 24Aug2020 \r\n    (ii) Devt Phase-1 POC1 & POC2 program plan, DLS POC team formed, POC work in progress\r\nc) (i) DPhi & Optical Engine Phased-concept ppt\r\n    (ii) Discussion in progress with Hisense and HGTech for 400G Intra-DCI FR4 OE	2020-11-29 17:48:10.916543+00	\N	1135328161	366	262
131	a)  Prepared TAM/SAM analysis for Sensing and Datacom market; {coherent, intra-DCI, FOG, OCT) \r\nb)  (i) Technical sales & application advisory: SiLC, InPhi, Luxtera, Elbana, Avophotoics, FOS4X \r\n     (ii) Interrogators: ILM(MOPA), India Railway Project (Redondo & FFT-DAS)\r\nc)  (i) Acacia NRE design proposal, Eloira NRE proposal\r\n    (ii) Northrup Grumman NRE bid:  NRE Technical Proposal developed and presented to NG\r\nd) (i) MOCVD Epi Roadmapping with KFA5.2 & KFA5.4\r\n    (ii) Technical device guidance to NDP: CW-DFB, BH NDP, SOA/GC\r\n    (iii) Denselight patent filing on flip-chip MFA racetrack SOA\r\n    (iv) FOS4X Tech Sales bid and APT build-trail advisory \r\n    (v) Sponsored lunch-time Talk: May2020 by Maumita/KLC on TEC pkg\r\ne) (i) Renesas-DLS Technical analysis for MOU signing\r\n    (ii) Initiated DLS Phase1 technical transfer (done Phase1A)\r\n    (iii) Comment: Renesas corporate change stopped Transfer Program in May2020	2020-11-29 17:49:34.658988+00	\N	1135328161	367	262
132	Need to develop requirements document for each new technology. Can vary from country to country.	2020-11-29 18:44:27.967489+00	\N	1813823810	368	246
133	Good progress to date with seminar being held in Oct 2020	2020-11-29 18:46:07.692277+00	\N	1813823810	366	246
134	Well supported in developing marketing collateral. Good work to date.	2020-11-29 18:46:46.790234+00	\N	1813823810	367	246
135	NIL	2020-11-29 18:51:32.048662+00	\N	430837474	403	247
136	NIL	2020-11-29 18:52:06.289733+00	\N	430837474	404	247
137	NIL	2020-11-29 18:52:31.363565+00	\N	430837474	409	247
138	NIL	2020-11-29 18:53:08.986263+00	\N	430837474	405	247
139	NIL	2020-11-29 18:53:48.507175+00	\N	430837474	406	247
140	NIL	2020-11-29 18:54:07.016104+00	\N	430837474	407	247
141	NIL	2020-11-29 18:54:19.990855+00	\N	430837474	408	247
142	NIL	2020-11-29 18:57:20.851099+00	\N	1813823810	403	246
143	NIL	2020-11-29 18:57:41.019674+00	\N	1813823810	404	246
144	NIL	2020-11-29 18:58:12.998711+00	\N	1813823810	409	246
145	NIL	2020-11-29 18:58:31.708469+00	\N	1813823810	405	246
146	NIL	2020-11-29 18:58:48.460192+00	\N	1813823810	406	246
147	NIL	2020-11-29 18:59:06.53634+00	\N	1813823810	407	246
148	NIL	2020-11-29 18:59:24.800478+00	\N	1813823810	408	246
149	KFA1.4 (Improve communication amongst team)- In progress. Launched Google Chat and next steps is to introduce the entire google ecosystem to improve the collaboration amongst all Denselighters.\r\nKFA3.1 (Cost effective External Manufacturing Strategy) - Subcon strategy is defined. Qualifying new subcons to meet and deliver 25G products to our customers. 2nd source in AFR for FBGL.\r\nKFA4 (Lead KFA 4 Build and deliver effective and\r\nefficient business process and systems.) - Overall progress is good.	2020-11-29 19:07:08.418522+00	\N	759336758	415	252
150	2020 CAPEX is managed well and below AOP.\r\nSourced and selected FCM (Travel Management Company) that offer the lowest cost of travel.\r\nOn target to achieve cost savings target >$250k for 2020.\r\nDeveloped the mechanism to track cost savings with Finance.\r\nAll POs are issued timely to suppliers. \r\nGoods flow has been semi-automated to improve efficiency.	2020-11-29 19:07:38.445912+00	\N	759336758	417	252
151	Shipment goals are met for Q1, Q2 and Q3. On track to meet shipment goals for Q4. Overcome challenges that could have derailed our shipment plan like BF10 but we managed to resolve these issues as a team.\r\nAPT cost is below target.\r\nCross training for the engineering and production team on-going.\r\nAttrition rate for the whole department is low. \r\nOEE for test equipment is >60%.	2020-11-29 19:08:14.964522+00	\N	759336758	416	252
152	QBRs are held quarterly with the subcons.\r\nCycle time for all subcons have improved especially Allray, SFO and Coset. Work on going to improve the cycle time at PMS.\r\n1st pass yield for SFO has improved to > 90% with the transfer of ferruling process to the suppliers.\r\nSubcons yield are > 90% for all except PMS. Work in progress to improve their yield together with PE.	2020-11-29 19:08:54.055493+00	\N	759336758	418	252
153	NIL	2020-11-29 19:09:59.553748+00	\N	1813823810	415	246
154	NIL	2020-11-29 19:10:15.932732+00	\N	1813823810	417	246
155	NIL	2020-11-29 19:10:33.267801+00	\N	1813823810	416	246
156	NIL	2020-11-29 19:10:47.955229+00	\N	1813823810	418	246
157	Above was a common goals that every Department head must be embrace, the business situation is not looking good and we had adjusted down these business goals ....	2020-11-29 19:19:06.318717+00	\N	135493917	385	251
158	NIL	2020-11-29 19:19:22.89097+00	\N	135493917	384	251
159	NIL	2020-11-29 19:19:33.620716+00	\N	135493917	383	251
160	NIL	2020-11-29 19:19:44.040574+00	\N	135493917	381	251
161	NIL	2020-11-29 19:19:57.091092+00	\N	135493917	382	251
162	NIL	2020-11-29 19:20:10.57796+00	\N	135493917	380	251
163	Good safety record	2020-11-29 19:23:55.661209+00	\N	1813823810	380	246
164	BS is a good manager but attrition rate is high for direct staff	2020-11-29 19:24:56.325938+00	\N	1813823810	382	246
165	Need to improve operator training in Fab B	2020-11-29 19:25:30.241408+00	\N	1813823810	381	246
166	Need to reduce attrition in direct staff	2020-11-29 19:26:02.386065+00	\N	1813823810	383	246
167	Delayed DMES to Q32020	2020-11-29 19:26:54.906737+00	\N	1813823810	384	246
168	Wafer capacity needs to increase for 2021.	2020-11-29 19:27:41.926176+00	\N	1813823810	385	246
169	Good is good	2020-12-01 13:51:52.202055+00	\N	17	517	364
170	1)  Unable to achieve PO conversion rate of >12% due to COVID-19.\r\n2)  More than 98% RFQ responded within 48hrs with 2% due to delayed information from Engineering team.\r\n3)  Initiated virtual meeting with Optronsicence, EQ Photonics and Viavi during 1st half of 2020 discussing customer demand and potential business opportunities.	2020-12-02 01:50:28.308629+00	\N	1710250857	92	331
171	xiaoyu joined DSL in mid 2020, and can work proactively with Carlan (mentor) on NCMR, RMA and other PE engineering work with reasonably good quality.	2020-12-02 02:42:20.263406+00	\N	861437177	464	265
172	As xiaoyu joined DSL with strong semicon R&D background, I would like xiaoyu to demonstrate some leadership and initiatives on technical paper writing, and progressively help the team to build strong technical fundation for PE department	2020-12-02 02:49:44.595187+00	\N	861437177	466	265
173	For SLED, the challenge is the high mix-low vol nature of the product family, therefore, yield needs to manage by product family sharing the same Epi/chip design and process flow. \r\n\r\nThough most of the yield improvement actions were planned before Xiaoyu joined, xiaoyu picked up very fast, and he can carried out analysis independently most of time and provide direction for yield improvement. He is still learning through OJT, but performance so far is satisfactory.	2020-12-02 02:57:55.437386+00	\N	861437177	461	265
174	So far xiaoyu has completed 4 SFO & 3 AFR sample test, and concluded AFR has better response time (meeting 4s spec) and power stability is also better than SFO.\r\n\r\nXiaoyu: please put down hypothesis and action plan to validate the hypothesis on worse power stability on SFO samples (given the scenario that we win Eloira NRE business and need to qualify SFO)	2020-12-02 06:53:12.290302+00	\N	861437177	462	265
175	Closed  3 RMAs with average 21 days cycle time. Met the 30 days target set by QA.\r\n\r\nPlease get the exact SLED RMA cases closed by PE from QA.	2020-12-02 06:55:16.78155+00	\N	861437177	463	265
176	Upon receiving the task, xiaoyu was still relatively new in DSL, but he still went into details on the market report, and put in extra effort to search and consolidate BW information btw DSL and key competitors, which greatly helped the management team to see the super bandwidth opportunity in 1310nm wavelength range in OCT market.	2020-12-02 07:05:17.249601+00	\N	861437177	465	265
177	Ronaldo joined DSL with strong test and programming background, which can greatly help DSL to enable a lot of test capability setup inhouse, test automation or semi-automation for UPH and cycle time improvement, as well as engineering work efficiency improve through many small scripts to speed up the data collection & compilation. \r\n\r\nTo make full use of his skillset, Ronaldo needs to establish a broader & long term view on how to integrate the scattered efforts from each function, and integrate them into a synchronized direction. This is one level higher than what he is supporting today.	2020-12-02 07:25:04.606489+00	\N	861437177	460	265
178	Ronaldo's strength is the quick data pulling and consolidation, and ensure data accuracy. On this perspective, Ronaldo is probably the fastest among all PE engineers. However, his weakness is on putting up the data in a logical order with good story line. Many time, he tends to focus very much on one particular piece of data, and forget to let management team knows the big picturial view and how is that data link to this picture and direction. \r\n\r\nSecondly, on the low SMSR yield troubleshooting, Ronaldo has not yet shown his ability to deep dive into the grating profile to the SMSR yield. To do that, Ronaldo needs to expose more & learn the analytical skills in making correlation of test yield to Epi structure, Wafer fab process & parameters and x-SEM etc.	2020-12-02 07:50:07.848387+00	\N	861437177	456	265
179	To enable the smooth transfer, Ronaldo needs to study through the phase gate meaning and checklist in details, understand the requirement to exit each phase gate, and define list of outstanding actions that NPD needs to close by each phase gate. Also, basic program management skill training has been provided to him to help him handle this project.	2020-12-02 07:58:08.992285+00	\N	861437177	458	265
180	So far, Ronaldo is very open and readily to take up additional work load or adhoc job assignment on test setup and automation, and he can always help the team greatlly to get engineering test results in an efficient manner.	2020-12-02 08:20:21.446537+00	\N	861437177	459	265
181	I have received my new tasks:\r\n1) 2D Mechanical Drawing for Die Assembly Redesign with submount - done with concept drawing\r\n2) To find know-how on multifiber-to-single fiber technique- ongoing\r\n3) Comparison of different waveguides (AWG, Si waveguide, fiber, Y-branch) according to their specific performance - not started\r\n4) Collaboration with the platform team and light source team via weekly meetings	2020-12-03 02:43:49.730318+00	\N	2076006951	229	342
182	As mentioned above, I am not responsible any more for the above mentioned task.	2020-12-03 02:47:29.855555+00	\N	2076006951	230	342
183	For InPhi:\r\n1) Evaluation of 19141A - done\r\n2) Evaluation of 20132A - ongoing\r\n\r\nFor Raintree:\r\n1) Awaiting for wafer fab out\r\n\r\nFor Sicoya:\r\n1) 20-piece customer shipment - done	2020-12-03 02:53:32.394973+00	\N	2076006951	228	342
184	For High Speed DFB Device:\r\n1) participated in S21 calibration training\r\n\r\nFor High Power DFB Device:\r\n1) Familiarised myself with the test setups and methodology.\r\n2) Able to give feedback to the operator and supervisor after test observations.\r\n\r\nFor SOA:\r\nNo requirements so far	2020-12-03 02:58:46.069147+00	\N	2076006951	231	342
185	On track.	2020-12-03 09:25:40.018495+00	\N	539619816	229	312
187	Following is my observation on Keith performance:\r\n\r\nGood:\r\n1. He is much more confident on Test analysis\r\n2. He is much more familiar with TIBCO tools\r\n3. Taking initiative and ownership\r\n\r\nImprovement:\r\n1. Observation skills need to improve\r\n2. Work delivery is slow	2020-12-03 09:39:45.94931+00	\N	539619816	228	312
188	On track	2020-12-03 09:41:09.721835+00	\N	539619816	231	312
186	This year Keith will not contribute any work for SOA.	2020-12-03 09:26:48.477655+00	\N	539619816	230	312
190	1. 1000 DFB die shipment to Trong Siang for 10mW@85C\r\n2. 500 DFB die shipment to OSI for 20mW@75C\r\n3. a. 20 DFB die shipment to Dust Photonics for 70mW @25C\r\n   b. 20 DFB die shipment to Dust Photonics for 20mW @75C\r\n4. 10 DFB die shipment to Photolex for 20mW@85C\r\n5. 20 DFB die shipment to Sicoya for 25mW@95C\r\n6. Technical specification creation\r\n7. Technical support to Raintree and 500um grating design for Raintree to achieve 70mW@75C	2020-12-03 10:10:41.554734+00	\N	539619816	450	312
191	Leading 6 people from HiPP, PE, MOCVD, Fab B, Simulation, and NPD teams to bring up the broadband (1280 - 1700nm @ 70mW ) SLED for disruptive performance which will help DLS product road map.\r\n\r\nThe project is running at Phase 2.	2020-12-03 10:26:15.568347+00	\N	539619816	449	312
192	Supervising and mentoring 2 people bring their performances up to DLS expectations. \r\nIn addition, the product has been concentrated as follows: \r\n1. a. 1310 70mW@75C has been achieved by 500um (19141A). However, the die was not working as a DFB at 25C\r\n   b. 1310 70mW@75C has been achieved by 1000um (20132A). The previous issue has been eliminated by proper grating design and now die is showing DFB performance from 25C - 75C. However, due to high induced temp. die is misbehaving after 300mA driving current\r\nc. Few more wafers are in line to show the improvement in performance\r\n\r\n2. ELOIRA test results showed the 14PIN BTF works from -40C to 85C by fulfilling customer's requirements and shows turn on within 4s. - Project is successfully transferred to the PE team\r\n\r\n3. 70 pages Summary report for CISCO was submitted successfully.	2020-12-03 10:29:49.658201+00	\N	539619816	451	312
189	A. Create a 100% goal-oriented and task-driven focused organization by introducing disruptive 1310 CW 70mW @70C product compared to the competitors by Q4'20 \r\n1. a. 1310 70mW@75C has been achieved by 500um (19141A). However, the die was not working as a DFB at 25C\r\n   b. 1310 70mW@75C has been achieved by 1000um (20132A). The previous issue has been eliminated by proper grating design and now die is showing DFB performance from 25C - 75C. However, due to high induced temp. die is misbehaving after 300mA driving current\r\nc. Few more wafers are in line to show the improvement in performance\r\n\r\nB. All technical internal audit has been carried out and helped NPD to process through Audit check.	2020-12-03 10:03:04.249536+00	\N	539619816	448	312
193	ELED test yield is mainly dominated by unstable and high variation of ripple yield loss. Team was working in parallel on variation control by identifying toggling factors like test, ridge etch profile etc, as well as laser chip design optimization (by adopting the SLED absorber & tapered ridge design). Carlan was working proactively and diligently on both paths. He was also learning by OJT on process & design factors toggling ripple.	2020-12-07 06:58:38.901971+00	\N	861437177	342	265
194	1) Have shipped a number of BF9C box with linewidth lower than 50Khz for samples. NPD still working on the 10khz versions. \r\n\r\n2) For panwoo, we have actually packaged successful BTF units with AFR and sent samples to customer. Now we are in the optimization phase to get better yield wafers and to increase the power.	2020-12-07 07:05:36.261017+00	\N	973701598	295	271
\.


--
-- Data for Name: Profile_departments; Type: TABLE DATA; Schema: public; Owner: benny6789
--

COPY public."Profile_departments" (id, name, manager_id) FROM stdin;
1	IT	\N
14	OPERATIONS-APT	\N
15	PRODUCT ENGINEERING	\N
6	FINANCE AND CORPORATE	\N
18	OPERATIONS-EQUIPMENT	\N
11	SECTION MANAGER	\N
24	NEW PRODUCT INNOVATION	\N
3	NEW PRODUCT DEVELOPMENT	\N
7	PROCESS ENGINEERING	\N
12	SALES DEPARTMENT	\N
25	ILM	\N
17	OPERATIONS (WP-FAB B)	\N
21	OPERATIONS (ATP)	\N
9	HUMAN RESOURCE	\N
26	DPhi INTEGRATION	\N
19	SENIOR FINANCIAL ANALYST	\N
20	EXTERNAL MANUFACTURING	\N
10	QUALITY ASSURANCE	\N
5	EXTERNAL MANUFACTURING & PROCUREMENT	\N
22	OPERATIONS - FACILITY	\N
13	HIPP INTEGRATION	\N
2	CORPORATE OFFICE	\N
4	OPERATIONS	\N
16	IT DEPT	\N
8	OPERATIONS- PPC	\N
23	FACILITY & MAINTENANCE	\N
\.


--
-- Data for Name: Profile_discard_skills; Type: TABLE DATA; Schema: public; Owner: benny6789
--

COPY public."Profile_discard_skills" (id, name, "course_Attended") FROM stdin;
\.


--
-- Data for Name: Profile_profile; Type: TABLE DATA; Schema: public; Owner: benny6789
--

COPY public."Profile_profile" (id, "profile_Picture", name, "employee_ID", nric, "typeOfEmployee", email, gender, address_1, address_2, "date_Of_Passport_Expiry", "citizenship_Status", "date_Of_Hire", "job_Title", "employment_Type", skill1, skill2, skill3, "second_Reporting_Manager", "division_Centre", phone, department_id, "first_Reporting_Manager_id", user_id) FROM stdin;
430837474		ANDY PIPER	464	\N	INDIRECT	andy.piper@denselight.com				\N	-	2018-05-21	VICE PRESIDENT	Full-time	\N	\N	\N	RAJAN RAJGOPAL	\N	\N	3	1813823810	247
759336758		CHAN TAT KHIT	534	\N	INDIRECT	tatkhit.chan@denselight.com				\N	-	2019-12-12	DIRECTOR	Full-time	\N	\N	\N	RAJAN RAJGOPAL	\N	\N	5	1813823810	252
1557152765		CHAN YUEN CHUEN	32	\N	INDIRECT	eycchan@denselight.com				\N	-	2001-04-15	FELLOW	Full-time	\N	\N	\N	ANDY PIPER	\N	\N	3	430837474	253
988735390		CHIN SE WEI	476	\N	INDIRECT	david.chin@denselight.com				\N	-	2018-08-06	FINANCIAL CONTROLLER	Full-time	\N	\N	\N	RAJAN RAJGOPAL	\N	\N	6	1813823810	254
324340084		CHIVUKULA SUBRAHMANYAM	480	\N	INDIRECT	chivukula.subbu@denselight.com				\N	-	2018-08-17	VICE PRESIDENT	Full-time	\N	\N	\N	RAJAN RAJGOPAL	\N	\N	7	1813823810	255
253052978		DILEM KAREEN DAMOGO	231	\N	INDIRECT	kareen@denselight.com				\N	-	2008-08-25	MANAGER	Full-time	\N	\N	\N	CHAN TAT KHIT	\N	\N	8	759336758	256
931345185		HOGAN ROYSTON HUGH	498	\N	INDIRECT	hogan.hugh@denselight.com				\N	-	2018-10-29	SECTION MANAGER	Full-time	\N	\N	\N	ANDY PIPER	\N	\N	3	430837474	258
1224448967		JULIUS BAUTISTA EBONITE	367	\N	INDIRECT	julius@denselight.com				\N	-	2014-05-02	MANAGER	Full-time	\N	\N	\N	CHIVUKULA SUBRAHMANYAM	\N	\N	10	324340084	259
25957709		KEVIN YANG KAI	C001	\N	INDIRECT	kevin.yang@denselight.com				\N	-	2020-01-01	VICE PRESIDENT	Full-time	\N	\N	\N	RAJAN RAJGOPAL	\N	\N	12	1813823810	261
689543953		LEE CHEW BENG	547	\N	INDIRECT	robin.lee@denselight.com				\N	-	2020-05-11	SENIOR SUPERVISOR 1	Full-time	\N	\N	\N	CHAN TAT KHIT	\N	\N	14	759336758	263
52374544		LEE SIP HENG (JASON)	506	\N	INDIRECT	jason.lee@denselight.com				\N	-	2019-02-25	SENIOR SUPERVISOR II	Full-time	\N	\N	\N	CHAN BOR SHEN	\N	\N	4	135493917	264
1982477965		NAVIN KUMAR A/L VALAUTHAM	505	\N	INDIRECT	navin.kumar@denselight.com				\N	-	2019-02-19	DEPUTY DIRECTOR	Full-time	\N	\N	\N	CHAN TAT KHIT	\N	\N	14	759336758	266
1428738048		RYAN STEPHEN	497	\N	INDIRECT	ryan.stephen@denselight.com				\N	-	2018-10-31	SENIOR ENGINEER	Full-time	\N	\N	\N	CHIVUKULA SUBRAHMANYAM	\N	\N	16	1224448967	268
2107825133		SUNG PING-CHUN	556	\N	INDIRECT	pc.sung@denselight.com				\N	-	2020-07-13	MEMBER OF TECHNICAL STAFF (R&D)	Full-time	\N	\N	\N	ANDY PIPER	\N	\N	3	430837474	270
2051658454		ANG HOCK SENG	D124	\N	DIRECT	hk921004@gmail.com				\N	-	2019-07-16	TECHNICIAN	Full-time	\N	\N	\N	CHAN BOR SHEN	\N	\N	17	52374544	273
1352141850		ARBIZ CARLAN KYLE ORTEGA	523	\N	INDIRECT	carlan.arbiz@denselight.com				\N	-	2019-07-01	SENIOR ENGINEER	Full-time	\N	\N	\N	CHIVUKULA SUBRAHMANYAM	\N	\N	15	861437177	274
1207021661		ARGABIOSO DANILO SAPLALA	481	\N	INDIRECT	danilo.argabioso@denselight.com				\N	-	2018-08-20	MANAGER	Full-time	\N	\N	\N	ANDY PIPER	\N	\N	3	931345185	275
1973223122		CHEN KOK KIONG	527	\N	INDIRECT	chenkk@denselight.com				\N	-	2019-10-01	ENGINEER II	Full-time	\N	\N	\N	ANDY PIPER	\N	\N	3	2107825133	280
1904933651		CHEN YAN	431	\N	INDIRECT	chen.yan@denselight.com				\N	-	2017-07-17	SENIOR ENGINEER	Full-time	\N	\N	\N	CHAN TAT KHIT	\N	\N	20	759336758	281
1634575202		CHEW YONG SHENG	D102	\N	DIRECT	libra330@hotmail.com				\N	-	2018-10-18	TECHNICIAN	Full-time	\N	\N	\N	CHAN BOR SHEN	\N	\N	17	52374544	282
610693885		CHIA HSIAO YU	551	\N	INDIRECT	xiaoyu.jia@denselight.com				\N	-	2020-06-02	PRINCIPAL ENGINEER	Full-time	\N	\N	\N	CHIVUKULA SUBRAHMANYAM	\N	\N	15	861437177	283
1913240580		CHUA YU XIANG	375	\N	INDIRECT	yxchua@denselight.com				\N	-	2015-03-11	ENGINEER II	Full-time	\N	\N	\N	CHAN TAT KHIT	\N	\N	14	973701598	284
1776097184		CHUAN YE	549	\N	INDIRECT	ye.chuan@denselight.com				\N	-	2020-05-04	SENIOR PRINCIPAL ENGINEER	Full-time	\N	\N	\N	CHIVUKULA SUBRAHMANYAM	\N	\N	7	324340084	285
1906914592		DASA LAKSHMI NARAYANA DHEERAJ	558	\N	INDIRECT	dheeraj.dasa@denselight.com				\N	-	2020-07-22	SNR PROCESS ENGINEER (MOCVD)	Full-time	\N	\N	\N	ANDY PIPER	\N	\N	3	430837474	286
1611091001		DE GUZMAN TIRSO CAMBALISA	533	\N	INDIRECT	tirso.deguzman@denselight.com				\N	-	2019-11-22	SENIOR ENGINEER	Full-time	\N	\N	\N	CHIVUKULA SUBRAHMANYAM	\N	\N	10	1224448967	287
1536568573		DE LEON ALEXANDER MAMARADLO	537	\N	INDIRECT	alexander.deleon@denselight.com				\N	-	2020-02-24	SENIOR ENGINEER	Full-time	\N	\N	\N	CHAN TAT KHIT	\N	\N	14	973701598	288
864267076		EE XUE LI	D137	\N	DIRECT	eexueli93@gmail.com				\N	-	2020-07-08	MANUFACTURING OPERATOR	Full-time	\N	\N	\N	CHAN BOR SHEN	\N	\N	17	52374544	289
711389827		FAIROZ AHAMED	453	\N	INDIRECT	fairoz.ahamed@denselight.com				\N	-	2018-03-01	PRINCIPAL ENGINEER	Full-time	\N	\N	\N	ANDY PIPER	\N	\N	3	1616831965	290
249343659		FAN LOUIE CANARES	530	\N	INDIRECT	louie.fan@denselight.com				\N	-	2019-11-18	ASSISTANT ENGINEER	Full-time	\N	\N	\N	CHIVUKULA SUBRAHMANYAM	\N	\N	7	324340084	291
1854222316		FENG YINGXUE	D130	\N	DIRECT	571055970@qq.com				\N	-	2020-03-24	MANUFACTURING OPERATOR	Full-time	\N	\N	\N	CHAN TAT KHIT	\N	\N	21	689543953	292
1523161462		FERRARA GIOVANNI	550	\N	INDIRECT	giovanni.ferrara@denselight.com				\N	-	2020-05-18	SENIOR ENGINEER	Full-time	\N	\N	\N	ANDY PIPER	\N	\N	3	2107825133	293
50985924		HOE NEE SHIUAN	350	\N	INDIRECT	nshoe@denselight.com				\N	-	2013-08-01	PRINCIPAL ENGINEER	Full-time	\N	\N	\N	CHAN TAT KHIT	\N	\N	5	759336758	295
1598293097		ABDUL HAMEED BIN RAMADHAN	557	\N	INDIRECT	hameed.ramadhan@denselight.com				\N	-Singaporean	2020-07-13	ASSISTANT ENGINEER	Full-time	\N	\N	\N	ANDY PIPER	\N	+6590910945	3	645448974	272
534558467		HELEN VINCENT	433	\N	INDIRECT	helen@denselight.com				\N	-	2017-08-21	DIRECTOR	Full-time	\N	\N	\N	HELEN VINCENT	\N	+6564154498	9	1813823810	257
135493917		CHAN BOR SHEN	472	\N	INDIRECT	bs.chan@denselight.com				\N	-	2018-07-30	SENIOR DIRECTOR	Full-time	\N	\N	\N	RAJAN RAJGOPAL	\N	+6593377619	4	1813823810	251
985791817		SOMA SANKARAN	408	\N	INDIRECT	soma.sankaran@denselight.com				\N	SINGAPOREAN	2017-01-09	VICE PRESIDENT	Full-time	\N	\N	\N	RAJAN RAJGOPAL	\N	+6596304236	12	1813823810	269
9327697		CHANG CHEE KIONG JAMES	493	-	INDIRECT	james.chang@denselight.com	Male	-		\N	-	2018-10-16	PRINCIPAL ENGINEER	Full-time	\N	\N	\N	LAM YEE LOY	\N	\N	26	1135328161	277
1087181548		BALAKRISHNAN PRABHU	513	UNK	INDIRECT	balakrishnan.prabhu@denselight.com	Male	UNK		\N	-	2019-04-22	SENIOR ENGINEER	Full-time	\N	\N	\N	ANTHONY"	\N	\N	18	135493917	276
1135328161		LAM YEE LOY	7	-	INDIRECT	yeeloy@denselight.com	Male	-		\N	-	2001-01-01	CHIEF TECHNOLOGY OFFICER	Full-time	\N	\N	\N	RAJAN RAJGOPAL	\N	\N	26	1813823810	262
973701598		YAO RU SHENG (RAY)	391	S8037830J	INDIRECT	rsyao@denselight.com	Male	Blk 211B Compassvale Lane, #02-202 Singapore 542211		\N	-	2016-07-15	SENIOR PRINCIPAL ENGINEER	Full-time	\N	\N	\N	CHAN TAT KHIT	\N	+6597680417	14	759336758	271
1373136557		NGUYEN XUAN SANG	548	\N	INDIRECT	xuansang.nguyen@denselight.com				\N	Vietnam	2020-05-11	SENIOR PROCESS ENGINEER	Full-time	MOCVD epitaxy;	Device processing;	Material science	ANDY PIPER	\N	+6583799281	3	430837474	267
1616831965		ARCILLA RAYMUNDO BONUSAN	526	G3879170U	INDIRECT	raymundo.arcilla@denselight.com	Male	Blk 114 Yishun Ring Road, #07-545 Singapore 760114		\N	-	2019-07-29	MANAGER	Full-time	\N	\N	\N	ANDY PIPER	\N	+6593695037	3	1813039923	249
861437177		MA LI	536	S7676776I	INDIRECT	jacquelyn.ma@denselight.com	Female	Block 67 Choa Chu Kang Loop, #07-04 Singapore 689671		\N	-	2020-02-17	DIRECTOR	Full-time	\N	\N	\N	CHIVUKULA SUBRAHMANYAM	\N	+6596557081	15	324340084	265
364472470		CHEAH YONG SEAN	555	\N	INDIRECT	sean.cheah@denselight.com				\N	-	2020-06-29	MANAGER	Full-time	\N	\N	\N	ANDY PIPER	\N	+6591863216	3	931345185	278
1887544512		HUANG PING	D125	\N	DIRECT	260857989@qq.com				\N	-	2019-07-22	MANUFACTURING OPERATOR	Full-time	\N	\N	\N	CHAN TAT KHIT	\N	\N	21	689543953	298
2047523461		JULIUS OCADO AMPO	554	\N	INDIRECT	j.ampo@denselight.com				\N	-	2020-06-15	SENIOR ENGINEER	Full-time	\N	\N	\N	CHAN BOR SHEN	\N	\N	22	135493917	301
1017729787		KANG KOK SENG (MICHAEL)	508	\N	INDIRECT	michael.kang@denselight.com				\N	-	2019-03-01	ENGINEER I	Full-time	\N	\N	\N	CHAN BOR SHEN	\N	\N	22	135493917	302
520727285		KHIZAR HUSSAN KALEEL	447	\N	INDIRECT	khizar@denselight.com				\N	-	2018-01-15	ENGINEER I	Full-time	\N	\N	\N	CHAN TAT KHIT	\N	\N	14	973701598	303
163946503		LEE LAY HOON	538	\N	INDIRECT	layhoon.lee@denselight.com				\N	-	2020-02-10	HR BUSINESS PARTNER	Full-time	\N	\N	\N	HELEN VINCENT	\N	\N	9	534558467	305
249507857		LEE YUN SIAN	D133	\N	DIRECT	lys.199810@gmail.com				\N	-	2020-05-11	MANUFACTURING SPECIALIST	Full-time	\N	\N	\N	CHAN TAT KHIT	\N	\N	21	689543953	306
729274232		LIM CHIEW KEAT	546	\N	INDIRECT	chiewkeat.lim@denselight.com				\N	-	2020-04-27	SENIOR ENGINEER	Full-time	\N	\N	\N	ANDY PIPER	\N	\N	3	1813039923	308
480020115		LIM KHAI TENG	535	\N	INDIRECT	kt.lim@denselight.com				\N	-	2020-01-02	MANAGER	Full-time	\N	\N	\N	ANDY PIPER	\N	\N	3	931345185	309
1602769597		LOH TER HOE	467	\N	INDIRECT	isaac.loh@denselight.com				\N	-	2018-06-18	SENIOR PRINCIPAL ENGINEER	Full-time	\N	\N	\N	ANDY PIPER	\N	\N	3	2107825133	310
1779366736		NG YEN ENG	542	\N	INDIRECT	cassandra.ng@denselight.com				\N	-	2020-03-02	SENIOR EXECUTIVE	Full-time	\N	\N	\N	RAJAN RAJGOPAL	\N	\N	2	1813823810	313
1921197435		NGUYEN VIET THE	402	\N	INDIRECT	vtnguyen@denselight.com				\N	-	2016-09-01	ENGINEER II	Full-time	\N	\N	\N	CHAN BOR SHEN	\N	\N	4	135493917	314
1436222314		ONG RONG FENG	D093	\N	DIRECT	goodshowluo@gmail.com				\N	-	2018-03-12	TECHNICIAN	Full-time	\N	\N	\N	CHAN TAT KHIT	\N	\N	21	689543953	316
1510925941		PERUMANA ILLOM NARAYANAN KUTTY UMADEVI	504	\N	INDIRECT	umadevi@denselight.com				\N	-	2019-02-12	ENGINEER I	Full-time	\N	\N	\N	ANDY PIPER	\N	\N	3	1373136557	317
305986913		RAGUVARAN SUBRAMANIAM	D114	\N	DIRECT	ragucr9403@gmail.com				\N	-	2019-04-02	TECHNICIAN	Full-time	\N	\N	\N	CHAN BOR SHEN	\N	\N	17	52374544	318
426739617		RASURI BINTI RAZALI	517	\N	INDIRECT	rasuri.razali@denselight.com				\N	-	2019-05-13	PLANNER II	Full-time	\N	\N	\N	CHAN TAT KHIT	\N	\N	8	253052978	319
161961016		REYES JIM ROSE ADDUN	531	\N	INDIRECT	jim.rose@denselight.com				\N	-	2019-11-19	PLANNER	Full-time	\N	\N	\N	CHAN TAT KHIT	\N	\N	8	253052978	321
397620336		ROBIAH BTE MOHAMED TAHIR	D088	\N	DIRECT	layhoon.lee@denselight.com				\N	-	2017-05-03	CO. CLEANER	Full-time	\N	\N	\N	HELEN VINCENT	\N	\N	23	534558467	322
1484926575		RONALDO MAPOTE LACOPIA	514	\N	INDIRECT	ronaldo.mapote@denselight.com				\N	-	2019-05-02	SENIOR ENGINEER	Full-time	\N	\N	\N	CHIVUKULA SUBRAHMANYAM	\N	\N	15	861437177	323
439847763		SIM HON YUEN AARON	357	\N	INDIRECT	hysim@denselight.com				\N	-	2013-10-10	PRINCIPAL ENGINEER	Full-time	\N	\N	\N	CHIVUKULA SUBRAHMANYAM	\N	\N	7	324340084	325
726826699		SRI ISWIRA SRI KUMAR	D135	\N	DIRECT	srieshwergunasegaram@gmail.com				\N	-	2020-06-08	TECHNICIAN	Full-time	\N	\N	\N	CHAN BOR SHEN	\N	\N	17	52374544	327
1014312820		SYREX ARCILLO TURA	361	\N	INDIRECT	syrex@denselight.com				\N	-	2014-03-03	SENIOR SUPERVISOR II	Full-time	\N	\N	\N	CHAN TAT KHIT	\N	\N	14	1982477965	329
708482014		TAN CHIN WUN	D138	\N	DIRECT	chin2005@hotmail.com				\N	-	2020-07-20	MANUFACTURING OPERATOR	Full-time	\N	\N	\N	CHAN TAT KHIT	\N	\N	21	689543953	330
1710250857		TAN POH GEK (SHARON)	532	\N	INDIRECT	sharon.tan@denselight.com				\N	-	2019-11-07	SALES REPRESENTATIVE I	Full-time	\N	\N	\N	SOMA SANKARAN	\N	\N	12	985791817	331
1256890838		TAN SOO HWEE JASLYN	492	\N	INDIRECT	jaslyn.tan@denselight.com				\N	-	2018-10-08	ENGINEER II	Full-time	\N	\N	\N	CHIVUKULA SUBRAHMANYAM	\N	\N	15	861437177	332
418560939		TANG CHAI YEE	D139	\N	DIRECT	chaiyee1103@hotmail.com				\N	-	2020-07-27	MANUFACTURING OPERATOR	Full-time	\N	\N	\N	CHAN TAT KHIT	\N	\N	21	689543953	333
104959828		TAY KAY MENG ANDREW	466	\N	INDIRECT	andrew.tay@denselight.com				\N	-	2018-06-11	EXECUTIVE I	Full-time	\N	\N	\N	CHIN SE WEI	\N	\N	6	988735390	334
1539913308		TEH WEI JOE	D136	\N	DIRECT	joeyteh99@gmail.com				\N	-	2020-06-22	MANUFACTURING OPERATOR	Full-time	\N	\N	\N	CHAN BOR SHEN	\N	\N	17	52374544	335
410233054		WANG JINHUA	D106	\N	DIRECT	497814581@qq.com				\N	-	2018-11-26	MANUFACTURING OPERATOR	Full-time	\N	\N	\N	CHAN BOR SHEN	\N	\N	17	52374544	337
619517776		WANG LI	D127	\N	DIRECT	1275334393@qq.com				\N	-	2019-12-04	MANUFACTURING OPERATOR	Full-time	\N	\N	\N	CHAN BOR SHEN	\N	\N	17	52374544	338
29738722		WANG WEI	D111	\N	DIRECT	939024661qq.com@gmail.com				\N	-	2019-03-15	MANUFACTURING OPERATOR	Full-time	\N	\N	\N	CHAN TAT KHIT	\N	\N	21	689543953	339
1798521118		WANG YAPING	D129	\N	DIRECT	3604879607@qq.com				\N	-	2020-01-08	MANUFACTURING OPERATOR	Full-time	\N	\N	\N	ANDY PIPER	\N	\N	24	1616831965	340
1233462141		WANG YUEPING	D082	\N	DIRECT	55320191@qq.com				\N	-	2016-10-26	MANUFACTURING OPERATOR	Full-time	\N	\N	\N	CHAN TAT KHIT	\N	\N	21	689543953	341
313243524		XU QIULAN	D122	\N	DIRECT	593930910@qq.com				\N	-	2019-07-19	MANUFACTURING OPERATOR	Full-time	\N	\N	\N	CHAN BOR SHEN	\N	\N	17	52374544	343
539619816		MAUMITA CHAKRABARTI	463	G3461597M	INDIRECT	maumita.chakrabarti@denselight.com	Female	Bk 53 Flora Drive, #05-12 Singapore 506863		\N	EP	2018-05-14	SECTION MANAGER	Full-time	Technical expertise in Optics	Project Management	Executive business management	ANDY PIPER	OE Design	+6583192358	3	430837474	312
1369735000		JIA QINGWEN	C002	-	INDIRECT	qingwen.jia@denselight.com	Male	-		\N	-	2020-02-03	MANAGER	Full-time	\N	\N	\N	\N	\N	\N	12	25957709	300
1608216415		REBECCA LOURDES	529	-	INDIRECT	rebecca.lourdes@denselight.com	Female	-		\N	Malaysian	2019-11-01	ENGINEER	Full-time	C#	MySQL	Google App Script	CHIVUKULA SUBRAHMANYAM	IT Programming	+6583024028	16	1428738048	320
1777433913		KOH LONG CHENG	352	-	INDIRECT	lckoh@denselight.com	Male	-		\N	-	2013-08-05	PRINCIPAL ENGINEER	Full-time	\N	\N	\N	LAM YEE LOY	\N	\N	26	1135328161	304
31853750		MADAN AAYUSH	544	-	INDIRECT	madan.aayush@denselight.com	Male	-		\N	-	2020-03-17	ENGINEER I	Full-time	\N	\N	\N	ANDY PIPER	\N	\N	3	1557152765	311
1941685512		LIEW KOK WAI	543	UNK	INDIRECT	wesley.liew@denselight.com	Male	UNK		\N	-	2020-03-09	SENIOR ASSISTANT ENGINEER	Full-time	\N	\N	\N	ANTHONY	\N	\N	18	135493917	307
850138976		SUNDARARAJ SIVARAMALINGAM	541	UNK	INDIRECT	sundararaj.siva@denselight.com	Male	UNK		\N	-	2020-03-02	ENGINEER I	Full-time	\N	\N	\N	ANTHONY	\N	\N	18	135493917	328
589561367		HOU JIANTAO	520	-	INDIRECT	jiantao.hou@denselight.com	Male	-		\N	-	2019-06-03	SENIOR ENGINEER	Full-time	\N	\N	\N	CHIVUKULA SUBRAHMANYAM	\N	\N	7	1776097184	296
206959734		HUANG LING	488	-	INDIRECT	ling.huang@denselight.com	Female	-		\N	-	2018-09-19	PRINCIPAL ENGINEER	Full-time	\N	\N	\N	CHIVUKULA SUBRAHMANYAM	\N	\N	7	1776097184	297
290990818		HUANG SHENGHE	540	-	INDIRECT	simon.huang@denselight.com	Male	-		\N	-	2020-02-24	PRINCIPAL ENGINEER	Full-time	\N	\N	\N	CHIVUKULA SUBRAHMANYAM	\N	\N	7	439847763	299
1723530200		NOBLE BRIGHT	522	-	INDIRECT	noble.bright@denselight.com	Male	-		\N	-	2019-06-13	ENGINEER II	Full-time	\N	\N	\N	CHIVUKULA SUBRAHMANYAM	\N	\N	7	1776097184	315
22592094		VAITHIYALINGAM HARI	516	UNK	INDIRECT	hari.v@denselight.com	Male	UNK		\N	-	2019-05-10	ENGINEER I	Full-time	\N	\N	\N	ANTHONY	\N	\N	18	135493917	336
231731743		SITI QADARIYAH BINTE MD YUSOFF	545	\N	INDIRECT	siti.q@denselight.com				\N	Singaporean	2020-03-23	ASSISTANT ENGINEER	Full-time	\N	\N	\N	CHAN TAT KHIT	ILM	+6597656307	14	973701598	326
2035253683		YANG FENG	D083	\N	DIRECT	63939234@qq.com				\N	-	2016-11-01	MANUFACTURING OPERATOR	Full-time	\N	\N	\N	CHAN BOR SHEN	\N	\N	17	52374544	344
1536649866		YANG TING	D064	\N	DIRECT	181479069@qq.com				\N	-	2013-12-02	MANUFACTURING OPERATOR	Full-time	\N	\N	\N	CHAN TAT KHIT	\N	\N	21	689543953	345
148988561		YU MIAO	D126	\N	DIRECT	49504145@qq.com				\N	-	2019-07-22	MANUFACTURING OPERATOR	Full-time	\N	\N	\N	CHAN TAT KHIT	\N	\N	21	689543953	347
1575722891		ZHANG QING	D131	\N	DIRECT	2214776521@qq.com				\N	-	2020-04-07	MANUFACTURING ENGINEER	Full-time	\N	\N	\N	CHAN BOR SHEN	\N	\N	17	52374544	348
1002214209		ZHAO HANXUE (KELLY)	519	\N	INDIRECT	hanxue.zhao@denselight.com				\N	-	2019-06-03	DEPUTY DIRECTOR	Full-time	\N	\N	\N	SOMA SANKARAN	\N	\N	12	985791817	349
620999160		ZHENG CAILI	D097	\N	DIRECT	825995920@qq.com				\N	-	2018-06-08	MANUFACTURING OPERATOR	Full-time	\N	\N	\N	CHAN TAT KHIT	\N	\N	25	689543953	350
781280338		ZHENG SHAOQIN	D108	\N	DIRECT	1004548688@qq.com				\N	-	2018-12-26	MANUFACTURING OPERATOR	Full-time	\N	\N	\N	CHAN BOR SHEN	\N	\N	17	52374544	351
1916964989		ZHONG XIANGZHU	D128	\N	DIRECT	490639724@qq.com				\N	-	2019-12-18	MANUFACTURING OPERATOR	Full-time	\N	\N	\N	CHAN TAT KHIT	\N	\N	21	689543953	352
1106999016		ALEX TAN TECK HOWE	UNK	\N	INDIRECT	alex.tan@denselight.com				\N	-	2018-06-08	HR BUSINESS PARTNER	Full-time	\N	\N	\N	HELEN VINCENT	\N	\N	9	534558467	353
6		CHEE YOK SUN, ALVIS	S123456D	UNK	INDIRECT	alvis.chee@denselight.com	Male	UNK		\N	Singaporean Citizen	2017-07-03	SENIOR FINANCIAL ANALYST	Full-time	\N	\N	\N	\N	\N	\N	6	988735390	279
1813823810		RAJAN RAJGOPAL	410	\N	INDIRECT	rajan@denselight.com				\N	-	2017-01-23	PRESIDENT & CHIEF EXECUTIVE OFFICER	Full-time	\N	\N	\N	RAJAN RAJGOPAL	\N	\N	2	\N	246
5		KAY YEW SENG, ANTHONY	389	S1234567D	INDIRECT	anthonyk@denselight.com	Male	-		\N	-	2016-07-01	SECTION MANAGER	Full-time	\N	\N	\N	\N	\N	\N	18	135493917	260
10		Muhammad Zuhdi	559	G3506537M	INDIRECT	mzuhdi@denselight.com	Male	Blk 842B Tampines Street 82, #16-22 Singapore 522842		\N	-	2020-08-03	Senior Product Engineering	Full-time	\N	\N	\N	CHIVUKULA SUBRAHMANYAM	\N	+6583627935	15	861437177	357
1813039923		KADER KAMAL	524	G3877620M	INDIRECT	kamal.kader@denselight.com	Male	Block 4 Pasir Ris Link, #06-13 Ripple Bay, Singapore 518160		\N	-	2019-07-08	SECTION MANAGER	Full-time	\N	\N	\N	ANDY PIPER	\N	+6587936413	3	430837474	248
16		hunetadmin1	S123456D	S1234567D	DIRECT	hunetadmin1@gmail.com	Female	132 Yishun St 23 #03-412	132 Yishun St 23 #03-412	2020-08-19	Singapore Citizen	2020-08-19	Founder	Full-time	\N	\N	\N	\N	\N	+6583917231	1	430837474	1
673813648		SANTOSH KUMAR PANI	475	-	INDIRECT	santosh.kumar@denselight.com	Male	-		\N	-	2018-08-01	PRINCIPAL ENGINEER	Full-time	\N	\N	\N	CHIVUKULA SUBRAHMANYAM	\N	\N	7	439847763	324
2076006951		WONG ZU XING KEITH	553	S9207863I	INDIRECT	keith.wong@denselight.com	Male	BLK 385 TAMPINES STREET 32, #05-53 SINGAPORE 520385		\N	-	2020-06-15	ENGINEER I	Full-time	\N	\N	\N	ANDY PIPER	\N	+6586601940	3	539619816	342
645448974		ASHISH KUMAR RAI	484	G3803476L	INDIRECT	ashish.kumar@denselight.com	Male	Blk 702 Upper Changi Road East, #03-07 Changi Court, Singapore 486832		\N	-	2018-09-03	PRINCIPAL ENGINEER	Full-time	\N	\N	\N	ANDY PIPER	\N	+6586719627	3	430837474	250
2125149271		YEO AUDIE ADAM	539	-	INDIRECT	audie.yeo@denselight.com	Male	-		\N	-Singaporean	2020-02-24	ENGINEER I	Full-time	\N	\N	\N	CHIVUKULA SUBRAHMANYAM	\N	+6596454157	7	1776097184	346
18		Managertest	S123456D	S1234567S	DIRECT	managertest@email.com	Female	NA	NA	2020-09-11	-	2017-08-21	Manager	Full-time	\N	\N	\N	N/A	\N	+6590000001	9	534558467	365
17		usertest	S123456D	S1234567S	DIRECT	usertest@email.com	Male	NAN	NA	2021-09-11	-	2017-08-21	Employee	Full-time	\N	\N	\N	N/A	\N	+6590000001	9	18	364
20		aditya	S123456D	2345678	DIRECT	goog@gmail.com	Male	ggdjkj	ggdoid	2020-12-12	-nil	2020-10-12	gooa	Full-time	\N	\N	\N	jja	ado	+919667378383	14	1813823810	368
\.


--
-- Data for Name: Profile_qualifications; Type: TABLE DATA; Schema: public; Owner: benny6789
--

COPY public."Profile_qualifications" (id, institution, name, graduation_year, employee_id) FROM stdin;
1	University of South Australia	Masters of Business Administration	1998	985791817
2	Indian Institute of Technology, Kharagpur, INDIA	B.Tech (Hons) in Electronics & Electrical Communication	1984	985791817
3	Singapore - Massachusetts Institute of Technology Alliance program (SMA)	Doctor of Philosophy (PhD)	2013	1373136557
4	Capital College of Management and Technology	Diploma	2019	231731743
5	National University of Singapore	Bachelors of Engineering (Electrical)	2014	2125149271
6	Gottfried Wilhem Leibniz Universitaet Hannover	Master of Science (MSc) in Nanotechnology	2019	2125149271
\.


--
-- Data for Name: Ticketing_ticket; Type: TABLE DATA; Schema: public; Owner: benny6789
--

COPY public."Ticketing_ticket" (id, category, title, description, status, created_by_id) FROM stdin;
\.


--
-- Data for Name: Ticketing_ticket_comments; Type: TABLE DATA; Schema: public; Owner: benny6789
--

COPY public."Ticketing_ticket_comments" (id, comment, created_on, ticket_id, user_id) FROM stdin;
\.


--
-- Data for Name: Trainings_apply_trainings; Type: TABLE DATA; Schema: public; Owner: benny6789
--

COPY public."Trainings_apply_trainings" (id, status, date_start, date_end, approved_by, employee_id, training_id) FROM stdin;
\.


--
-- Data for Name: Trainings_career_discussion; Type: TABLE DATA; Schema: public; Owner: benny6789
--

COPY public."Trainings_career_discussion" (id, "Q1", "Q2", "Q3", "Q4", "Q5", "Q6", "Q7", "Q8", employee_id, user_appraisal_id) FROM stdin;
9	NIL	NIL	NIL	NIL	NIL	NIL	NIL	NIL	17	280
\.


--
-- Data for Name: Trainings_skill_category; Type: TABLE DATA; Schema: public; Owner: benny6789
--

COPY public."Trainings_skill_category" (id, name) FROM stdin;
1	Accounting Standards
2	Accounting and Tax Systems
3	Audit Compliance
4	Audit Management
5	Automated Operation Monitoring
6	Automated Systems Design
7	Automation Process Control
8	Automation System Maintenance
9	Business Continuity Planning
10	Business Acumen
11	Business Innovation and Improvement
12	Business Negotiation
13	Business Networking
14	Business Operation Development
15	Business Performance Management
16	Business Planning
17	Business Presentation Delivery
18	Change Management
19	Communication
20	Compensation & Benefits Management
21	Conduct and Behaviour Management
22	Conflict Management
23	Continuous Process Improvement
24	Cost Management
25	Creative Thinking
26	Crisis Situations Management
27	Customer Acquisition Management
28	Customer Experience Management
29	Customer Relationship Management
30	Cybersecurity
31	Data Analytics System Design
32	Data Mining and Modeling
33	Data Synthesis
34	Decision Making
35	Defect Density Monitoring
36	Digital Literacy
37	Diversity and Inclusion Management
38	Effectiveness Management
39	Electrostatic Discharge Control
40	Embedded Systems Integration
41	Employee Communication Management
42	Employee Engagement Management
43	Emergency Management
44	Employer Branding
45	Enterprise Risk Management
46	Equipment Maintenance
47	Facilities Management
48	Factory Systems Management
49	Failure Analysis
50	Financial Acumen
51	Financial Closing
52	Financial Management
53	Financial Reporting
54	Financial transactions
55	Global Mindset
56	Good Manufacturing Practices Implementation
57	Group Accounting & Consolidation
58	Hazards & Risk Control
59	Human Resource Advisory
60	Human Resource Practices Implementation
61	Human Resource Systems Management
62	Infocom Technology Adoption and Innovation
63	Information Systems
64	Infrastructure Support
65	Installing & Configuring
66	Innovation Management
67	Internal Control
68	Involuntary Exit Management
69	Job Analysis & Evaluation
70	Labour Relations Management
71	Leadership
72	Learning & Development
73	Lifelong Learning
74	Manufacturing Process Design
75	Manufacturing Process Management
76	Market Profitting
77	Networking
78	Materials Qualification
79	Metrology Management
80	Network Administration and Maintenance
81	Network and Systems
82	New Product Introduction
83	Onboarding
84	Operational Excellence
85	Operations Management
86	Organisational Analysis
87	Organisational Change Management
88	Organisational Culture Development
89	Organisation Design
90	Organisational Strategy Development
91	Organisational Strategising
92	Parametric Testing
93	People Capability Development
94	Performance Management
95	Problem Solving
96	Process Integration
97	Procurement Management
98	Product Testing
99	Production Performance Management
100	Production Planning
101	Production Resource Management
102	Production Shut-down & Re-start
103	Project Management
104	Quality Assurance Management
105	Quality Control & Assurance
106	Quality Process Control
107	Quality Systems Management
108	Report Writing
109	R&D
110	Resource Management
111	Risk Appetite & Goals Setting
112	Sales Closure
113	Selection Management
114	Service Excellence
115	Software Testing
116	Solutioning
117	Stakeholder Management
118	Strategic Workforce Planning
119	Succession Planning
120	Supplier Performance
121	Supplier Sourcing
122	System Integration
123	Systems Thinking Application
124	Tax Computation
125	Tax Implications
126	Taxation Laws
127	Teamwork
128	Technical Presentations
129	Technology Integration
130	Technology Roadmapping
131	Total Rewards Philosophy Development
132	Transactional Accounting
133	Transdisciplinary Thinking
134	Vision Management
135	Voluntary Exit Management
136	Workplace Safety & Health Practices Implementation
137	Yield Analysis
\.


--
-- Data for Name: Trainings_skills; Type: TABLE DATA; Schema: public; Owner: benny6789
--

COPY public."Trainings_skills" (id, description, weightage, "recommended_Trainings_user", "recommended_Trainings_manager", "recommended_Trainings_board", user_rating, manager_rating, board_rating, user_comments, manager_comments, board_comments, appraisal_id, employee_id, skill_category_id) FROM stdin;
23	Collaboration Skills\r\nTeam work is the force that helps any organization succeed, and learning to collaborate well will bring in the results you need	50	NIL	NIL	NIL	1	1	1	NIL	NIL	NIL	224	1710250857	72
22	Managing Your Priorities\r\nAs work load gets larger, we need to develop the ability to manage priorities	50	NIL	NIL	NIL	1	1	1	NIL	NIL	NIL	224	1710250857	72
24	Behaviour Observation and conflict Resolution - Managing difficult conversations with talking with employee at termination or grievance handling.\r\n\r\nTo attend course: SNEF - Managing Harassment in the work place.	100	NIL	NIL	NIL	1	1	1	NIL	NIL	NIL	154	534558467	19
3	Accounting Standards is very future-proof	100	Accounting Standards Training Part 1, Accounting Standards Training Part 2	Accounting	NIL	4	3	4	I think this is a good skill	I dont think so	NIL	\N	\N	1
35	Got training for the Audit management	10	NIL	NIL	NIL	1	1	1	NIL	NIL	NIL	209	1723530200	4
4	Skills Description 1	100	NIL	You need to go for accounting course 101	NIL	3	2	1	NIL	You need some training.	NIL	\N	\N	2
7	Bridging Strategy to Outcomes\r\nTo support the successful implement of company strategies.\r\nDevelop improved action skills for business development strategy.	30	NIL	NIL	NIL	1	1	1	NIL	NIL	NIL	244	1002214209	91
6	Adapting to Constant Change\r\nTo lead positive attitude and actions during change.\r\nDevelop improved flexibility to adapt changing economy environment.	30	NIL	NIL	NIL	1	1	1	NIL	NIL	NIL	244	1002214209	18
5	Denselight Supervisor training 101: A Supervisor role\r\nTo improve management skills to ensure more collaborative and effective work space.\r\nDevelop improved coaching skills.	40	NIL	NIL	NIL	1	1	1	NIL	NIL	NIL	244	1002214209	71
10	Digital Transformation focus on Document Automation	30	NIL	NIL	NIL	1	1	1	NIL	NIL	NIL	156	1224448967	63
11	Personal Data Protection Act 2012 (PDPA),	30	NIL	NIL	NIL	1	1	1	NIL	NIL	NIL	156	1224448967	30
12	Identifying Work Priorities and Setting Verifiable Goals (Individual) (VILT)	40	NIL	NIL	NIL	1	1	1	NIL	NIL	NIL	156	1224448967	15
13	Continuously support day to day process related activity to learn and familiarize on the process and issue.	10	NIL	NIL	NIL	1	1	1	NIL	NIL	NIL	184	249343659	23
15	Achieve Forum training: Collaboration Skills	20	NIL	NIL	NIL	1	1	1	NIL	NIL	NIL	219	439847763	127
16	Be more articulate in presentations so as to communicate with others more effectively	40	NIL	NIL	NIL	1	1	1	NIL	NIL	NIL	219	439847763	19
17	Make use of Tibco Spotfire more for wafer level data analysis in development work	40	NIL	NIL	NIL	1	1	1	NIL	NIL	NIL	219	439847763	137
18	Supervisor training 101	50	NIL	NIL	NIL	1	1	1	NIL	NIL	NIL	151	988735390	71
19	Singapore Corporate Tax Training course	50	NIL	NIL	NIL	1	1	1	NIL	NIL	NIL	151	988735390	124
9	GST latest changes - free workshop by IRAS when available.	50	NIL	NIL	NIL	1	1	1	NIL	NIL	NIL	227	104959828	2
8	attended course on Effective Cash flow Management, Budgeting on 19 Aug 2020.	50	NIL	NIL	NIL	1	1	1	NIL	NIL	NIL	227	104959828	132
21	GST seminar	50	NIL	NIL	NIL	1	1	1	NIL	NIL	NIL	250	6	2
20	Virtual : Strategy For Costing & Budgeting	50	NIL	NIL	NIL	1	1	1	NIL	NIL	NIL	250	6	2
25	Building Commitment to Result\r\n09 & 12.06.2020	100	NIL	NIL	NIL	1	1	1	NIL	NIL	NIL	222	1014312820	72
26	Supervisory 101 Training\r\n28.03.2020	100	NIL	NIL	NIL	1	1	1	NIL	NIL	NIL	222	1014312820	72
30	Lead the team	30	NIL	NIL	NIL	1	1	1	NIL	NIL	NIL	218	673813648	71
31	Find out the loop hole in the existing process and propose solutions	30	NIL	NIL	NIL	1	1	1	NIL	NIL	NIL	218	673813648	23
32	Deep dive and fully understand ELED/SLED/DFB procoess flow, die design, product application , test spec & charaterization, lesson learnt.	50	NIL	NIL	NIL	1	1	1	NIL	NIL	NIL	161	861437177	129
33	Work closely with QA, NPD and sales to establish and improve the business creation process flow (PDM requirement) for new product development by milestone phase exit.	50	NIL	NIL	NIL	1	1	1	NIL	NIL	NIL	161	861437177	11
28	Improving operations efficiency by 56.19% in terms of distance travel reduction thru the proposed production layout in APT. The data was presented during one of the KFA session.	100	NIL	NIL	NIL	1	1	1	NIL	NIL	NIL	222	1014312820	9
27	Integrating and implementing Odoo in DLS as alternative of ERP system to enhance WIP visibility across departments in DLS and to improve productivity of the employees by doing other value adding task after automating certain process steps such as creating WO and tracking the WO.	100	NIL	NIL	NIL	1	1	1	NIL	NIL	NIL	222	1014312820	122
34	1. Masking process development, resist film thickness tuning/exposure&developer condition optimization\r\n2. Etch process understanding/backup\r\n3. Integration understanding\r\n4. Backlap/N-metal peeling off understanding	5	NIL	NIL	NIL	1	1	1	NIL	NIL	NIL	178	1776097184	69
36	By using Tibco Automated the SPC charts for FAB B processes	10	NIL	NIL	NIL	1	1	1	NIL	NIL	NIL	209	1723530200	7
37	Designing the packaging of the NPI products tendered from FOS4x.	100	NIL	NIL	NIL	1	1	1	NIL	NIL	NIL	222	1014312820	74
38	Supervisory training	33	NIL	NIL	NIL	1	1	1	NIL	NIL	NIL	188	50985924	93
39	Technical capability for new products at external manufacturers	33	NIL	NIL	NIL	1	1	1	NIL	NIL	NIL	188	50985924	82
40	External manufacturing management - costs, MOQs, inventories, etc.	33	NIL	NIL	NIL	1	1	1	NIL	NIL	NIL	188	50985924	24
42	Dilemma Management is a strategic tool, not only for leaders, but also for teams, work groups, stakeholders to apply a focused, collaborative approach for analyzing complex business issues where there is no "right" answer or "best" solution, but rather two opposing positions or points of view, each with distinct advantages and disadvantages. The key to dilemma management is to develop a strategy that achieves the advantages of both positions while minimizing the disadvantages.	10	NIL	NIL	NIL	1	1	1	NIL	NIL	NIL	200	1777433913	34
43	Storytelling is a communication tool that enhances the meaning, impact, and energy behind ideas. Stories take typical messages and bring them to life, engaging peoples minds and evoking their emotions. Stories transform traditional business communication into exchanges that capture the imagination and build commitment. This module is designed to help.	10	NIL	NIL	NIL	1	1	1	NIL	NIL	NIL	200	1777433913	19
41	Research of laser feedback mechanisms to achieve narrow linewidth.	80	NIL	NIL	NIL	1	1	1	NIL	NIL	NIL	200	1777433913	109
44	Learn our products' well and do presentation to customers when to visit customers.	100	NIL	NIL	NIL	1	1	1	NIL	NIL	NIL	195	1369735000	128
45	Silicon Photonics e-Learning	100	NIL	NIL	NIL	1	1	1	NIL	NIL	NIL	171	9327697	96
46	Improve knowledge of SLEDs and ELEDs design, processing and testing	50	NIL	NIL	NIL	1	1	1	NIL	NIL	NIL	211	1510925941	74
47	Improve and acquire more knowledge of MOCVD wafer epitaxy	50	NIL	NIL	NIL	1	1	1	NIL	NIL	NIL	211	1510925941	75
48	Technical writing\r\nProject management methodologies	100	NIL	NIL	NIL	1	1	1	NIL	NIL	NIL	179	1906914592	103
76	- Articulate and experienced  in managing hazard and risk control. \r\n- Effective teaching and knowledge sharing skills, and ensures that the team fully understands the big picture.	10	NIL	NIL	NIL	1	1	1	NIL	NIL	NIL	196	2047523461	58
50	Skills development on:\r\n1) analytical aspect\r\n2) understanding priority of given tasks	50	NIL	NIL	NIL	1	1	1	NIL	NIL	NIL	234	2076006951	72
49	To develop a project plan starting from scratch (i.e. work package division, key milestone)	50	NIL	NIL	NIL	1	1	1	NIL	NIL	NIL	234	2076006951	103
51	People management skill. \r\nMotive people\r\nhelp people succeed.	50	NIL	NIL	NIL	1	1	1	NIL	NIL	NIL	157	25957709	71
52	Close the deal\r\nPush for the best for Denselight	50	NIL	NIL	NIL	1	1	1	NIL	NIL	NIL	157	25957709	12
29	In depth of all Critical equipment	50	NIL	NIL	NIL	1	1	1	NIL	NIL	NIL	249	5	46
54	\tDrive initiatives and take smart risks to achieve our goals.\r\n\tTo believe that excellence is achievable if we put our hearts and minds to achieve it. \r\n\tTo know that change is needed to improve situations. \r\n\tTo set out goals and do what it takes to attain them. \r\n\tTo challenge oneself continuously by setting higher targets after achieving the last set target	50	NIL	NIL	NIL	1	1	1	NIL	NIL	NIL	160	52374544	84
55	Coach & Develop	30	NIL	NIL	NIL	1	1	1	NIL	NIL	NIL	167	973701598	42
56	Buidling commitment to Results	50	NIL	NIL	NIL	1	1	1	NIL	NIL	NIL	167	973701598	41
57	Embark on multiple automation companies to understand better how it can help improve DLS state of operations automation thru online demo or site visits	30	NIL	NIL	NIL	1	1	1	NIL	NIL	NIL	162	1982477965	5
58	Understand and execute Kaizen in line with Best In Class practises	40	NIL	NIL	NIL	1	1	1	NIL	NIL	NIL	162	1982477965	18
59	Develop KPI dashboards to drive performance thru data, eg output from the Rapsberry Pi with sensors to measure utilization	30	NIL	NIL	NIL	1	1	1	NIL	NIL	NIL	162	1982477965	94
60	Lead with Influence\r\n(Lead with Influence)	30	NIL	NIL	NIL	1	1	1	NIL	NIL	NIL	215	161961016	34
61	Leading Virtually	40	NIL	NIL	NIL	1	1	1	NIL	NIL	NIL	215	161961016	72
62	Communication with Impact\r\n(Communication with Impact)	30	NIL	NIL	NIL	1	1	1	NIL	NIL	NIL	215	161961016	41
64	Building team pride & purpose	50	NIL	NIL	NIL	1	1	1	NIL	NIL	NIL	159	689543953	71
65	Making Collaborative Decisions	50	NIL	NIL	NIL	1	1	1	NIL	NIL	NIL	159	689543953	127
67	Leading Complex Decisions,Making Collaborative Decisions & Problem-Solving Results	100	NIL	NIL	NIL	1	1	1	NIL	NIL	NIL	213	426739617	95
66	Develop a Leadership Mindset	100	NIL	NIL	NIL	1	1	1	NIL	NIL	NIL	213	426739617	71
63	Coil spool for BF 50m and ASE 10m.\r\nPlan to do coil for fosx	60	NIL	NIL	NIL	1	1	1	NIL	NIL	NIL	220	231731743	23
68	Build up hardware and software solutions for dataflow pipeline from data source, into storage and eventually into data visualization tools.	50	NIL	NIL	NIL	1	1	1	NIL	NIL	NIL	183	711389827	81
69	Build up hardware and software solutions for dataflow pipeline from data source, into storage and eventually into data visualization tools.	50	NIL	NIL	NIL	1	1	1	NIL	NIL	NIL	183	711389827	122
73	- Demonstrate good leadership and good listening skills. \r\n- Lead by example by showing the team good working attitude, creativity, and going the extra mile. \r\n- Constant team motivation by holding regular discussions and meetings to encourage openness of ideas and allow them to voice their feedback.	10	NIL	NIL	NIL	1	1	1	NIL	NIL	NIL	196	2047523461	71
71	Display characteristics of good leadership such as integrity & honesty, positive attitude, work commitment, impartiality and humility.	10	NIL	NIL	NIL	1	1	1	NIL	NIL	NIL	196	2047523461	71
72	Multiple disciplines in facilities management to ensure effective and efficient operations, such as operational, preventive maintenance & services, EHS, Fire safety, planning, project management and 6S.	10	NIL	NIL	NIL	1	1	1	NIL	NIL	NIL	196	2047523461	47
77	- Constant learning and skills upgrading, so as to ensure the sustainability and updatedness of my ideas and contributions to DSL.	10	NIL	NIL	NIL	1	1	1	NIL	NIL	NIL	196	2047523461	73
78	- Vast knowledge of maintenance and management of  different machines / equipment in the semiconductor wafer fab industries.	10	NIL	NIL	NIL	1	1	1	NIL	NIL	NIL	196	2047523461	46
70	Experienced and knowledgeable in Workplace Safety & Heath regulations and best practices.	10	NIL	NIL	NIL	1	1	1	NIL	NIL	NIL	196	2047523461	136
75	- Consider all factors behind any decisions and avoid rash decision making.\r\n- Ensure decision makings are aligned to DSL or team targets and goals.\r\n- Take decision making initiatives and avoid unnecessary delays while waiting on other parties.	10	NIL	NIL	NIL	1	1	1	NIL	NIL	NIL	196	2047523461	34
74	- Be inclusive and friendly to all team members.\r\n- Practice cooperation and democracy at all times.\r\n- Encourage and motivate others to practice the spirit of teamwork.	10	NIL	NIL	NIL	1	1	1	NIL	NIL	NIL	196	2047523461	127
79	- Constant communication with team and management to ensure unity and effective teamwork.\r\n- Improve ideas sharing and work relationship.\r\n- Constant communication to ensure up-to-date information and awareness at all times and prevent miscommunication. \r\n- Friendliness, respectfulness, humility and professionalism when communicating with each other to avoid conflict and misunderstanding.	10	NIL	NIL	NIL	1	1	1	NIL	NIL	NIL	196	2047523461	19
80	\N	80	NIL	NIL	NIL	1	1	1	NIL	NIL	NIL	145	1813039923	109
82	SLED - Photonic Device Physic & Design understanding\r\n1.\tLearn the design aspects of SLED & optimization\r\nTest & measurement of photonic devices	50	NIL	NIL	NIL	1	1	1	NIL	NIL	NIL	204	480020115	82
81	SOA -Photonic device physic & design understanding\r\n1.\tLearn the design aspects of SOA & optimization\r\n2.\tTest & measurement of photonic devices	50	NIL	NIL	NIL	1	1	1	NIL	NIL	NIL	204	480020115	82
83	Understand six sigma and other process control method (SPC) to control the process	50	NIL	NIL	NIL	1	1	1	NIL	NIL	NIL	163	1373136557	75
84	Learning to use Crosslight software to simulate SLED structure and devices	50	NIL	NIL	NIL	1	1	1	NIL	NIL	NIL	163	1373136557	109
85	Behaviour Observation and conflict Resolution - Managing difficult conversations with talking with employee at termination or grievance handling. To attend course: SNEF - Managing Harassment in the work place.	100	NIL	NIL	NIL	1	1	1	NIL	NIL	NIL	256	534558467	19
86	Cyber Security Masterclass	100	NIL	NIL	NIL	1	1	1	NIL	NIL	NIL	164	1428738048	63
87	Privacy Information Management System (PIMS)	100	NIL	NIL	NIL	1	1	1	NIL	NIL	NIL	164	1428738048	63
89	Supervisor training 101	50	NIL	NIL	NIL	1	1	1	NIL	NIL	NIL	261	988735390	71
90	Singapore Corporate Tax Training course	50	NIL	NIL	NIL	1	1	1	NIL	NIL	NIL	261	988735390	124
91	Close the deal Push for the best for Denselight	50	NIL	NIL	NIL	1	1	1	NIL	NIL	NIL	265	25957709	12
92	People management skill. Motive people help people succeed.	50	NIL	NIL	NIL	1	1	1	NIL	NIL	NIL	265	25957709	71
93	To learn & pick up process of MOCVD.	30	NIL	NIL	NIL	1	1	1	NIL	NIL	NIL	190	1598293097	72
88	To have strong knowledge on MOCVD tool.	40	NIL	NIL	NIL	1	1	1	NIL	NIL	NIL	190	1598293097	72
94	To learn and pick up skills on making improvements.	30	NIL	NIL	NIL	1	1	1	NIL	NIL	NIL	190	1598293097	72
95	Improvement of Customer Relationship	50	NIL	NIL	NIL	1	1	1	NIL	NIL	NIL	170	1207021661	29
96	Customer experience management to oversees customer interactions	50	NIL	NIL	NIL	1	1	1	NIL	NIL	NIL	170	1207021661	28
98	Safety ERT involvement	20	NIL	NIL	NIL	1	1	1	NIL	NIL	NIL	198	1941685512	45
97	Learn from Vendor and through online information as well as the machine Menu provided.	20	NIL	NIL	NIL	1	1	1	NIL	NIL	NIL	198	1941685512	95
99	- Communicate with impact\r\n   - Customers\r\n   - Management\r\n   - Managers\r\n   - Team members and fellow colleagues \r\n- Effective engagement \r\n- Efficient usage of leadership style, mainly directing, coaching, and supporting \r\n- Creating organizational values	34	NIL	NIL	NIL	1	1	1	NIL	NIL	NIL	238	539619816	71
100	- Organisational needs for disruptive performance compared to competitors\r\n- Effective Product roadmap \r\n- Efficient decision for successful project completion	33	NIL	NIL	NIL	1	1	1	NIL	NIL	NIL	238	539619816	90
101	-  Create the highest level of efficiency within the organization\r\n- administration of effective business practices \r\n-  services as efficiently as possible to maximize the profit of an organization.	11	NIL	NIL	NIL	1	1	1	NIL	NIL	NIL	238	539619816	14
102	- Presentation Preparation\r\n   - identify goal\r\n   - Know time limit\r\n   - Create value aids if necessary\r\n   - Write in the text about the lecture\r\n   - Memorise\r\n   - Practice\r\n\r\n- Understand the Audience \r\n- Engage the audience	11	NIL	NIL	NIL	1	1	1	NIL	NIL	NIL	238	539619816	17
103	-Ideas / Innovation\r\n- Strategy planning\r\n-Target / Goal\r\n-Leadership\r\n- Communication\r\n-Organisation\r\n-People / Team\r\n-Outcome\r\n-Success criteria\r\n-Profit	11	NIL	NIL	NIL	1	1	1	NIL	NIL	NIL	238	539619816	16
104	Knowledge\r\n - InP and related materials and devices\r\n - Attendance at international conferences to keep abreast on latest development in materials and device	20	NIL	NIL	NIL	1	1	1	NIL	NIL	NIL	150	1557152765	82
105	Advance C# \r\n- To create application with higher and excellent performance	50	NIL	NIL	NIL	1	1	1	NIL	NIL	NIL	214	1608216415	6
107	Be familiar with product issue diagnosis and debug \r\nSetup different test plan to analyse the issue	5	NIL	NIL	NIL	1	1	1	NIL	NIL	NIL	176	610693885	98
108	Leaning the data analysis software to improve the efficiency of data summarizing	50	NIL	NIL	NIL	1	1	1	NIL	NIL	NIL	166	2107825133	137
109	To improve the efficiency of problem solving and find out the root cause	50	NIL	NIL	NIL	1	1	1	NIL	NIL	NIL	166	2107825133	95
110	Database Management	30	NIL	NIL	NIL	1	1	1	NIL	NIL	NIL	169	1352141850	31
111	Advance Program Management	30	NIL	NIL	NIL	1	1	1	NIL	NIL	NIL	169	1352141850	103
112	Data Modeling for defect Analysis	40	NIL	NIL	NIL	1	1	1	NIL	NIL	NIL	169	1352141850	32
106	Learn how to present a good program for DFB products and new product introduced	50	NIL	NIL	NIL	1	1	1	NIL	NIL	NIL	217	1484926575	103
113	Understand the Fab A and Fab B process and their impact on the yield to deliver timely and correct analysis	50	NIL	NIL	NIL	1	1	1	NIL	NIL	NIL	217	1484926575	95
114	Data Analytics, being careful on the data integrity, cleaning the data if there is any noise.	40	NIL	NIL	NIL	1	1	1	NIL	NIL	NIL	252	10	31
115	Describe the problem clearly, form a team of expert, look for the root cause, and look for the corrective actions	30	NIL	NIL	NIL	1	1	1	NIL	NIL	NIL	252	10	95
116	Creating Test Plan, Execute the test carefully and in detail manner, Document the test steps.	30	NIL	NIL	NIL	1	1	1	NIL	NIL	NIL	252	10	115
117	\N	70	NIL	NIL	NIL	1	1	1	NIL	NIL	NIL	241	2125149271	137
118	Hunet Test	100	NIL	NIL	NIL	1	1	1	NIL	NIL	NIL	\N	17	1
119	testing	100	NIL	NIL	NIL	1	1	1	NIL	NIL	NIL	\N	17	1
\.


--
-- Data for Name: Trainings_survey_trainings; Type: TABLE DATA; Schema: public; Owner: benny6789
--

COPY public."Trainings_survey_trainings" (id, objectives_met, content_design, trainer_knowledge, training_relevance, recommend_training, training_id) FROM stdin;
\.


--
-- Data for Name: Trainings_training_courses; Type: TABLE DATA; Schema: public; Owner: benny6789
--

COPY public."Trainings_training_courses" (id, name, provider, cost, ratings, skill_category_id) FROM stdin;
\.


--
-- Data for Name: Trainings_trainings; Type: TABLE DATA; Schema: public; Owner: benny6789
--

COPY public."Trainings_trainings" (id, name, provider, cost, ratings, skill_category_id) FROM stdin;
\.


--
-- Data for Name: auth_group; Type: TABLE DATA; Schema: public; Owner: benny6789
--

COPY public.auth_group (id, name) FROM stdin;
1	HR manager
2	HR
5	Manager
3	Employee
\.


--
-- Data for Name: auth_group_permissions; Type: TABLE DATA; Schema: public; Owner: benny6789
--

COPY public.auth_group_permissions (id, group_id, permission_id) FROM stdin;
1	1	1
2	1	2
3	1	3
4	1	4
5	1	5
6	1	6
7	1	7
8	1	8
9	1	9
10	1	10
11	1	11
12	1	12
13	1	13
14	1	14
15	1	15
16	1	16
17	1	17
18	1	18
19	1	19
20	1	20
21	1	21
22	1	22
23	1	23
24	1	24
25	1	25
26	1	26
27	1	27
28	1	28
29	1	29
30	1	30
31	1	31
32	1	32
33	1	33
34	1	34
35	1	35
36	1	36
37	1	37
38	1	38
39	1	39
40	1	40
41	1	41
42	1	42
43	1	43
44	1	44
45	1	45
46	1	46
47	1	47
48	1	48
49	1	49
50	1	50
51	1	51
52	1	52
53	1	53
54	1	54
55	1	55
56	1	56
57	1	57
58	1	58
59	1	59
60	1	60
61	1	61
62	1	62
63	1	63
64	1	64
65	1	65
66	1	66
67	1	67
68	1	68
69	1	69
70	1	70
71	1	71
72	1	72
73	1	73
74	1	74
75	1	75
76	1	76
77	1	77
78	1	78
79	1	79
80	1	80
81	1	81
82	1	82
83	1	83
84	1	84
85	1	85
86	1	86
87	1	87
88	1	88
89	1	89
90	1	90
91	1	91
92	1	92
93	1	93
94	1	94
95	1	95
96	1	96
97	1	97
98	1	98
99	1	99
100	1	100
101	1	101
102	1	102
103	1	103
104	1	104
105	1	105
106	1	106
107	1	107
108	1	108
109	1	109
110	1	110
111	1	111
112	1	112
113	1	113
114	1	114
115	1	115
116	1	116
117	1	117
118	1	118
119	1	119
120	1	120
121	1	121
122	1	122
123	1	123
124	1	124
125	1	125
126	1	126
127	1	127
128	1	128
129	1	129
130	1	130
131	1	131
132	1	132
133	1	133
134	1	134
135	1	135
136	1	136
137	1	137
138	1	138
139	1	139
140	1	140
141	1	141
142	1	142
143	1	143
144	1	144
145	1	145
146	1	146
147	1	147
148	1	148
149	1	149
150	1	150
151	1	151
152	1	152
153	2	1
154	2	2
155	2	3
156	2	4
157	2	5
158	2	6
159	2	7
160	2	8
161	2	9
162	2	10
163	2	11
164	2	12
165	2	13
166	2	14
167	2	15
168	2	16
169	2	17
170	2	18
171	2	19
172	2	20
173	2	21
174	2	22
175	2	23
176	2	24
177	2	25
178	2	26
179	2	27
180	2	28
181	2	29
182	2	30
183	2	31
184	2	32
185	2	33
186	2	34
187	2	35
188	2	36
189	2	37
190	2	38
191	2	39
192	2	40
193	2	41
194	2	42
195	2	43
196	2	44
197	2	45
198	2	46
199	2	47
200	2	48
201	2	49
202	2	50
203	2	51
204	2	52
205	2	53
206	2	54
207	2	55
208	2	56
209	2	57
210	2	58
211	2	59
212	2	60
213	2	61
214	2	62
215	2	63
216	2	64
217	2	65
218	2	66
219	2	67
220	2	68
221	2	69
222	2	70
223	2	71
224	2	72
225	2	73
226	2	74
227	2	75
228	2	76
229	2	77
230	2	78
231	2	79
232	2	80
233	2	81
234	2	82
235	2	83
236	2	84
237	2	85
238	2	86
239	2	87
240	2	88
241	2	89
242	2	90
243	2	91
244	2	92
245	2	93
246	2	94
247	2	95
248	2	96
249	2	97
250	2	98
251	2	99
252	2	100
253	2	101
254	2	102
255	2	103
256	2	104
257	2	105
258	2	106
259	2	107
260	2	108
261	2	109
262	2	110
263	2	111
264	2	112
265	2	113
266	2	114
267	2	115
268	2	116
269	2	117
270	2	118
271	2	119
272	2	120
273	2	121
274	2	122
275	2	123
276	2	124
277	2	125
278	2	126
279	2	127
280	2	128
281	2	129
282	2	130
283	2	131
284	2	132
285	2	133
286	2	134
287	2	135
288	2	136
289	2	137
290	2	138
291	2	139
292	2	140
293	2	141
294	2	142
295	2	143
296	2	144
297	2	145
298	2	146
299	2	147
300	2	148
301	2	149
302	2	150
303	2	151
304	2	152
305	3	14
306	5	14
\.


--
-- Data for Name: auth_permission; Type: TABLE DATA; Schema: public; Owner: benny6789
--

COPY public.auth_permission (id, name, content_type_id, codename) FROM stdin;
1	Can add log entry	1	add_logentry
2	Can change log entry	1	change_logentry
3	Can delete log entry	1	delete_logentry
4	Can view log entry	1	view_logentry
5	Can add permission	2	add_permission
6	Can change permission	2	change_permission
7	Can delete permission	2	delete_permission
8	Can view permission	2	view_permission
9	Can add group	3	add_group
10	Can change group	3	change_group
11	Can delete group	3	delete_group
12	Can view group	3	view_group
13	Can add user	4	add_user
14	Can change user	4	change_user
15	Can delete user	4	delete_user
16	Can view user	4	view_user
17	Can add content type	5	add_contenttype
18	Can change content type	5	change_contenttype
19	Can delete content type	5	delete_contenttype
20	Can view content type	5	view_contenttype
21	Can add session	6	add_session
22	Can change session	6	change_session
23	Can delete session	6	delete_session
24	Can view session	6	view_session
25	Can add competencies	7	add_competencies
26	Can change competencies	7	change_competencies
27	Can delete competencies	7	delete_competencies
28	Can view competencies	7	view_competencies
29	Can add competency_category	8	add_competency_category
30	Can change competency_category	8	change_competency_category
31	Can delete competency_category	8	delete_competency_category
32	Can view competency_category	8	view_competency_category
33	Can add departmental_ competencies	9	add_departmental_competencies
34	Can change departmental_ competencies	9	change_departmental_competencies
35	Can delete departmental_ competencies	9	delete_departmental_competencies
36	Can view departmental_ competencies	9	view_departmental_competencies
37	Can add goal_category	10	add_goal_category
38	Can change goal_category	10	change_goal_category
39	Can delete goal_category	10	delete_goal_category
40	Can view goal_category	10	view_goal_category
41	Can add goals	11	add_goals
42	Can change goals	11	change_goals
43	Can delete goals	11	delete_goals
44	Can view goals	11	view_goals
45	Can add kpi	12	add_kpi
46	Can change kpi	12	change_kpi
47	Can delete kpi	12	delete_kpi
48	Can view kpi	12	view_kpi
49	Can add goal_comment	13	add_goal_comment
50	Can change goal_comment	13	change_goal_comment
51	Can delete goal_comment	13	delete_goal_comment
52	Can view goal_comment	13	view_goal_comment
53	Can add departmental_ goals	14	add_departmental_goals
54	Can change departmental_ goals	14	change_departmental_goals
55	Can delete departmental_ goals	14	delete_departmental_goals
56	Can view departmental_ goals	14	view_departmental_goals
57	Can add departmental_goal_comment	15	add_departmental_goal_comment
58	Can change departmental_goal_comment	15	change_departmental_goal_comment
59	Can delete departmental_goal_comment	15	delete_departmental_goal_comment
60	Can view departmental_goal_comment	15	view_departmental_goal_comment
61	Can add departmental_competencies_comment	16	add_departmental_competencies_comment
62	Can change departmental_competencies_comment	16	change_departmental_competencies_comment
63	Can delete departmental_competencies_comment	16	delete_departmental_competencies_comment
64	Can view departmental_competencies_comment	16	view_departmental_competencies_comment
65	Can add competency_comment	17	add_competency_comment
66	Can change competency_comment	17	change_competency_comment
67	Can delete competency_comment	17	delete_competency_comment
68	Can view competency_comment	17	view_competency_comment
69	Can add departments	18	add_departments
70	Can change departments	18	change_departments
71	Can delete departments	18	delete_departments
72	Can view departments	18	view_departments
73	Can add discard_ skills	19	add_discard_skills
74	Can change discard_ skills	19	change_discard_skills
75	Can delete discard_ skills	19	delete_discard_skills
76	Can view discard_ skills	19	view_discard_skills
77	Can add profile	20	add_profile
78	Can change profile	20	change_profile
79	Can delete profile	20	delete_profile
80	Can view profile	20	view_profile
81	Can add qualifications	21	add_qualifications
82	Can change qualifications	21	change_qualifications
83	Can delete qualifications	21	delete_qualifications
84	Can view qualifications	21	view_qualifications
85	Can add skill_category	22	add_skill_category
86	Can change skill_category	22	change_skill_category
87	Can delete skill_category	22	delete_skill_category
88	Can view skill_category	22	view_skill_category
89	Can add trainings	23	add_trainings
90	Can change trainings	23	change_trainings
91	Can delete trainings	23	delete_trainings
92	Can view trainings	23	view_trainings
93	Can add training_ courses	24	add_training_courses
94	Can change training_ courses	24	change_training_courses
95	Can delete training_ courses	24	delete_training_courses
96	Can view training_ courses	24	view_training_courses
97	Can add survey_ trainings	25	add_survey_trainings
98	Can change survey_ trainings	25	change_survey_trainings
99	Can delete survey_ trainings	25	delete_survey_trainings
100	Can view survey_ trainings	25	view_survey_trainings
101	Can add skills	26	add_skills
102	Can change skills	26	change_skills
103	Can delete skills	26	delete_skills
104	Can view skills	26	view_skills
105	Can add career_ discussion	27	add_career_discussion
106	Can change career_ discussion	27	change_career_discussion
107	Can delete career_ discussion	27	delete_career_discussion
108	Can view career_ discussion	27	view_career_discussion
109	Can add apply_ trainings	28	add_apply_trainings
110	Can change apply_ trainings	28	change_apply_trainings
111	Can delete apply_ trainings	28	delete_apply_trainings
112	Can view apply_ trainings	28	view_apply_trainings
113	Can add ticket	29	add_ticket
114	Can change ticket	29	change_ticket
115	Can delete ticket	29	delete_ticket
116	Can view ticket	29	view_ticket
117	Can add ticket_ comments	30	add_ticket_comments
118	Can change ticket_ comments	30	change_ticket_comments
119	Can delete ticket_ comments	30	delete_ticket_comments
120	Can view ticket_ comments	30	view_ticket_comments
121	Can add appraisal_ category	31	add_appraisal_category
122	Can change appraisal_ category	31	change_appraisal_category
123	Can delete appraisal_ category	31	delete_appraisal_category
124	Can view appraisal_ category	31	view_appraisal_category
125	Can add overall_ appraisal	32	add_overall_appraisal
126	Can change overall_ appraisal	32	change_overall_appraisal
127	Can delete overall_ appraisal	32	delete_overall_appraisal
128	Can view overall_ appraisal	32	view_overall_appraisal
129	Can add peer appraisal	33	add_peerappraisal
130	Can change peer appraisal	33	change_peerappraisal
131	Can delete peer appraisal	33	delete_peerappraisal
132	Can view peer appraisal	33	view_peerappraisal
133	Can add rating_ scale	34	add_rating_scale
134	Can change rating_ scale	34	change_rating_scale
135	Can delete rating_ scale	34	delete_rating_scale
136	Can view rating_ scale	34	view_rating_scale
137	Can add user_ appraisal_ list	35	add_user_appraisal_list
138	Can change user_ appraisal_ list	35	change_user_appraisal_list
139	Can delete user_ appraisal_ list	35	delete_user_appraisal_list
140	Can view user_ appraisal_ list	35	view_user_appraisal_list
141	Can add peer appraisal question	36	add_peerappraisalquestion
142	Can change peer appraisal question	36	change_peerappraisalquestion
143	Can delete peer appraisal question	36	delete_peerappraisalquestion
144	Can view peer appraisal question	36	view_peerappraisalquestion
145	Can add appraisal	37	add_appraisal
146	Can change appraisal	37	change_appraisal
147	Can delete appraisal	37	delete_appraisal
148	Can view appraisal	37	view_appraisal
149	Can add kv store	38	add_kvstore
150	Can change kv store	38	change_kvstore
151	Can delete kv store	38	delete_kvstore
152	Can view kv store	38	view_kvstore
153	Can add comment_box	39	add_comment_box
154	Can change comment_box	39	change_comment_box
155	Can delete comment_box	39	delete_comment_box
156	Can view comment_box	39	view_comment_box
157	Can add mid_ yr_ comment_ box	40	add_mid_yr_comment_box
158	Can change mid_ yr_ comment_ box	40	change_mid_yr_comment_box
159	Can delete mid_ yr_ comment_ box	40	delete_mid_yr_comment_box
160	Can view mid_ yr_ comment_ box	40	view_mid_yr_comment_box
\.


--
-- Data for Name: auth_user; Type: TABLE DATA; Schema: public; Owner: benny6789
--

COPY public.auth_user (id, password, last_login, is_superuser, username, first_name, last_name, email, is_staff, is_active, date_joined) FROM stdin;
273	pbkdf2_sha256$180000$9zOW0QhjHiD8$2yKSGrV60EtjfSUnBq6e9pJavNVE2rDCpJPX6Anu7ks=	\N	f	anghockseng			hk921004@gmail.com	f	t	2020-08-16 23:21:23.153605+00
280	pbkdf2_sha256$180000$SHFlVHItvaWf$fBjYXeuZnnLt++AKWui0ODz9s/gw9ObLRBirOe59GgA=	\N	f	chenkokkiong			chenkk@denselight.com	f	t	2020-08-16 23:21:24.44429+00
282	pbkdf2_sha256$180000$ID9A8rSNsJ7F$0zEJcdpPMPJTS6PX020ggH3VqwdqGihG8k/nZNo4F+Y=	\N	f	chewyongsheng			libra330@hotmail.com	f	t	2020-08-16 23:21:24.80783+00
289	pbkdf2_sha256$180000$82zqjOLvhlYG$jvaH4vzI8u4Gcl4PDM3zxxRpfCaSIpA3V444IXYjvHM=	\N	f	eexueli			eexueli93@gmail.com	f	t	2020-08-16 23:21:26.11722+00
249	pbkdf2_sha256$180000$dZva2J3zkwir$XXfyLQRwFkpFqsY1KcMRdLvPAiJWKeH/NaoO/NLmIAo=	2020-10-22 07:21:08.334267+00	f	arcillaraymundobonusan			raymundo.arcilla@denselight.com	f	t	2020-08-16 23:21:18.784006+00
255	pbkdf2_sha256$216000$feIAVD2PmpGN$XjxrgD0Y7VGjhBJfUKxijCRgt758yicAmmnqcMkHn+I=	2020-11-29 16:34:31.520929+00	f	chivukulasubrahmanyam			chivukula.subbu@denselight.com	f	t	2020-08-16 23:21:19.879287+00
262	pbkdf2_sha256$216000$M9zVsEWTctYt$H2MXP17aMp7QkTpKzqMGmXcYsCIGPJwXifTMTDOAshY=	2020-11-29 17:41:27.558348+00	f	lamyeeloy			yeeloy@denselight.com	f	t	2020-08-16 23:21:21.172574+00
257	pbkdf2_sha256$216000$z0eQM0t1UnmG$PjfeLdp9Xy/FCEQFVGL+WBZXJZIjpEq6ygryWQiQ93s=	2020-12-01 13:58:47.420993+00	f	helenvincent			helen@denselight.com	f	t	2020-08-16 23:21:20.25196+00
276	pbkdf2_sha256$216000$fNQyoNnijhls$2IxkyfD5WmhLld4gusrRKaxnXR62KFH7Iiz9JuGEUmg=	2020-11-26 17:11:47.51601+00	f	balakrishnanprabhu			balakrishnan.prabhu@denselight.com	f	t	2020-08-16 23:21:23+00
283	pbkdf2_sha256$180000$f54UfhnjTMei$JOVUp9xKBb8YlscvzhDRGbYsD6jDfczXzA5BPr0D+v0=	2020-10-20 03:18:15.439782+00	f	chiahsiaoyu			xiaoyu.jia@denselight.com	f	t	2020-08-16 23:21:24.987912+00
286	pbkdf2_sha256$216000$16Ki6HS4gU5Y$MT+tHPJ620fotPzVhO/oRSZlj21TDuOoFH2RWwZcgVk=	2020-11-26 17:18:08.627688+00	f	dasalakshminarayanadheeraj			dheeraj.dasa@denselight.com	f	t	2020-08-16 23:21:25.55128+00
251	pbkdf2_sha256$216000$D7ioJm8m5wbz$8YiTUnQlIqGM8e8vpu+v3J+pxImKC4Ya72aciL6FwSY=	2020-11-29 19:15:35.936575+00	f	chanborshen			bs.chan@denselight.com	f	t	2020-08-16 23:21:19.14379+00
261	pbkdf2_sha256$216000$rKrB6tfku63w$8OklNgkXbmvUNkOP7xrNZWWE6HQFWV+pNXL9lnjOPok=	2020-11-29 16:17:44.901475+00	f	kevinyangkai			kevin.yang@denselight.com	f	t	2020-08-16 23:21:20.987596+00
253	pbkdf2_sha256$180000$HTAbJn3YYHWW$vC93pXowZqUO4zlcI34n8tEap3/UJLMJQ5RJ7qdZIf8=	2020-11-03 01:42:41.093774+00	f	chanyuenchuen			eycchan@denselight.com	f	t	2020-08-16 23:21:19.501832+00
277	pbkdf2_sha256$216000$qbARj5zbj5Yb$TKMjRk8C5NHR15VkaDYONdi8oK/XUbjNIWzPM8nXz4Q=	2020-11-26 17:03:26.538081+00	f	changcheekiongjames			james.chang@denselight.com	f	t	2020-08-16 23:21:23.882977+00
278	pbkdf2_sha256$180000$cVowaWKCzjDW$KeVWMqgqoIpYiAxmCX2OUwCCGOoFz3X8mlpTFpRQZWY=	2020-10-20 05:21:13.813872+00	f	cheahyongsean			sean.cheah@denselight.com	f	t	2020-08-16 23:21:24.088917+00
264	pbkdf2_sha256$216000$krsdsTK1E5cu$rUAnUxHPEDcYkTRXO9GXkN2YECeL5nOf4Q0BQM0+fkQ=	2020-11-26 17:28:38.636768+00	f	leesiphengjason			jason.lee@denselight.com	f	t	2020-08-16 23:21:21.529091+00
281	pbkdf2_sha256$180000$3BYsaqAuFEPd$ImWk+9Fu/V1Qy+GKMpdSSrHna8PbPjeGgH8hEj9J6gg=	2020-10-09 03:16:48.032805+00	f	chenyan			chen.yan@denselight.com	f	t	2020-08-16 23:21:24.626023+00
287	pbkdf2_sha256$216000$UrYAOYpDof7Z$+fLkZhwYCaekg9MhFIzUv+JefWI995b+0KqAZtVD04w=	2020-11-26 17:22:56.970318+00	f	deguzmantirsocambalisa			tirso.deguzman@denselight.com	f	t	2020-08-16 23:21:25.731812+00
288	pbkdf2_sha256$180000$OrYABQw56wiV$+60w4ZKh/m60ZjVFrlrC9VR2jXCj1xf86o516C2Vhcg=	2020-10-23 02:43:36.794902+00	f	deleonalexandermamaradlo			alexander.deleon@denselight.com	f	t	2020-08-16 23:21:25.915761+00
254	pbkdf2_sha256$216000$8VjyGzWKxy75$8OESW/K2X8H3PJ0xfyAB5hLhFbqwUNtplxfPSMWZd8U=	2020-12-01 01:24:10.892476+00	f	chinsewei			david.chin@denselight.com	f	t	2020-08-16 23:21:19.694903+00
259	pbkdf2_sha256$180000$HomlcSbSaF79$IQDIjPM8Xc79A5xYjvOWkmv8IJ2MMvgZJAKU0wHC124=	2020-10-19 02:23:55.812613+00	f	juliusbautistaebonite			julius@denselight.com	f	t	2020-08-16 23:21:20.617998+00
266	pbkdf2_sha256$216000$CoQIo3c0YBVh$7aG7gV5sDUof5XgWHdNIDwD9hfrKn18QnddfhZmSIAw=	2020-11-26 17:44:58.558443+00	f	navinkumara/lvalautham			navin.kumar@denselight.com	f	t	2020-08-16 23:21:21.881793+00
256	pbkdf2_sha256$180000$0dKqZDPby8Ey$FFXfAwaOAdGHCP619NZXNUbouxLHaebCPTxzU1E9hY4=	2020-10-09 07:53:36.156032+00	f	dilemkareendamogo			kareen@denselight.com	f	t	2020-08-16 23:21:20.070554+00
246	pbkdf2_sha256$216000$dpnl7Pmoazo5$430fSmeBbUGfPeWy1bLDPCdUQy7SggNVtPe4WbQ1lEE=	2020-11-29 19:22:59.672402+00	f	rajanrajgopal			rajan@denselight.com	f	t	2020-08-16 23:21:18.215669+00
279	pbkdf2_sha256$180000$MWxKMKsJzqEO$YlXtsY+yub4GjaIqNJ8VlXbXWiPMJalmUB4L86BBj2s=	2020-09-23 08:09:12.683958+00	f	cheeyoksunalvis			alvis.chee@denselight.com	f	t	2020-08-16 23:21:24+00
275	pbkdf2_sha256$180000$f6nv6jzRccSb$3EUIueEnTiiMZDpwL5Vtb69sl4zVJYGLVNcjwjFJd7Y=	2020-10-13 09:28:17.783275+00	f	argabiosodanilosaplala			danilo.argabioso@denselight.com	f	t	2020-08-16 23:21:23.524481+00
252	pbkdf2_sha256$216000$R7ZZZvj162zZ$Cd2kRSFJjAuSWNNJFBVL9IjhzSJTBGgnl7l8Wrbm49A=	2020-11-29 19:02:58.237413+00	f	chantatkhit			tatkhit.chan@denselight.com	f	t	2020-08-16 23:21:19.322188+00
250	pbkdf2_sha256$180000$Zn7qfjlMOysa$2xFffbjMPN25xxSHDjLKaHglkjERZ3ansi856gXv/8s=	2020-10-21 01:57:02.729623+00	f	ashishkumarrai			ashish.kumar@denselight.com	f	t	2020-08-16 23:21:18.967313+00
270	pbkdf2_sha256$216000$3UrAKLX7yonP$1DUNWtdOYQ7pwHq7hbsOxBb2ZNPPhZtO5uXw+MCYatg=	2020-11-26 17:08:42.331211+00	f	sungping-chun			pc.sung@denselight.com	f	t	2020-08-16 23:21:22.603296+00
285	pbkdf2_sha256$180000$dNauOorZjhMR$ADtddsOfIpV3kgWDkK40bbOfhLXWTuOHkeX3urwhydg=	2020-10-27 07:08:01.124182+00	f	chuanye			ye.chuan@denselight.com	f	t	2020-08-16 23:21:25.36653+00
271	pbkdf2_sha256$216000$NXrDyFB1oPfp$30t+PSYHPyIY78p7qlYjeyudPlfvB7AGqsoDqlL+Fu4=	2020-12-07 17:18:45.363177+00	f	yaorushengray			rsyao@denselight.com	f	t	2020-08-16 23:21:22.786425+00
284	pbkdf2_sha256$216000$1FSaEd7YdNYO$9MSHF22g+MNvuXKXOM/R1AU1m+mPDuUPWykqQhHqGRg=	2020-12-07 07:24:14.936518+00	f	chuayuxiang			yxchua@denselight.com	f	t	2020-08-16 23:21:25.174685+00
267	pbkdf2_sha256$180000$yFxjcSn8DBen$kZ4lI1FVSa+/xxdcoQdDnMIqDis5B7jj/IWfQIzrtII=	2020-11-19 14:06:07.325431+00	f	nguyenxuansang			xuansang.nguyen@denselight.com	f	t	2020-08-16 23:21:22.061527+00
247	pbkdf2_sha256$216000$hP5zgM5AE1A1$8dvw8RdwkdQpxAWGrydiqgFNC3azqdcKiIswNnNcBI4=	2020-11-29 19:12:49.386111+00	f	andypiper			andy.piper@denselight.com	f	t	2020-08-16 23:21:18.399395+00
263	pbkdf2_sha256$180000$UaDUD0usDfl3$k8XrE5w7sIe4mze21ZgnSVXmn8iTOBZzMqg4ij4ntW4=	2020-10-09 10:52:11.977314+00	f	leechewbeng			robin.lee@denselight.com	f	t	2020-08-16 23:21:21.351657+00
269	pbkdf2_sha256$216000$61k7Crkd3dla$d/BYjoXSBm5MgBixHl848DWY5VgpeZP0nVBTC/iLn6g=	2020-11-29 16:03:55.457898+00	f	somasankaran			soma.sankaran@denselight.com	f	t	2020-08-16 23:21:22.420776+00
265	pbkdf2_sha256$216000$Vsq0FsyU7fSL$V0JzS+c9s8tIa+eWBc3fwCDG0RIHul39OsVwVXpp59w=	2020-12-02 06:42:05.970919+00	f	mali			jacquelyn.ma@denselight.com	f	t	2020-08-16 23:21:21.704742+00
258	pbkdf2_sha256$180000$9RHU6AqNmzfs$baxaQuzCDXFC792AumHG7ZnmRxCsaoELmWD+H/fDkWA=	2020-10-13 05:12:39.280633+00	f	hoganroystonhugh			hogan.hugh@denselight.com	f	t	2020-08-16 23:21:20.434171+00
268	pbkdf2_sha256$180000$MQFzvypNtHqT$d2b7jQpVR3NtsrekRbbFi6UjpfpAsyr8zD2lLReXN+M=	2020-10-19 05:31:08.101161+00	f	ryanstephen			ryan.stephen@denselight.com	f	t	2020-08-16 23:21:22.237813+00
274	pbkdf2_sha256$180000$81ZRgULh7MUe$4a+9Lug43PkxBdwyBrTmO1Z5/8dOJbpf9zOBENY+478=	2020-10-13 13:24:43.471767+00	f	arbizcarlankyleortega			carlan.arbiz@denselight.com	f	t	2020-08-16 23:21:23.339027+00
1	pbkdf2_sha256$216000$fB3oJlxx8Pob$VKmju/R9rFWSI88qMX9iyUhKGp5Rzej0z9ibOCnNWhc=	2020-12-04 07:49:48.297383+00	t	hunetadmin1			Denselight_epmp@consulthunet.com	t	t	2020-08-10 07:17:17+00
248	pbkdf2_sha256$180000$Qn1RyOzEEMA9$YoP69GjSkJoZDYUA+w51RaDeguAFdHkgCUmzsSLVZ6E=	2020-10-30 01:19:50.23244+00	f	kaderkamal			kamal.kader@denselight.com	f	t	2020-08-16 23:21:18.580047+00
292	pbkdf2_sha256$180000$YLSXmS8eV7mi$G9ovm3alSGNb0oFDm5cNdDUBBsNyW5MREOw42VrG5gk=	\N	f	fengyingxue			571055970@qq.com	f	t	2020-08-16 23:21:26.668405+00
293	pbkdf2_sha256$180000$6s9VrNfAdPF5$yZjkLRFuyGuu5LT4KOcTte5EOWFCL7e0m2s0k/PDkAM=	\N	f	ferraragiovanni			giovanni.ferrara@denselight.com	f	t	2020-08-16 23:21:26.861059+00
294	pbkdf2_sha256$180000$HBWk4jU2wLXz$8rBazbHts0fP7Vd2UU1OtOE0T7mCVQY82TP4DG0riuo=	\N	f	hoxhinweisusan			susan.ho@denselight.com	f	t	2020-08-16 23:21:27.041747+00
298	pbkdf2_sha256$180000$Nw0SQgrc55dC$INUL6jg5OJPwUW1we5YHEXrclVApVbjAN5OjPyKMKYE=	\N	f	huangping			260857989@qq.com	f	t	2020-08-16 23:21:27.779048+00
306	pbkdf2_sha256$180000$vqVLTqGUeN4G$JUpg21NxLcpVpm0fzuPDth2fa5aKWfJrRffMnlJyi9s=	\N	f	leeyunsian			lys.199810@gmail.com	f	t	2020-08-16 23:21:29.270697+00
308	pbkdf2_sha256$180000$B3fA2hTWopUJ$eUMFhw8y/cJuR5De5R1O3EGKVwDnEr+js3JYvLXPIaw=	\N	f	limchiewkeat			chiewkeat.lim@denselight.com	f	t	2020-08-16 23:21:29.635616+00
316	pbkdf2_sha256$180000$LrrDNn229zb9$kpH0Zw4NA4sXvLE5c0qDRyP5hIqT7z7Mzrztrd/kQdE=	\N	f	ongrongfeng			goodshowluo@gmail.com	f	t	2020-08-16 23:21:31.153209+00
318	pbkdf2_sha256$180000$jyDiSGthNKk0$C1uOacDEndnFUcD0IHFMrX8+VH/s4CPsT2DcF/eTgBg=	\N	f	raguvaransubramaniam			ragucr9403@gmail.com	f	t	2020-08-16 23:21:31.530264+00
327	pbkdf2_sha256$180000$lNLkH2V5rh5i$jKX2WnNLpqwHZLWo/f+xcErp6GyRHEUDjleh+gTk7yU=	\N	f	sriiswirasrikumar			srieshwergunasegaram@gmail.com	f	t	2020-08-16 23:21:33.170076+00
330	pbkdf2_sha256$180000$zBZkc6AdTUZj$n8a9fkpjgUiHkNO6aRPrwqDnjxAZFuuxqnGWmDpEgUM=	\N	f	tanchinwun			chin2005@hotmail.com	f	t	2020-08-16 23:21:33.7183+00
333	pbkdf2_sha256$180000$GakhoMRfsCQs$UgCJTAVIl5lUtRKm/OrzCudTIC1gIUthgI7wCu2vKas=	\N	f	tangchaiyee			chaiyee1103@hotmail.com	f	t	2020-08-16 23:21:34.292624+00
335	pbkdf2_sha256$180000$dC2yOcD1Zbow$UvtVYA/UA/DhZlw9nwksqT+3hndxqYZHIawvy57eZu0=	\N	f	tehweijoe			joeyteh99@gmail.com	f	t	2020-08-16 23:21:34.664201+00
290	pbkdf2_sha256$180000$8uY6YKtNiATE$lxLixLFnpDlICoGCVP/Nk6eXDnkzxHcikmd6Kj5f2J0=	2020-10-12 08:48:24.122015+00	f	fairozahamed			fairoz.ahamed@denselight.com	f	t	2020-08-16 23:21:26.300018+00
325	pbkdf2_sha256$180000$EvMfIlGIIE4h$ZlkgDNVCyp+5dv3omi6UwejhUMXPl8J7KYl3nPe93Ik=	2020-11-02 02:38:02.503267+00	f	simhonyuenaaron			hysim@denselight.com	f	t	2020-08-16 23:21:32.796744+00
300	pbkdf2_sha256$180000$k3YyMBThWtsP$PtPTLT7QTqKAMmtFegXmJjyabgMixVxwiTp55YH1k6A=	2020-10-13 07:53:19.575425+00	f	jiaqingwen			qingwen.jia@denselight.com	f	t	2020-08-16 23:21:28.169562+00
322	pbkdf2_sha256$216000$AEN61wpxU1yR$sFVmtSWrRG4fsY7qNrqrt6w1Ib4Agv272MQm+6FZzuY=	\N	f	robiahbtemohamedtahir			layhoon.lee@denselight.com	f	t	2020-08-16 23:21:32.245931+00
317	pbkdf2_sha256$180000$5ynuuQmb66D3$YT5NrFzoxB602O1BsyY2W8ra+2O/gtawGhAGJ/D/Jkw=	2020-09-30 08:22:19.411355+00	f	perumanaillomnarayanankuttyumadevi			umadevi@denselight.com	f	t	2020-08-16 23:21:31.343056+00
304	pbkdf2_sha256$180000$VRzW3euQuO0q$0cZ2wgOHjHV8l+MuHPDRoGNm1fjJxOSgZH1od8dcda0=	2020-09-16 10:42:11.373234+00	f	kohlongcheng			lckoh@denselight.com	f	t	2020-08-16 23:21:28.909938+00
313	pbkdf2_sha256$180000$SMYnSY06t3Wo$32S/TH1bisLqzrKNTqv2eI2bI2kpqcypBUPx0NSj/7g=	2020-09-28 04:06:57.189693+00	f	ngyeneng			cassandra.ng@denselight.com	f	t	2020-08-16 23:21:30.578867+00
332	pbkdf2_sha256$180000$YVn4OgVDemzA$JA7hDkFBhW2wehiq+3Lc2InbOYBralNZYCebf/zFiKI=	2020-10-20 11:23:27.337159+00	f	tansoohweejaslyn			jaslyn.tan@denselight.com	f	t	2020-08-16 23:21:34.0995+00
299	pbkdf2_sha256$180000$UBQgbqZiOHCZ$uS26eOPvFW+p88pEWZjUBv2UzZTB8cp8Z1QJoO5nZc8=	2020-09-29 03:14:25.525652+00	f	huangshenghe			simon.huang@denselight.com	f	t	2020-08-16 23:21:27.969447+00
302	pbkdf2_sha256$180000$IpLUfLFYhbib$WKpnt+w1KzejZufde5mUDD66bSfrjn56GYbro1bjWa4=	2020-09-29 05:53:32.366644+00	f	kangkoksengmichael			michael.kang@denselight.com	f	t	2020-08-16 23:21:28.536611+00
331	pbkdf2_sha256$216000$CmiR6S01GrfE$H5CZmfW5TFiI4/I6HEDwu+QC0McgKmBemUuR6apEdww=	2020-12-02 06:34:31.274155+00	f	tanpohgeksharon			sharon.tan@denselight.com	f	t	2020-08-16 23:21:33.914561+00
319	pbkdf2_sha256$180000$lDk823l6N8II$Evhg78WsK43CTTZ5thYsGGZ7m4Xf+n3ApfeI2rlKzvo=	2020-10-09 09:33:11.398021+00	f	rasuribintirazali			rasuri.razali@denselight.com	f	t	2020-08-16 23:21:31.709968+00
309	pbkdf2_sha256$180000$ShNhL8K3hv34$XF7V0hILKM4h3gKFUYjY3jF4AmD+76kGIBzXdKxEwFc=	2020-10-20 05:29:02.2065+00	f	limkhaiteng			kt.lim@denselight.com	f	t	2020-08-16 23:21:29.838296+00
334	pbkdf2_sha256$180000$x2waa4NIQh32$xsotK1pvckLoyeWZxfqEgoxXWJryu2HVcfWIGoQmXQg=	2020-09-24 06:17:53.747586+00	f	taykaymengandrew			andrew.tay@denselight.com	f	t	2020-08-16 23:21:34.484663+00
323	pbkdf2_sha256$180000$dQJRnv5JFWGE$8LDUXi1wWXD33pgA2vmPotHAm+8paC2fyFDEJ4ltBII=	2020-10-19 03:44:23.598678+00	f	ronaldomapotelacopia			ronaldo.mapote@denselight.com	f	t	2020-08-16 23:21:32.42517+00
310	pbkdf2_sha256$180000$bvhAvTLofC9Z$+S2Qh+/y+29DQoFVEqbCkUqRdTgrBPUlDoI0lG4xJzg=	2020-10-07 00:02:23.151901+00	f	lohterhoe			isaac.loh@denselight.com	f	t	2020-08-16 23:21:30.019233+00
296	pbkdf2_sha256$180000$iCbuqA4DW0QL$h5A4FLDYBfLHy1Wy6IhWyvn/8vAsUnvZ7g8M78iRKlQ=	2020-09-26 02:47:14.759278+00	f	houjiantao			jiantao.hou@denselight.com	f	t	2020-08-16 23:21:27.412711+00
307	pbkdf2_sha256$180000$WF9aiXqlJJpQ$HSgEmq/tdCl2aR6+maZcHa3PGfiZXXlRduYdeh8wqVo=	2020-10-18 00:14:51.290922+00	f	liewkokwai			wesley.liew@denselight.com	f	t	2020-08-16 23:21:29+00
315	pbkdf2_sha256$180000$YNTT9bZzqbJ7$61Zz1xmvY1bfJZDbvB3XM+5uOM1+M5JttPvJdmTbi84=	2020-10-13 08:31:26.181429+00	f	noblebright			noble.bright@denselight.com	f	t	2020-08-16 23:21:30.964244+00
311	pbkdf2_sha256$180000$u2qbK0O0Evvo$+KmQkiaZQQUz7KqDg5BRQouZ+jO6zyPa53hRRB3VAa0=	2020-10-27 15:34:00.380446+00	f	madanaayush			madan.aayush@denselight.com	f	t	2020-08-16 23:21:30.204402+00
297	pbkdf2_sha256$180000$WRacVYAPf8zg$3vuVYMrpw+cMTijnP9jJ6Nhd9kVqGO4DG1jkaSS19HI=	2020-10-27 06:53:44.907245+00	f	huangling			ling.huang@denselight.com	f	t	2020-08-16 23:21:27.594508+00
291	pbkdf2_sha256$180000$wx0SlgI9N6zL$A8bd4bH/tw6ZkCMmBW42TqNnTsAj/nsC6mI6kn1zmKE=	2020-09-25 10:04:00.664986+00	f	fanlouiecanares			louie.fan@denselight.com	f	t	2020-08-16 23:21:26.488609+00
295	pbkdf2_sha256$216000$Cu3MVM5fQ692$qqWbDH/6cyiviRhEq9wNlYTK7zm3OWB6lx3SgHdrQb0=	2020-12-07 11:02:39.960004+00	f	hoeneeshiuan			nshoe@denselight.com	f	t	2020-08-16 23:21:27.225211+00
324	pbkdf2_sha256$180000$k1TGJXpSVgNY$Nsxsrz+OTK6zB4tC6ooXnP+GFiss3PSLwvLCliOLWq8=	2020-10-20 05:41:31.227344+00	f	santoshkumarpani			santosh.kumar@denselight.com	f	t	2020-08-16 23:21:32.613177+00
321	pbkdf2_sha256$216000$KQ8jbPHbWlUL$20F1fNHdFZkEYqw7abSLWzi/pfwHxMLFtVsdwdU+KxI=	2020-11-27 01:08:21.088189+00	f	reyesjimroseaddun			jim.rose@denselight.com	f	t	2020-08-16 23:21:32.066918+00
314	pbkdf2_sha256$180000$TavsUz3EoqtT$KbD5hm0AAowYlbHKOxq1ZPtTw0lau4/R6Aayg2aqe08=	2020-09-29 04:55:16.118614+00	f	nguyenvietthe			vtnguyen@denselight.com	f	t	2020-08-16 23:21:30.758764+00
303	pbkdf2_sha256$180000$DMljCXYLFqmH$o2H1HShUEhjtCbtCnvO4M2WbCaC1lLvII/iBYJWsbnw=	2020-10-10 03:20:06.826769+00	f	khizarhussankaleel			khizar@denselight.com	f	t	2020-08-16 23:21:28.723859+00
301	pbkdf2_sha256$180000$emQMoJHIyIev$2RP4vHBXb1QCuixAvadoPv//lYfvGpNifEbvCIq93K0=	2020-10-07 06:41:23.23353+00	f	juliusocadoampo			j.ampo@denselight.com	f	t	2020-08-16 23:21:28.34879+00
326	pbkdf2_sha256$180000$6giBep7OnfYQ$4V40r8N88ZEP0u3mlB5UaAI8RsSAYakgV5VM6B+C840=	2020-11-18 06:23:27.850793+00	f	sitiqadariyahbintemdyusoff			siti.q@denselight.com	f	t	2020-08-16 23:21:32.985516+00
320	pbkdf2_sha256$180000$WKD4ZWgaYKyL$wRWQ2fcuSHpYfrisNtGel/S3M1zV6MDU3N/fUlkUwsU=	2020-10-14 01:16:03.887016+00	f	rebeccalourdes			rebecca.lourdes@denselight.com	f	t	2020-08-16 23:21:31.888687+00
329	pbkdf2_sha256$216000$3B8E9tlHJCGg$C2/+Qz2NdM3E7lPJ3H539jGl+RBf+FSZD8rpg0alsuI=	2020-12-07 08:37:03.512908+00	f	syrexarcillotura			syrex@denselight.com	f	t	2020-08-16 23:21:33.535952+00
337	pbkdf2_sha256$180000$54FzYvnGzFwl$wsfmT21H6pEcU/PhuWWG8VGxIroUMgrd4mFI0UwWyco=	\N	f	wangjinhua			497814581@qq.com	f	t	2020-08-16 23:21:35.044183+00
338	pbkdf2_sha256$180000$p0CcEsNSdUpU$wTHl6l5SnUC6uL/cFtjAgTC2qnb12j3++DhE1CKUnYU=	\N	f	wangli			1275334393@qq.com	f	t	2020-08-16 23:21:35.233057+00
339	pbkdf2_sha256$180000$9FvNjlKF4f7C$aD4l+o6viVwoa95mYU0lgUKueoXWFTCa1qJ7K52ekdI=	\N	f	wangwei			939024661qq.com@gmail.com	f	t	2020-08-16 23:21:35.425922+00
340	pbkdf2_sha256$180000$UBWy2cBLWPOT$V6Lxy/d19Rv1+VFkHFhkV92g52gOzJSJqb6Gj4rj5jU=	\N	f	wangyaping			3604879607@qq.com	f	t	2020-08-16 23:21:35.631888+00
341	pbkdf2_sha256$180000$g7e7ThGGNYTv$CA4hGXPVKep58Buys8oZq9dLLr5RkUvSZ5rJyaef0/s=	\N	f	wangyueping			55320191@qq.com	f	t	2020-08-16 23:21:35.823344+00
343	pbkdf2_sha256$180000$gGOg3GQDiyVt$wTabMQybUgyIrFVqrKUzleedcBqLIu34DIH5EmQ1zBQ=	\N	f	xuqiulan			593930910@qq.com	f	t	2020-08-16 23:21:36.181407+00
344	pbkdf2_sha256$180000$dN29d3VJGCND$sJV6bTireO1T6Ogg2ayu3jWK//TKdDtK1KNEwQkgOX0=	\N	f	yangfeng			63939234@qq.com	f	t	2020-08-16 23:21:36.364325+00
345	pbkdf2_sha256$180000$RtVqq80Xpef2$ptb5w2jgQQpPJmD/gs/HF+0duY01mYdWzfv3B/+IS+s=	\N	f	yangting			181479069@qq.com	f	t	2020-08-16 23:21:36.542818+00
347	pbkdf2_sha256$180000$EInlclzKWSdr$XiBN3iLfBICq8VXKKBxg1Cq1XaP1e0bcekjiPVhKWuM=	\N	f	yumiao			49504145@qq.com	f	t	2020-08-16 23:21:36.920065+00
348	pbkdf2_sha256$180000$628aOClD5SUh$1V/KBudXjCTDyL6i+doRIxWEz7pKRN5YhOvQZeYXuk0=	\N	f	zhangqing			2214776521@qq.com	f	t	2020-08-16 23:21:37.108985+00
350	pbkdf2_sha256$180000$l9AwTscJ4wea$Tcm/yPF1+J0DCLmRGy10CFNfqCBlHOrR9pw5HEK0c1s=	\N	f	zhengcaili			825995920@qq.com	f	t	2020-08-16 23:21:37.481706+00
351	pbkdf2_sha256$180000$KlNdEhFdw7tf$pDlFNLQo9VPhtqFPzuF2s7wN4FveKhAM3MJLPmKhBlo=	\N	f	zhengshaoqin			1004548688@qq.com	f	t	2020-08-16 23:21:37.663083+00
352	pbkdf2_sha256$180000$mmVe83mCLpvm$QHXw4+56Zjpjq3e7RivXko/X286aCpa61m1yk6UKPck=	\N	f	zhongxiangzhu			490639724@qq.com	f	t	2020-08-16 23:21:37.84057+00
305	pbkdf2_sha256$216000$7WJ7COiyxdi3$6DBPtRj7dcrnhtrdZA2bnwC8mmYi10F8KKCmDBq5txI=	2020-12-04 07:53:44.450656+00	f	leelayhoon			layhoon.lee@denselight.com	f	t	2020-08-16 23:21:29+00
272	pbkdf2_sha256$180000$Kg5vyA4NtNNw$6kxA7OB72DsZn1vl3yagMZQy4ok4OxJo56Wg+qRJZks=	2020-10-14 05:13:15.249168+00	f	abdulhameedbinramadhan			hameed.ramadhan@denselight.com	f	t	2020-08-16 23:21:22.965977+00
349	pbkdf2_sha256$180000$QUwQfrpqG6S2$KKy7wiXrCp+eQjsro1k/0behu7hde0KAIG9j22MOfks=	2020-09-10 05:47:29.130126+00	f	zhaohanxuekelly			hanxue.zhao@denselight.com	f	t	2020-08-16 23:21:37.292888+00
328	pbkdf2_sha256$180000$JGj862p1Jz7I$x88nicSdJdj/M9wZK02uhIlo8Q396OoMm7ymVjO0S7s=	2020-10-07 06:46:54.08262+00	f	sundararajsivaramalingam			sundararaj.siva@denselight.com	f	t	2020-08-16 23:21:33+00
336	pbkdf2_sha256$180000$BiUi1gUULYQN$ISHZyzpnFObcj9/yLbw46wTLjEOmmct6RW+v6dmXzRw=	2020-10-15 08:24:24.032172+00	f	vaithiyalingamhari			hari.v@denselight.com	f	t	2020-08-16 23:21:34+00
260	pbkdf2_sha256$180000$L4AgyCQgXcw2$paGfY49AVer5gxumZAoJXaDpZqpEFuxDhVJwEAse+9I=	2020-11-10 02:53:02.053122+00	f	kayyewsenganthony			anthonyk@denselight.com	f	t	2020-08-16 23:21:20+00
365	pbkdf2_sha256$216000$0umOo2raU0zv$CWfGYxMCWJdaf/sCnFxm74aUh+R+dEmkdjiqIoQq6jE=	2020-12-01 14:01:54.503655+00	f	managertest			managertest@email.com	f	t	2020-11-02 04:25:34+00
364	pbkdf2_sha256$216000$dDCvoCd5pP3R$iN7/fGczS2S9mltppOEfEU91s6JwDCBUTtGjBWXcl4w=	2020-12-01 14:05:18.05102+00	f	usertest			usertest@email.com	f	t	2020-11-02 04:24:00.951896+00
342	pbkdf2_sha256$216000$IyixGC47Bfpk$0LBTiyDCYpBJVAhUarnGc/xYA7CQZHQxL5qEd+11pVw=	2020-12-03 02:15:41.639699+00	f	wongzuxingkeith			keith.wong@denselight.com	f	t	2020-08-16 23:21:36.000247+00
346	pbkdf2_sha256$180000$q0ei65I97mfJ$GR85T6RKD/ZaLR0faiY+LrlybC5O1RFkO1HcxkFoT/M=	2020-10-23 02:32:31.094902+00	f	yeoaudieadam			audie.yeo@denselight.com	f	t	2020-08-16 23:21:36.725915+00
367	pbkdf2_sha256$216000$YFQPcvw8OUCx$Jq7lIGWnDoEh4iEmKVsVJqgqSBI/Thtt11QSkAMc264=	2020-12-01 13:37:53.610525+00	f	usertest2				f	t	2020-11-18 11:57:52.163035+00
353	pbkdf2_sha256$180000$YHUaAqX4jgOd$VTu0X3z9BwU4VXOjjp2gVS9aazISAA/83bfqJOoZuJM=	2020-10-26 09:34:41.593311+00	f	alextanteckhowe			alex.tan@denselight.com	f	t	2020-08-16 23:21:38+00
357	pbkdf2_sha256$180000$FegQWRI6eYdI$IcJHFKz18oJ9knBIxkwn/Oel2TkQUvNKGqdv4WxHbM4=	2020-10-14 02:05:21.706639+00	f	muhammadzuhdi			mzuhdi@denselight.com	f	t	2020-08-19 08:10:59+00
312	pbkdf2_sha256$216000$F0SGrwVoO08h$z4KGzjLU5/T5/kDmez9gXz1S0TZsdDDJHKfX3C1MLbE=	2020-12-03 02:21:22.373997+00	f	maumitachakrabarti			maumita.chakrabarti@denselight.com	f	t	2020-08-16 23:21:30.384916+00
368	pbkdf2_sha256$216000$0U9LI0GZ9lre$pK2sevAXjHTlKP1TIGA1kXPyDCLJ6i9+tJujjgkZMMU=	\N	f	aditya			goog@gmail.com	f	t	2020-11-24 17:49:41.907653+00
\.


--
-- Data for Name: auth_user_groups; Type: TABLE DATA; Schema: public; Owner: benny6789
--

COPY public.auth_user_groups (id, user_id, group_id) FROM stdin;
131	246	5
132	247	5
136	251	5
137	252	5
138	253	5
139	254	5
140	255	5
141	256	5
142	257	1
143	258	5
144	259	5
145	261	5
146	262	5
147	263	5
148	264	5
150	266	5
151	267	5
152	268	5
153	269	5
154	270	5
156	272	3
157	273	3
158	274	3
159	275	3
160	277	3
161	278	3
162	280	3
163	281	3
164	282	3
165	283	3
166	284	3
167	285	3
168	286	3
169	287	3
170	288	3
171	289	3
172	290	3
173	291	3
174	292	3
175	293	3
176	294	3
177	295	3
178	296	3
179	297	3
180	298	3
181	299	3
182	300	3
183	301	3
184	302	3
185	303	3
186	304	3
188	306	3
189	308	3
190	309	3
191	310	3
192	311	3
194	313	3
195	314	3
196	315	3
197	316	3
198	317	3
199	318	3
200	319	3
201	320	3
202	321	3
203	322	3
204	323	3
205	324	3
206	325	3
207	326	3
208	327	3
209	329	3
210	330	3
211	331	3
212	332	3
213	333	3
214	334	3
215	335	3
216	337	3
217	338	3
218	339	3
219	340	3
220	341	3
221	342	3
222	343	3
223	344	3
224	345	3
225	346	3
226	347	3
227	348	3
228	349	3
229	350	3
230	351	3
231	352	3
233	260	5
234	279	3
238	353	2
239	305	2
243	357	3
252	307	3
253	312	5
254	1	2
255	336	3
256	276	3
257	328	3
258	271	5
259	248	5
260	249	5
261	265	5
262	250	5
264	365	1
267	364	3
268	368	3
\.


--
-- Data for Name: auth_user_user_permissions; Type: TABLE DATA; Schema: public; Owner: benny6789
--

COPY public.auth_user_user_permissions (id, user_id, permission_id) FROM stdin;
1	1	1
2	1	2
3	1	3
4	1	4
5	1	5
6	1	6
7	1	7
8	1	8
9	1	9
10	1	10
11	1	11
12	1	12
13	1	13
14	1	14
15	1	15
16	1	16
17	1	17
18	1	18
19	1	19
20	1	20
21	1	21
22	1	22
23	1	23
24	1	24
25	1	25
26	1	26
27	1	27
28	1	28
29	1	29
30	1	30
31	1	31
32	1	32
33	1	33
34	1	34
35	1	35
36	1	36
37	1	37
38	1	38
39	1	39
40	1	40
41	1	41
42	1	42
43	1	43
44	1	44
45	1	45
46	1	46
47	1	47
48	1	48
49	1	49
50	1	50
51	1	51
52	1	52
53	1	53
54	1	54
55	1	55
56	1	56
57	1	57
58	1	58
59	1	59
60	1	60
61	1	61
62	1	62
63	1	63
64	1	64
65	1	65
66	1	66
67	1	67
68	1	68
69	1	69
70	1	70
71	1	71
72	1	72
73	1	73
74	1	74
75	1	75
76	1	76
77	1	77
78	1	78
79	1	79
80	1	80
81	1	81
82	1	82
83	1	83
84	1	84
85	1	85
86	1	86
87	1	87
88	1	88
89	1	89
90	1	90
91	1	91
92	1	92
93	1	93
94	1	94
95	1	95
96	1	96
97	1	97
98	1	98
99	1	99
100	1	100
101	1	101
102	1	102
103	1	103
104	1	104
105	1	105
106	1	106
107	1	107
108	1	108
109	1	109
110	1	110
111	1	111
112	1	112
113	1	113
114	1	114
115	1	115
116	1	116
117	1	117
118	1	118
119	1	119
120	1	120
121	1	121
122	1	122
123	1	123
124	1	124
125	1	125
126	1	126
127	1	127
128	1	128
129	1	129
130	1	130
131	1	131
132	1	132
133	1	133
134	1	134
135	1	135
136	1	136
137	1	137
138	1	138
139	1	139
140	1	140
141	1	141
142	1	142
143	1	143
144	1	144
145	1	145
146	1	146
147	1	147
148	1	148
149	1	149
150	1	150
151	1	151
152	1	152
\.


--
-- Data for Name: django_admin_log; Type: TABLE DATA; Schema: public; Owner: benny6789
--

COPY public.django_admin_log (id, action_time, object_id, object_repr, action_flag, change_message, content_type_id, user_id) FROM stdin;
1	2020-08-10 08:33:56.517036+00	1	IT	1	[{"added": {}}]	18	1
2	2020-08-10 08:34:36.77934+00	1	Teo Ming Huang	1	[{"added": {}}]	20	1
3	2020-08-10 08:34:49.122494+00	1	Employee	1	[{"added": {}}]	3	1
4	2020-08-10 08:34:52.479035+00	1	Manager	2	[{"changed": {"fields": ["Name"]}}]	3	1
5	2020-08-10 08:34:54.563053+00	1	HR	2	[{"changed": {"fields": ["Name"]}}]	3	1
6	2020-08-10 08:35:00.35549+00	1	HR manager	2	[{"changed": {"fields": ["Name"]}}]	3	1
7	2020-08-10 08:35:12.384006+00	2	HR	1	[{"added": {}}]	3	1
8	2020-08-10 08:35:17.510501+00	3	Employee	1	[{"added": {}}]	3	1
9	2020-08-10 08:35:20.796164+00	4	Manager	1	[{"added": {}}]	3	1
10	2020-08-10 08:35:29.629436+00	4	Manager	3		3	1
11	2020-08-10 08:35:33.758166+00	5	Manager	1	[{"added": {}}]	3	1
12	2020-08-10 08:35:45.369538+00	1	HR manager	2	[{"changed": {"fields": ["Permissions"]}}]	3	1
13	2020-08-10 08:35:50.617347+00	2	HR	2	[{"changed": {"fields": ["Permissions"]}}]	3	1
14	2020-08-10 08:36:01.913855+00	1	minghuang: bennyteomh@hotmail.com	2	[{"changed": {"fields": ["Groups"]}}]	4	1
15	2020-08-10 08:36:11.725831+00	1	minghuang: bennyteomh@hotmail.com	2	[{"changed": {"fields": ["User permissions"]}}]	4	1
16	2020-08-10 08:36:48.64893+00	1	minghuang: bennyteomh@hotmail.com	2	[{"changed": {"fields": ["Groups"]}}]	4	1
17	2020-08-10 08:37:46.858284+00	1	minghuang: bennyteomh@hotmail.com	2	[{"changed": {"fields": ["Groups"]}}]	4	1
18	2020-08-10 18:40:30.454878+00	1	Teo Ming Huang	2	[{"changed": {"fields": ["Profile Picture"]}}]	20	1
19	2020-08-10 21:34:11.511811+00	1	Customer focused - Demonstrate commitment to put customers first by striving to provide them with superior innovative products and continuously improve on quality	1	[{"added": {}}]	8	1
20	2020-08-10 21:34:20.327974+00	2	Commitment to You - Committed to achieve excellence by doing what was said, behaving with integrity at all times and always upholding the ethical standards of the company. Employees show respect to on	1	[{"added": {}}]	8	1
21	2020-08-10 21:34:28.981122+00	3	Integrity with Passion & Tenacity - Take pride in every job assigned by displaying highest level of honesty and openness. Cultivates entrepreneurial drive as a means to remain flexible, agile and will	1	[{"added": {}}]	8	1
22	2020-08-10 21:34:48.741366+00	4	People Development (For Leaders) - Ability to transfer expertise and build the long-term leadership capability of others by teaching, coaching and/or mentoring	1	[{"added": {}}]	8	1
23	2020-08-10 21:35:07.762254+00	5	Demonstrate Leadership (For Leaders) - Ensures that the team is focused, motivated and inspired to achieve organizational objectives	1	[{"added": {}}]	8	1
24	2020-08-10 21:35:32.138778+00	1	Business & Financial	1	[{"added": {}}]	10	1
25	2020-08-10 21:35:37.364985+00	1	Customer Engagement	2	[{"changed": {"fields": ["Name"]}}]	10	1
26	2020-08-10 21:35:40.469421+00	2	Customer Engagement	1	[{"added": {}}]	10	1
27	2020-08-10 21:35:47.578744+00	3	New Product Introduction	1	[{"added": {}}]	10	1
28	2020-08-10 21:35:52.299857+00	4	Operation Efficiency/Cost Reduction	1	[{"added": {}}]	10	1
29	2020-08-10 21:35:56.036941+00	5	Organization Effectivness	1	[{"added": {}}]	10	1
30	2020-08-10 21:35:59.502664+00	6	Others	1	[{"added": {}}]	10	1
31	2020-08-10 21:36:54.439955+00	1	Accounting Standards	1	[{"added": {}}]	22	1
32	2020-08-10 21:37:01.181478+00	2	Accounting and Tax Systems	1	[{"added": {}}]	22	1
33	2020-08-10 21:37:04.944152+00	3	Audit Compliance	1	[{"added": {}}]	22	1
34	2020-08-10 21:37:09.538966+00	4	Audit Management	1	[{"added": {}}]	22	1
35	2020-08-10 21:37:15.281724+00	5	Automated Operation Monitoring	1	[{"added": {}}]	22	1
36	2020-08-10 21:37:22.935124+00	6	Automated Systems Design	1	[{"added": {}}]	22	1
37	2020-08-10 21:37:27.376201+00	7	Automation Process Control	1	[{"added": {}}]	22	1
38	2020-08-10 21:37:35.172647+00	8	Automation System Maintenance	1	[{"added": {}}]	22	1
39	2020-08-10 21:37:43.160234+00	9	Business Continuity Planning	1	[{"added": {}}]	22	1
40	2020-08-10 21:37:46.196933+00	10	Business Acumen	1	[{"added": {}}]	22	1
41	2020-08-10 21:37:54.59338+00	11	Business Innovation and Improvement	1	[{"added": {}}]	22	1
42	2020-08-10 21:38:00.210581+00	12	Business Negotiation	1	[{"added": {}}]	22	1
43	2020-08-10 21:38:05.164496+00	13	Business Networking	1	[{"added": {}}]	22	1
44	2020-08-10 21:38:12.174052+00	14	Business Operation Development	1	[{"added": {}}]	22	1
45	2020-08-10 21:38:18.336831+00	15	Business Performance Management	1	[{"added": {}}]	22	1
46	2020-08-10 21:38:26.44895+00	16	Business Planning	1	[{"added": {}}]	22	1
47	2020-08-10 21:38:37.218786+00	17	Business Presentation Delivery	1	[{"added": {}}]	22	1
48	2020-08-10 21:38:41.836239+00	18	Change Management	1	[{"added": {}}]	22	1
49	2020-08-10 21:38:44.786107+00	19	Communication	1	[{"added": {}}]	22	1
50	2020-08-10 21:38:50.503402+00	20	Compensation & Benefits Management	1	[{"added": {}}]	22	1
51	2020-08-10 21:38:57.210872+00	21	Conduct and Behaviour Management	1	[{"added": {}}]	22	1
52	2020-08-10 21:39:01.857763+00	22	Conflict Management	1	[{"added": {}}]	22	1
53	2020-08-10 21:39:10.67907+00	23	Continuous Process Improvement	1	[{"added": {}}]	22	1
54	2020-08-10 21:39:24.435458+00	24	Cost Management	1	[{"added": {}}]	22	1
55	2020-08-10 21:39:27.641444+00	25	Creative Thinking	1	[{"added": {}}]	22	1
56	2020-08-10 21:39:33.193194+00	26	Crisis Situations Management	1	[{"added": {}}]	22	1
57	2020-08-10 21:39:40.697365+00	27	Customer Acquisition Management	1	[{"added": {}}]	22	1
58	2020-08-10 21:39:46.828579+00	28	Customer Experience Management	1	[{"added": {}}]	22	1
59	2020-08-10 21:39:58.311558+00	29	Customer Relationship Management	1	[{"added": {}}]	22	1
60	2020-08-10 21:40:05.012641+00	30	Cybersecurity	1	[{"added": {}}]	22	1
61	2020-08-10 21:40:13.845271+00	31	Data Analytics System Design	1	[{"added": {}}]	22	1
62	2020-08-10 21:40:29.530865+00	32	Data Mining and Modeling	1	[{"added": {}}]	22	1
63	2020-08-10 21:40:33.427156+00	33	Data Synthesis	1	[{"added": {}}]	22	1
64	2020-08-10 21:40:37.447132+00	34	Decision Making	1	[{"added": {}}]	22	1
65	2020-08-10 21:40:43.10568+00	35	Defect Density Monitoring	1	[{"added": {}}]	22	1
66	2020-08-10 21:40:47.256699+00	36	Digital Literacy	1	[{"added": {}}]	22	1
67	2020-08-10 21:40:53.488391+00	37	Diversity and Inclusion Management	1	[{"added": {}}]	22	1
68	2020-08-10 21:40:58.54424+00	38	Effectiveness Management	1	[{"added": {}}]	22	1
69	2020-08-10 21:41:05.444134+00	39	Electrostatic Discharge Control	1	[{"added": {}}]	22	1
70	2020-08-10 21:41:12.0135+00	40	Embedded Systems Integration	1	[{"added": {}}]	22	1
71	2020-08-10 21:41:21.982518+00	41	Employee Communication Management	1	[{"added": {}}]	22	1
72	2020-08-10 21:41:30.224744+00	42	Employee Engagement Management	1	[{"added": {}}]	22	1
73	2020-08-10 21:41:35.626485+00	43	Emergency Management	1	[{"added": {}}]	22	1
74	2020-08-10 21:41:39.560453+00	44	Employer Branding	1	[{"added": {}}]	22	1
75	2020-08-10 21:42:01.082459+00	45	Enterprise Risk Management	1	[{"added": {}}]	22	1
76	2020-08-10 21:42:06.009223+00	46	Equipment Maintenance	1	[{"added": {}}]	22	1
77	2020-08-10 21:42:11.578216+00	47	Facilities Management	1	[{"added": {}}]	22	1
78	2020-08-10 21:42:17.335277+00	48	Factory Systems Management	1	[{"added": {}}]	22	1
79	2020-08-10 21:42:23.531978+00	49	Failure Analysis	1	[{"added": {}}]	22	1
80	2020-08-10 21:42:27.137383+00	50	Financial Acumen	1	[{"added": {}}]	22	1
81	2020-08-10 21:42:34.231606+00	51	Financial Closing	1	[{"added": {}}]	22	1
82	2020-08-10 21:42:37.736976+00	52	Financial Management	1	[{"added": {}}]	22	1
83	2020-08-10 21:42:41.648992+00	53	Financial Reporting	1	[{"added": {}}]	22	1
84	2020-08-10 21:42:49.0633+00	54	Financial transactions	1	[{"added": {}}]	22	1
85	2020-08-10 21:42:53.927506+00	55	Global Mindset	1	[{"added": {}}]	22	1
86	2020-08-10 21:43:03.370102+00	56	Good Manufacturing Practices Implementation	1	[{"added": {}}]	22	1
87	2020-08-10 21:43:17.40396+00	57	Group Accounting & Consolidation	1	[{"added": {}}]	22	1
88	2020-08-10 21:43:29.619924+00	58	Hazards & Risk Control	1	[{"added": {}}]	22	1
89	2020-08-10 21:43:36.606026+00	59	Human Resource Advisory	1	[{"added": {}}]	22	1
90	2020-08-10 21:43:43.430454+00	60	Human Resource Practices Implementation	1	[{"added": {}}]	22	1
91	2020-08-10 21:43:52.796662+00	61	Human Resource Systems Management	1	[{"added": {}}]	22	1
92	2020-08-10 21:44:05.148954+00	62	Infocom Technology Adoption and Innovation	1	[{"added": {}}]	22	1
93	2020-08-10 21:44:10.525617+00	63	Information Systems	1	[{"added": {}}]	22	1
94	2020-08-10 21:44:15.757864+00	64	Infrastructure Support	1	[{"added": {}}]	22	1
95	2020-08-10 21:44:24.723671+00	65	Installing & Configuring	1	[{"added": {}}]	22	1
96	2020-08-10 21:44:31.592291+00	66	Innovation Management	1	[{"added": {}}]	22	1
97	2020-08-10 21:44:34.892536+00	67	Internal Control	1	[{"added": {}}]	22	1
98	2020-08-10 21:44:40.205429+00	68	Involuntary Exit Management	1	[{"added": {}}]	22	1
99	2020-08-10 21:44:50.547625+00	69	Job Analysis & Evaluation	1	[{"added": {}}]	22	1
100	2020-08-10 21:45:02.608922+00	70	Labour Relations Management	1	[{"added": {}}]	22	1
101	2020-08-10 21:45:05.411165+00	71	Leadership	1	[{"added": {}}]	22	1
102	2020-08-10 21:45:11.980628+00	72	Learning & Development	1	[{"added": {}}]	22	1
103	2020-08-10 21:45:16.134596+00	73	Lifelong Learning	1	[{"added": {}}]	22	1
104	2020-08-10 21:45:22.760286+00	74	Manufacturing Process Design	1	[{"added": {}}]	22	1
105	2020-08-10 21:45:28.867535+00	75	Manufacturing Process Management	1	[{"added": {}}]	22	1
106	2020-08-10 21:45:33.614275+00	76	Market Profitting	1	[{"added": {}}]	22	1
107	2020-08-10 21:45:37.138265+00	77	Networking	1	[{"added": {}}]	22	1
108	2020-08-10 21:45:43.241894+00	78	Materials Qualification	1	[{"added": {}}]	22	1
109	2020-08-10 21:45:51.562872+00	79	Metrology Management	1	[{"added": {}}]	22	1
110	2020-08-10 21:46:00.915402+00	80	Network Administration and Maintenance	1	[{"added": {}}]	22	1
111	2020-08-10 21:46:04.47963+00	81	Network and Systems	1	[{"added": {}}]	22	1
112	2020-08-10 21:46:10.656324+00	82	New Product Introduction	1	[{"added": {}}]	22	1
113	2020-08-10 21:46:16.512323+00	83	Onboarding	1	[{"added": {}}]	22	1
114	2020-08-10 21:46:23.414457+00	84	Operational Excellence	1	[{"added": {}}]	22	1
115	2020-08-10 21:46:27.881402+00	85	Operations Management	1	[{"added": {}}]	22	1
116	2020-08-10 21:46:33.91991+00	86	Organisational Analysis	1	[{"added": {}}]	22	1
117	2020-08-10 21:46:39.707147+00	87	Organisational Change Management	1	[{"added": {}}]	22	1
118	2020-08-10 21:46:48.878173+00	88	Organisational Culture Development	1	[{"added": {}}]	22	1
119	2020-08-10 21:46:53.019851+00	89	Organisation Design	1	[{"added": {}}]	22	1
120	2020-08-10 21:47:00.882718+00	90	Organisational Strategy Development	1	[{"added": {}}]	22	1
121	2020-08-10 21:47:07.87022+00	91	Organisational Strategising	1	[{"added": {}}]	22	1
122	2020-08-10 21:47:18.662184+00	92	Parametric Testing	1	[{"added": {}}]	22	1
123	2020-08-10 21:47:25.591221+00	93	People Capability Development	1	[{"added": {}}]	22	1
124	2020-08-10 21:47:30.303659+00	94	Performance Management	1	[{"added": {}}]	22	1
125	2020-08-10 21:47:34.521163+00	95	Problem Solving	1	[{"added": {}}]	22	1
126	2020-08-10 21:47:40.87669+00	96	Process Integration	1	[{"added": {}}]	22	1
127	2020-08-10 21:47:45.936573+00	97	Procurement Management	1	[{"added": {}}]	22	1
128	2020-08-10 21:47:49.617834+00	98	Product Testing	1	[{"added": {}}]	22	1
129	2020-08-10 21:47:54.860283+00	99	Production Performance Management	1	[{"added": {}}]	22	1
130	2020-08-10 21:48:10.77096+00	100	Production Planning	1	[{"added": {}}]	22	1
131	2020-08-10 21:48:18.327746+00	101	Production Resource Management	1	[{"added": {}}]	22	1
132	2020-08-10 21:48:26.047894+00	102	Production Shut-down & Re-start	1	[{"added": {}}]	22	1
133	2020-08-10 21:48:30.936807+00	103	Project Management	1	[{"added": {}}]	22	1
134	2020-08-10 21:48:38.95101+00	104	Quality Assurance Management	1	[{"added": {}}]	22	1
135	2020-08-10 21:48:48.093548+00	105	Quality Control & Assurance	1	[{"added": {}}]	22	1
136	2020-08-10 21:49:08.561288+00	106	Quality Process Control	1	[{"added": {}}]	22	1
137	2020-08-10 21:49:16.856202+00	107	Quality Systems Management	1	[{"added": {}}]	22	1
138	2020-08-10 21:49:23.411928+00	108	Report Writing	1	[{"added": {}}]	22	1
139	2020-08-10 21:49:29.643512+00	109	R&D	1	[{"added": {}}]	22	1
140	2020-08-10 21:49:38.818025+00	110	Resource Management	1	[{"added": {}}]	22	1
141	2020-08-10 21:49:48.702293+00	111	Risk Appetite & Goals Setting	1	[{"added": {}}]	22	1
142	2020-08-10 21:49:52.441699+00	112	Sales Closure	1	[{"added": {}}]	22	1
143	2020-08-10 21:49:57.007987+00	113	Selection Management	1	[{"added": {}}]	22	1
144	2020-08-10 21:50:00.801372+00	114	Service Excellence	1	[{"added": {}}]	22	1
145	2020-08-10 21:50:03.946189+00	115	Software Testing	1	[{"added": {}}]	22	1
146	2020-08-10 21:50:06.759443+00	116	Solutioning	1	[{"added": {}}]	22	1
147	2020-08-10 21:50:13.527757+00	117	Stakeholder Management	1	[{"added": {}}]	22	1
148	2020-08-10 21:50:22.221855+00	118	Strategic Workforce Planning	1	[{"added": {}}]	22	1
149	2020-08-10 21:50:28.76507+00	119	Succession Planning	1	[{"added": {}}]	22	1
150	2020-08-10 21:50:34.909755+00	120	Supplier Performance	1	[{"added": {}}]	22	1
151	2020-08-10 21:50:38.850849+00	121	Supplier Sourcing	1	[{"added": {}}]	22	1
152	2020-08-10 21:50:43.354518+00	122	System Integration	1	[{"added": {}}]	22	1
153	2020-08-10 21:50:51.507562+00	123	Systems Thinking Application	1	[{"added": {}}]	22	1
154	2020-08-10 21:50:57.362999+00	124	Tax Computation	1	[{"added": {}}]	22	1
155	2020-08-10 21:51:02.400286+00	125	Tax Implications	1	[{"added": {}}]	22	1
156	2020-08-10 21:51:11.126576+00	126	Taxation Laws	1	[{"added": {}}]	22	1
157	2020-08-10 21:51:13.996216+00	127	Teamwork	1	[{"added": {}}]	22	1
158	2020-08-10 21:51:25.430577+00	128	Technical Presentations	1	[{"added": {}}]	22	1
159	2020-08-10 21:51:33.61857+00	129	Technology Integration	1	[{"added": {}}]	22	1
160	2020-08-10 21:51:39.934102+00	130	Technology Roadmapping	1	[{"added": {}}]	22	1
161	2020-08-10 21:51:47.071736+00	131	Total Rewards Philosophy Development	1	[{"added": {}}]	22	1
162	2020-08-10 21:51:51.728058+00	132	Transactional Accounting	1	[{"added": {}}]	22	1
163	2020-08-10 21:51:58.758761+00	133	Transdisciplinary Thinking	1	[{"added": {}}]	22	1
164	2020-08-10 21:52:01.763131+00	134	Vision Management	1	[{"added": {}}]	22	1
165	2020-08-10 21:52:10.324849+00	135	Voluntary Exit Management	1	[{"added": {}}]	22	1
166	2020-08-10 21:52:29.518968+00	136	Workplace Safety & Health Practices Implementation	1	[{"added": {}}]	22	1
167	2020-08-10 21:52:33.159539+00	137	Yield Analysis	1	[{"added": {}}]	22	1
168	2020-08-10 22:04:00.979613+00	2	rajanrajgopal: rajan@denselight.com	3		4	1
169	2020-08-10 22:04:31.002846+00	4	rajanrajgopal: rajan@denselight.com	3		4	1
170	2020-08-10 22:07:39.335826+00	5	rajanrajgopal: rajan@denselight.com	3		4	1
171	2020-08-10 22:09:47.468799+00	6	rajanrajgopal: rajan@denselight.com	3		4	1
172	2020-08-11 01:53:30.239154+00	7	rajanrajgopal: rajan@denselight.com	3		4	1
173	2020-08-11 04:32:27.624629+00	1	1st Quarter	1	[{"added": {}}]	31	1
174	2020-08-11 04:32:32.362048+00	2	2nd Quarter	1	[{"added": {}}]	31	1
175	2020-08-11 04:32:37.175811+00	3	3rd Quarter	1	[{"added": {}}]	31	1
176	2020-08-11 04:32:44.74418+00	4	4th Quarter	1	[{"added": {}}]	31	1
177	2020-08-11 04:32:48.975712+00	5	Start Of Year	1	[{"added": {}}]	31	1
178	2020-08-11 04:32:53.418308+00	6	End Of Year	1	[{"added": {}}]	31	1
179	2020-08-11 04:33:17.298277+00	1	Denselight System	1	[{"added": {}}]	34	1
180	2020-08-11 04:46:43.62837+00	8	rajanrajgopal: rajan@denselight.com	3		4	1
181	2020-08-11 04:48:01.134341+00	10	rajanrajgopal: rajan@denselight.com	3		4	1
182	2020-08-11 04:49:06.266005+00	11	rajanrajgopal: rajan@denselight.com	3		4	1
183	2020-08-11 04:49:27.876557+00	12	rajanrajgopal: rajan@denselight.com	3		4	1
184	2020-08-11 04:51:45.043476+00	13	rajanrajgopal: rajan@denselight.com	3		4	1
185	2020-08-11 04:52:44.527001+00	15	rajanrajgopal: rajan@denselight.com	3		4	1
186	2020-08-11 05:05:12.199288+00	17	rajanrajgopal: rajan@denselight.com	3		4	1
187	2020-08-11 05:07:24.245487+00	18	rajanrajgopal: rajan@denselight.com	3		4	1
188	2020-08-11 05:10:13.380185+00	20	rajanrajgopal: rajan@denselight.com	3		4	1
189	2020-08-11 05:25:17.146126+00	21	rajanrajgopal: rajan@denselight.com	3		4	1
190	2020-08-11 05:27:06.898733+00	24	rajanrajgopal: rajan@denselight.com	3		4	1
191	2020-08-11 05:35:51.061308+00	59	"cheeyoksun: 2017-07-03	3		4	1
192	2020-08-11 05:35:51.063874+00	40	"kayyewseng: 2016-07-01	3		4	1
193	2020-08-11 05:35:51.06512+00	52	abdulhameedbinramadhan: hameed.ramadhan@denselight.com	3		4	1
194	2020-08-11 05:35:51.066301+00	133	alextanteckhowe: alex.tan@denselight.com	3		4	1
195	2020-08-11 05:35:51.067498+00	27	andypiper: andy.piper@denselight.com	3		4	1
196	2020-08-11 05:35:51.068698+00	53	anghockseng: hk921004@gmail.com	3		4	1
197	2020-08-11 05:35:51.069844+00	54	arbizcarlankyleortega: carlan.arbiz@denselight.com	3		4	1
198	2020-08-11 05:35:51.07097+00	29	arcillaraymundobonusan: raymundo.arcilla@denselight.com	3		4	1
199	2020-08-11 05:35:51.072118+00	55	argabiosodanilosaplala: danilo.argabioso@denselight.com	3		4	1
200	2020-08-11 05:35:51.073197+00	30	ashishkumarrai: ashish.kumar@denselight.com	3		4	1
201	2020-08-11 05:35:51.074269+00	56	balakrishnanprabhu: balakrishnan.prabhu@denselight.com	3		4	1
202	2020-08-11 05:35:51.075388+00	31	chanborshen: bs.chan@denselight.com	3		4	1
203	2020-08-11 05:35:51.076454+00	57	changcheekiongjames: james.chang@denselight.com	3		4	1
204	2020-08-11 05:35:51.077538+00	32	chantatkhit: tatkhit.chan@denselight.com	3		4	1
205	2020-08-11 05:35:51.07862+00	33	chanyuenchuen: eycchan@denselight.com	3		4	1
206	2020-08-11 05:35:51.079777+00	58	cheahyongsean: sean.cheah@denselight.com	3		4	1
207	2020-08-11 05:35:51.080883+00	60	chenkokkiong: chenkk@denselight.com	3		4	1
208	2020-08-11 05:35:51.081958+00	61	chenyan: chen.yan@denselight.com	3		4	1
209	2020-08-11 05:35:51.083073+00	62	chewyongsheng: libra330@hotmail.com	3		4	1
210	2020-08-11 05:35:51.08421+00	63	chiahsiaoyu: xiaoyu.jia@denselight.com	3		4	1
211	2020-08-11 05:35:51.085296+00	34	chinsewei: david.chin@denselight.com	3		4	1
212	2020-08-11 05:35:51.086335+00	35	chivukulasubrahmanyam: chivukula.subbu@denselight.com	3		4	1
213	2020-08-11 05:35:51.087414+00	65	chuanye: ye.chuan@denselight.com	3		4	1
214	2020-08-11 05:35:51.088431+00	64	chuayuxiang: yxchua@denselight.com	3		4	1
215	2020-08-11 05:35:51.089469+00	66	dasalakshminarayanadheeraj: dheeraj.dasa@denselight.com	3		4	1
216	2020-08-11 05:35:51.090507+00	67	deguzmantirsocambalisa: tirso.deguzman@denselight.com	3		4	1
217	2020-08-11 05:35:51.091617+00	68	deleonalexandermamaradlo: alexander.deleon@denselight.com	3		4	1
218	2020-08-11 05:35:51.092673+00	36	dilemkareendamogo: kareen@denselight.com	3		4	1
219	2020-08-11 05:35:51.093737+00	69	eexueli: eexueli93@gmail.com	3		4	1
220	2020-08-11 05:35:51.094735+00	70	fairozahamed: fairoz.ahamed@denselight.com	3		4	1
221	2020-08-11 05:35:51.095832+00	71	fanlouiecanares: louie.fan@denselight.com	3		4	1
222	2020-08-11 05:35:51.096876+00	72	fengyingxue: 571055970@qq.com	3		4	1
223	2020-08-11 05:35:51.097886+00	73	ferraragiovanni: giovanni.ferrara@denselight.com	3		4	1
224	2020-08-11 05:35:51.098948+00	37	helenvincent: helen@denselight.com	3		4	1
225	2020-08-11 05:35:51.10003+00	75	hoeneeshiuan: nshoe@denselight.com	3		4	1
226	2020-08-11 05:35:51.101059+00	38	hoganroystonhugh: hogan.hugh@denselight.com	3		4	1
227	2020-08-11 05:35:51.102094+00	76	houjiantao: jiantao.hou@denselight.com	3		4	1
228	2020-08-11 05:35:51.103153+00	74	hoxhinwei(susan): susan.ho@denselight.com	3		4	1
229	2020-08-11 05:35:51.10423+00	77	huangling: ling.huang@denselight.com	3		4	1
230	2020-08-11 05:35:51.105261+00	78	huangping: 260857989@qq.com	3		4	1
231	2020-08-11 05:35:51.106286+00	79	huangshenghe: simon.huang@denselight.com	3		4	1
232	2020-08-11 05:35:51.107347+00	80	jiaqingwen: qingwen.jia@denselight.com	3		4	1
233	2020-08-11 05:35:51.108347+00	39	juliusbautistaebonite: julius@denselight.com	3		4	1
234	2020-08-11 05:35:51.109361+00	81	juliusocadoampo: j.ampo@denselight.com	3		4	1
235	2020-08-11 05:35:51.110434+00	28	kaderkamal: kamal.kader@denselight.com	3		4	1
236	2020-08-11 05:35:51.111813+00	82	kangkokseng(michael): michael.kang@denselight.com	3		4	1
237	2020-08-11 05:35:51.112829+00	41	kevinyangkai: kevin.yang@denselight.com	3		4	1
238	2020-08-11 05:35:51.113869+00	83	khizarhussankaleel: khizar@denselight.com	3		4	1
239	2020-08-11 05:35:51.114875+00	84	kohlongcheng: lckoh@denselight.com	3		4	1
240	2020-08-11 05:35:51.115995+00	42	lamyeeloy: yeeloy@denselight.com	3		4	1
241	2020-08-11 05:35:51.117025+00	43	leechewbeng: robin.lee@denselight.com	3		4	1
242	2020-08-11 05:35:51.118064+00	85	leelayhoon: layhoon.lee@denselight.com	3		4	1
243	2020-08-11 05:35:51.119124+00	44	leesipheng(jason): jason.lee@denselight.com	3		4	1
244	2020-08-11 05:35:51.120211+00	86	leeyunsian: lys.199810@gmail.com	3		4	1
245	2020-08-11 05:35:51.121242+00	87	liewkokwai: wesley.liew@denselight.com	3		4	1
246	2020-08-11 05:35:51.122245+00	88	limchiewkeat: chiewkeat.lim@denselight.com	3		4	1
247	2020-08-11 05:35:51.123358+00	89	limkhaiteng: kt.lim@denselight.com	3		4	1
248	2020-08-11 05:35:51.124377+00	90	lohterhoe: isaac.loh@denselight.com	3		4	1
249	2020-08-11 05:35:51.125392+00	91	madanaayush: madan.aayush@denselight.com	3		4	1
250	2020-08-11 05:35:51.126421+00	45	mali: jacquelyn.ma@denselight.com	3		4	1
251	2020-08-11 05:35:51.127466+00	92	maumitachakrabarti: maumita.chakrabarti@denselight.com	3		4	1
252	2020-08-11 05:35:51.12848+00	46	navinkumara/lvalautham: navin.kumar@denselight.com	3		4	1
253	2020-08-11 05:35:51.129486+00	94	nguyenvietthe: vtnguyen@denselight.com	3		4	1
254	2020-08-11 05:35:51.13051+00	47	nguyenxuansang: xuansang.nguyen@denselight.com	3		4	1
255	2020-08-11 05:35:51.131571+00	93	ngyeneng: cassandra.ng@denselight.com	3		4	1
256	2020-08-11 05:35:51.132676+00	95	noblebright: noble.bright@denselight.com	3		4	1
257	2020-08-11 05:35:51.133755+00	96	ongrongfeng: goodshowluo@gmail.com	3		4	1
258	2020-08-11 05:35:51.134789+00	97	perumanaillomnarayanankuttyumadevi: umadevi@denselight.com	3		4	1
259	2020-08-11 05:35:51.135879+00	98	raguvaransubramaniam: ragucr9403@gmail.com	3		4	1
260	2020-08-11 05:35:51.136908+00	26	rajanrajgopal: rajan@denselight.com	3		4	1
261	2020-08-11 05:35:51.137989+00	99	rasuribintirazali: rasuri.razali@denselight.com	3		4	1
262	2020-08-11 05:35:51.139038+00	100	rebeccalourdes: rebecca.lourdes@denselight.com	3		4	1
263	2020-08-11 05:35:51.140132+00	101	reyesjimroseaddun: jim.rose@denselight.com	3		4	1
264	2020-08-11 05:35:51.14115+00	102	robiahbtemohamedtahir: layhoon.lee@denselight.com	3		4	1
265	2020-08-11 05:35:51.142142+00	103	ronaldomapotelacopia: ronaldo.mapote@denselight.com	3		4	1
266	2020-08-11 05:35:51.143205+00	48	ryanstephen: ryan.stephen@denselight.com	3		4	1
267	2020-08-11 05:35:51.144253+00	104	santoshkumarpani: santosh.kumar@denselight.com	3		4	1
268	2020-08-11 05:35:51.145348+00	105	simhonyuenaaron: hysim@denselight.com	3		4	1
269	2020-08-11 05:35:51.146432+00	106	sitiqadariyahbintemdyusoff: siti.q@denselight.com	3		4	1
270	2020-08-11 05:35:51.147509+00	49	somasankaran: soma.sankaran@denselight.com	3		4	1
271	2020-08-11 05:35:51.148531+00	107	sriiswirasrikumar: srieshwergunasegaram@gmail.com	3		4	1
272	2020-08-11 05:35:51.149586+00	108	sundararajsivaramalingam: sundararaj.siva@denselight.com	3		4	1
273	2020-08-11 05:35:51.150618+00	50	sungping-chun: pc.sung@denselight.com	3		4	1
274	2020-08-11 05:35:51.151726+00	109	syrexarcillotura: syrex@denselight.com	3		4	1
275	2020-08-11 05:35:51.152755+00	110	tanchinwun: chin2005@hotmail.com	3		4	1
276	2020-08-11 05:35:51.153771+00	113	tangchaiyee: chaiyee1103@hotmail.com	3		4	1
277	2020-08-11 05:35:51.154771+00	111	tanpohgek(sharon): sharon.tan@denselight.com	3		4	1
278	2020-08-11 05:35:51.155862+00	112	tansoohweejaslyn: jaslyn.tan@denselight.com	3		4	1
279	2020-08-11 05:35:51.156899+00	114	taykaymengandrew: andrew.tay@denselight.com	3		4	1
280	2020-08-11 05:35:51.157967+00	115	tehweijoe: joeyteh99@gmail.com	3		4	1
281	2020-08-11 05:35:51.159048+00	116	vaithiyalingamhari: hari.v@denselight.com	3		4	1
282	2020-08-11 05:35:51.160114+00	117	wangjinhua: 497814581@qq.com	3		4	1
283	2020-08-11 05:35:51.161144+00	118	wangli: 1275334393@qq.com	3		4	1
284	2020-08-11 05:35:51.162199+00	119	wangwei: 939024661qq.com@gmail.com	3		4	1
285	2020-08-11 05:35:51.163285+00	120	wangyaping: 3604879607@qq.com	3		4	1
286	2020-08-11 05:35:51.164349+00	121	wangyueping: 55320191@qq.com	3		4	1
287	2020-08-11 05:35:51.165343+00	122	wongzuxingkeith: keith.wong@denselight.com	3		4	1
288	2020-08-11 05:35:51.166345+00	123	xuqiulan: 593930910@qq.com	3		4	1
289	2020-08-11 05:35:51.167382+00	124	yangfeng: 63939234@qq.com	3		4	1
290	2020-08-11 05:35:51.168392+00	125	yangting: 181479069@qq.com	3		4	1
291	2020-08-11 05:36:03.210165+00	51	yaorusheng(ray): rsyao@denselight.com	3		4	1
292	2020-08-11 05:36:03.212269+00	126	yeoaudieadam: audie.yeo@denselight.com	3		4	1
293	2020-08-11 05:36:03.213421+00	127	yumiao: 49504145@qq.com	3		4	1
294	2020-08-11 05:36:03.214574+00	128	zhangqing: 2214776521@qq.com	3		4	1
295	2020-08-11 05:36:03.215804+00	129	zhaohanxue(kelly): hanxue.zhao@denselight.com	3		4	1
296	2020-08-11 05:36:03.216912+00	130	zhengcaili: 825995920@qq.com	3		4	1
297	2020-08-11 05:36:03.218049+00	131	zhengshaoqin: 1004548688@qq.com	3		4	1
298	2020-08-11 05:36:03.219086+00	132	zhongxiangzhu: 490639724@qq.com	3		4	1
299	2020-08-11 05:43:14.353422+00	167	cheeyoksun: alvis.chee@denselight.com	2	[{"changed": {"fields": ["Username", "Email address", "Groups"]}}]	4	1
300	2020-08-11 05:44:02.527409+00	148	kayyewseng: anthonyk@denselight.com	2	[{"changed": {"fields": ["Username", "Email address", "Groups"]}}]	4	1
301	2020-08-11 05:44:39.185155+00	160	abdulhameedbinramadhan: hameed.ramadhan@denselight.com	2	[{"changed": {"fields": ["Groups"]}}]	4	1
302	2020-08-11 05:45:04.086292+00	241	alextanteckhowe: alex.tan@denselight.com	2	[{"changed": {"fields": ["Groups"]}}]	4	1
303	2020-08-11 05:45:21.967213+00	135	andypiper: andy.piper@denselight.com	2	[{"changed": {"fields": ["Groups"]}}]	4	1
304	2020-08-11 05:45:39.761494+00	161	anghockseng: hk921004@gmail.com	2	[{"changed": {"fields": ["Groups"]}}]	4	1
305	2020-08-11 05:45:59.078595+00	162	arbizcarlankyleortega: carlan.arbiz@denselight.com	2	[{"changed": {"fields": ["Groups"]}}]	4	1
306	2020-08-11 05:46:22.043524+00	137	arcillaraymundobonusan: raymundo.arcilla@denselight.com	2	[{"changed": {"fields": ["Groups"]}}]	4	1
307	2020-08-11 05:46:33.460532+00	163	argabiosodanilosaplala: danilo.argabioso@denselight.com	2	[{"changed": {"fields": ["Groups"]}}]	4	1
308	2020-08-11 05:46:54.66946+00	138	ashishkumarrai: ashish.kumar@denselight.com	2	[{"changed": {"fields": ["Groups"]}}]	4	1
547	2020-08-16 23:20:14.130439+00	145	helenvincent: helen@denselight.com	3		4	1
309	2020-08-11 05:47:20.346175+00	164	balakrishnanprabhu: balakrishnan.prabhu@denselight.com	2	[{"changed": {"fields": ["Groups"]}}]	4	1
310	2020-08-11 05:48:13.478747+00	165	changcheekiongjames: james.chang@denselight.com	2	[{"changed": {"fields": ["Groups"]}}]	4	1
311	2020-08-11 05:48:49.500415+00	140	chantatkhit: tatkhit.chan@denselight.com	2	[{"changed": {"fields": ["Groups"]}}]	4	1
312	2020-08-11 05:49:18.557036+00	141	chanyuenchuen: eycchan@denselight.com	2	[{"changed": {"fields": ["Groups"]}}]	4	1
313	2020-08-11 05:49:31.784411+00	166	cheahyongsean: sean.cheah@denselight.com	2	[{"changed": {"fields": ["Groups"]}}]	4	1
314	2020-08-11 05:49:46.563371+00	167	cheeyoksun: alvis.chee@denselight.com	2	[]	4	1
315	2020-08-11 05:49:56.009838+00	168	chenkokkiong: chenkk@denselight.com	2	[{"changed": {"fields": ["Groups"]}}]	4	1
316	2020-08-11 05:50:07.621972+00	169	chenyan: chen.yan@denselight.com	2	[{"changed": {"fields": ["Groups"]}}]	4	1
317	2020-08-11 05:50:12.272745+00	170	chewyongsheng: libra330@hotmail.com	2	[{"changed": {"fields": ["Groups"]}}]	4	1
318	2020-08-11 05:50:23.968124+00	171	chiahsiaoyu: xiaoyu.jia@denselight.com	2	[{"changed": {"fields": ["Groups"]}}]	4	1
319	2020-08-11 05:50:51.82474+00	142	chinsewei: david.chin@denselight.com	2	[{"changed": {"fields": ["Groups"]}}]	4	1
320	2020-08-11 05:51:15.059119+00	143	chivukulasubrahmanyam: chivukula.subbu@denselight.com	2	[{"changed": {"fields": ["Groups"]}}]	4	1
321	2020-08-11 05:51:25.867628+00	173	chuanye: ye.chuan@denselight.com	2	[{"changed": {"fields": ["Groups"]}}]	4	1
322	2020-08-11 05:51:39.120341+00	172	chuayuxiang: yxchua@denselight.com	2	[{"changed": {"fields": ["Groups"]}}]	4	1
323	2020-08-11 05:57:28.369213+00	174	dasalakshminarayanadheeraj: dheeraj.dasa@denselight.com	2	[{"changed": {"fields": ["Groups"]}}]	4	1
324	2020-08-11 05:58:10.240098+00	175	deguzmantirsocambalisa: tirso.deguzman@denselight.com	2	[{"changed": {"fields": ["Groups"]}}]	4	1
325	2020-08-11 05:58:35.986277+00	176	deleonalexandermamaradlo: alexander.deleon@denselight.com	2	[{"changed": {"fields": ["Groups"]}}]	4	1
326	2020-08-11 05:58:47.950101+00	176	deleonalexandermamaradlo: alexander.deleon@denselight.com	2	[]	4	1
327	2020-08-11 05:58:55.106212+00	145	helenvincent: helen@denselight.com	2	[{"changed": {"fields": ["Groups"]}}]	4	1
328	2020-08-11 05:59:22.214928+00	193	leelayhoon: layhoon.lee@denselight.com	2	[{"changed": {"fields": ["Groups"]}}]	4	1
329	2020-08-11 05:59:38.121384+00	144	dilemkareendamogo: kareen@denselight.com	2	[{"changed": {"fields": ["Groups"]}}]	4	1
330	2020-08-11 06:00:07.574665+00	177	eexueli: eexueli93@gmail.com	2	[{"changed": {"fields": ["Groups"]}}]	4	1
331	2020-08-11 06:00:46.733394+00	178	fairozahamed: fairoz.ahamed@denselight.com	2	[{"changed": {"fields": ["Groups"]}}]	4	1
332	2020-08-11 06:00:58.813624+00	179	fanlouiecanares: louie.fan@denselight.com	2	[{"changed": {"fields": ["Groups"]}}]	4	1
333	2020-08-11 06:01:18.433951+00	180	fengyingxue: 571055970@qq.com	2	[{"changed": {"fields": ["Groups"]}}]	4	1
334	2020-08-11 06:01:35.544596+00	181	ferraragiovanni: giovanni.ferrara@denselight.com	2	[{"changed": {"fields": ["Groups"]}}]	4	1
335	2020-08-11 06:04:01.98533+00	145	helenvincent: helen@denselight.com	2	[]	4	1
336	2020-08-11 06:04:11.353336+00	145	helenvincent: helen@denselight.com	2	[{"changed": {"fields": ["Superuser status"]}}]	4	1
337	2020-08-11 06:04:31.087531+00	183	hoeneeshiuan: nshoe@denselight.com	2	[{"changed": {"fields": ["Groups"]}}]	4	1
338	2020-08-11 06:04:42.496915+00	146	hoganroystonhugh: hogan.hugh@denselight.com	2	[{"changed": {"fields": ["Groups"]}}]	4	1
339	2020-08-11 06:05:06.851334+00	184	houjiantao: jiantao.hou@denselight.com	2	[{"changed": {"fields": ["Groups"]}}]	4	1
340	2020-08-11 06:05:47.99673+00	185	huangling: ling.huang@denselight.com	2	[{"changed": {"fields": ["Groups"]}}]	4	1
341	2020-08-11 06:05:58.564265+00	186	huangping: 260857989@qq.com	2	[{"changed": {"fields": ["Groups"]}}]	4	1
342	2020-08-11 06:06:15.775939+00	187	huangshenghe: simon.huang@denselight.com	2	[{"changed": {"fields": ["Groups"]}}]	4	1
343	2020-08-11 06:06:26.97936+00	188	jiaqingwen: qingwen.jia@denselight.com	2	[{"changed": {"fields": ["Groups"]}}]	4	1
344	2020-08-11 06:06:38.932369+00	147	juliusbautistaebonite: julius@denselight.com	2	[{"changed": {"fields": ["Groups"]}}]	4	1
345	2020-08-11 06:06:57.410271+00	136	kaderkamal: kamal.kader@denselight.com	2	[{"changed": {"fields": ["Groups"]}}]	4	1
346	2020-08-11 06:08:35.488446+00	148	kayyewseng: anthonyk@denselight.com	2	[]	4	1
347	2020-08-11 06:08:50.634489+00	149	kevinyangkai: kevin.yang@denselight.com	2	[{"changed": {"fields": ["Groups"]}}]	4	1
348	2020-08-11 06:09:05.275352+00	191	khizarhussankaleel: khizar@denselight.com	2	[{"changed": {"fields": ["Groups"]}}]	4	1
349	2020-08-11 06:09:16.350181+00	192	kohlongcheng: lckoh@denselight.com	2	[{"changed": {"fields": ["Groups"]}}]	4	1
350	2020-08-11 06:09:32.795838+00	150	lamyeeloy: yeeloy@denselight.com	2	[{"changed": {"fields": ["Groups"]}}]	4	1
351	2020-08-11 06:09:56.183407+00	151	leechewbeng: robin.lee@denselight.com	2	[{"changed": {"fields": ["Groups"]}}]	4	1
352	2020-08-11 06:10:35.50012+00	194	leeyunsian: lys.199810@gmail.com	2	[{"changed": {"fields": ["Groups"]}}]	4	1
353	2020-08-11 06:10:58.09035+00	195	liewkokwai: wesley.liew@denselight.com	2	[{"changed": {"fields": ["Groups"]}}]	4	1
354	2020-08-11 06:11:09.83422+00	196	limchiewkeat: chiewkeat.lim@denselight.com	2	[{"changed": {"fields": ["Groups"]}}]	4	1
355	2020-08-11 06:11:22.622901+00	197	limkhaiteng: kt.lim@denselight.com	2	[{"changed": {"fields": ["Groups"]}}]	4	1
356	2020-08-11 06:11:33.175218+00	198	lohterhoe: isaac.loh@denselight.com	2	[{"changed": {"fields": ["Groups"]}}]	4	1
357	2020-08-11 06:11:45.250117+00	199	madanaayush: madan.aayush@denselight.com	2	[{"changed": {"fields": ["Groups"]}}]	4	1
358	2020-08-11 06:11:56.845059+00	153	mali: jacquelyn.ma@denselight.com	2	[{"changed": {"fields": ["Groups"]}}]	4	1
359	2020-08-11 06:12:07.758319+00	200	maumitachakrabarti: maumita.chakrabarti@denselight.com	2	[{"changed": {"fields": ["Groups"]}}]	4	1
360	2020-08-11 06:12:20.162219+00	1	minghuang: bennyteomh@hotmail.com	2	[]	4	1
361	2020-08-11 06:12:39.944503+00	202	nguyenvietthe: vtnguyen@denselight.com	2	[{"changed": {"fields": ["Groups"]}}]	4	1
362	2020-08-11 06:15:11.738997+00	155	nguyenxuansang: xuansang.nguyen@denselight.com	2	[{"changed": {"fields": ["Groups"]}}]	4	1
363	2020-08-11 06:15:48.707292+00	201	ngyeneng: cassandra.ng@denselight.com	2	[{"changed": {"fields": ["Groups"]}}]	4	1
364	2020-08-11 06:16:00.028054+00	203	noblebright: noble.bright@denselight.com	2	[{"changed": {"fields": ["Groups"]}}]	4	1
365	2020-08-11 06:16:36.712015+00	241	alextanteckhowe: alex.tan@denselight.com	2	[{"changed": {"fields": ["Last login"]}}]	4	1
366	2020-08-11 06:19:51.906162+00	190	kangkoksengmichael: michael.kang@denselight.com	2	[{"changed": {"fields": ["Username", "Groups"]}}]	4	1
367	2020-08-11 06:22:25.88139+00	193	leelayhoon: layhoon.lee@denselight.com	2	[{"changed": {"fields": ["Last login"]}}]	4	1
368	2020-08-11 06:23:07.355589+00	154	navinkumaralvalautham: navin.kumar@denselight.com	2	[{"changed": {"fields": ["Username", "Groups"]}}]	4	1
369	2020-08-11 06:24:21.100743+00	204	ongrongfeng: goodshowluo@gmail.com	2	[{"changed": {"fields": ["Groups"]}}]	4	1
370	2020-08-11 06:25:12.269251+00	205	perumanaillomnarayanankuttyumadevi: umadevi@denselight.com	2	[{"changed": {"fields": ["Groups"]}}]	4	1
371	2020-08-11 06:25:22.420005+00	206	raguvaransubramaniam: ragucr9403@gmail.com	2	[{"changed": {"fields": ["Groups"]}}]	4	1
372	2020-08-11 06:25:32.182569+00	134	rajanrajgopal: rajan@denselight.com	2	[{"changed": {"fields": ["Groups"]}}]	4	1
373	2020-08-11 06:25:43.256842+00	207	rasuribintirazali: rasuri.razali@denselight.com	2	[{"changed": {"fields": ["Groups"]}}]	4	1
374	2020-08-11 06:25:53.641017+00	208	rebeccalourdes: rebecca.lourdes@denselight.com	2	[{"changed": {"fields": ["Groups"]}}]	4	1
375	2020-08-11 06:26:02.895164+00	209	reyesjimroseaddun: jim.rose@denselight.com	2	[{"changed": {"fields": ["Groups"]}}]	4	1
376	2020-08-11 06:26:29.706197+00	210	robiahbtemohamedtahir: layhoon.lee@denselight.com	2	[{"changed": {"fields": ["Groups"]}}]	4	1
377	2020-08-11 06:26:48.748602+00	211	ronaldomapotelacopia: ronaldo.mapote@denselight.com	2	[{"changed": {"fields": ["Groups"]}}]	4	1
378	2020-08-11 06:26:58.304771+00	156	ryanstephen: ryan.stephen@denselight.com	2	[{"changed": {"fields": ["Groups"]}}]	4	1
379	2020-08-11 06:27:07.406216+00	212	santoshkumarpani: santosh.kumar@denselight.com	2	[{"changed": {"fields": ["Groups"]}}]	4	1
380	2020-08-11 06:27:23.038535+00	213	simhonyuenaaron: hysim@denselight.com	2	[{"changed": {"fields": ["Groups"]}}]	4	1
381	2020-08-11 06:27:32.626328+00	214	sitiqadariyahbintemdyusoff: siti.q@denselight.com	2	[{"changed": {"fields": ["Groups"]}}]	4	1
382	2020-08-11 06:27:53.024266+00	157	somasankaran: soma.sankaran@denselight.com	2	[{"changed": {"fields": ["Groups"]}}]	4	1
383	2020-08-11 06:28:14.759617+00	241	alextanteckhowe: alex.tan@denselight.com	2	[]	4	1
384	2020-08-11 06:29:21.762308+00	215	sriiswirasrikumar: srieshwergunasegaram@gmail.com	2	[{"changed": {"fields": ["Groups"]}}]	4	1
385	2020-08-11 06:29:31.923351+00	216	sundararajsivaramalingam: sundararaj.siva@denselight.com	2	[{"changed": {"fields": ["Groups"]}}]	4	1
386	2020-08-11 06:29:42.336354+00	158	sungping-chun: pc.sung@denselight.com	2	[{"changed": {"fields": ["Groups"]}}]	4	1
387	2020-08-11 06:29:54.488489+00	217	syrexarcillotura: syrex@denselight.com	2	[{"changed": {"fields": ["Groups"]}}]	4	1
388	2020-08-11 06:30:06.889865+00	218	tanchinwun: chin2005@hotmail.com	2	[{"changed": {"fields": ["Groups"]}}]	4	1
389	2020-08-11 06:30:19.06514+00	221	tangchaiyee: chaiyee1103@hotmail.com	2	[{"changed": {"fields": ["Groups"]}}]	4	1
390	2020-08-11 06:30:50.552322+00	220	tansoohweejaslyn: jaslyn.tan@denselight.com	2	[{"changed": {"fields": ["Groups"]}}]	4	1
391	2020-08-11 06:31:03.956068+00	222	taykaymengandrew: andrew.tay@denselight.com	2	[{"changed": {"fields": ["Groups"]}}]	4	1
392	2020-08-11 06:31:13.015859+00	223	tehweijoe: joeyteh99@gmail.com	2	[{"changed": {"fields": ["Groups"]}}]	4	1
393	2020-08-11 06:31:24.34538+00	224	vaithiyalingamhari: hari.v@denselight.com	2	[{"changed": {"fields": ["Groups"]}}]	4	1
394	2020-08-11 06:31:38.124786+00	225	wangjinhua: 497814581@qq.com	2	[{"changed": {"fields": ["Groups"]}}]	4	1
395	2020-08-11 06:32:21.5779+00	226	wangli: 1275334393@qq.com	2	[{"changed": {"fields": ["Groups"]}}]	4	1
396	2020-08-11 06:32:25.911728+00	227	wangwei: 939024661qq.com@gmail.com	2	[{"changed": {"fields": ["Groups"]}}]	4	1
397	2020-08-11 06:32:37.787734+00	228	wangyaping: 3604879607@qq.com	2	[{"changed": {"fields": ["Groups"]}}]	4	1
398	2020-08-11 06:32:43.592586+00	229	wangyueping: 55320191@qq.com	2	[{"changed": {"fields": ["Groups"]}}]	4	1
399	2020-08-11 06:32:54.787003+00	230	wongzuxingkeith: keith.wong@denselight.com	2	[{"changed": {"fields": ["Groups"]}}]	4	1
400	2020-08-11 06:33:02.748219+00	231	xuqiulan: 593930910@qq.com	2	[{"changed": {"fields": ["Groups"]}}]	4	1
401	2020-08-11 06:33:09.518972+00	232	yangfeng: 63939234@qq.com	2	[{"changed": {"fields": ["Groups"]}}]	4	1
402	2020-08-11 06:34:17.088939+00	233	yangting: 181479069@qq.com	2	[{"changed": {"fields": ["Groups"]}}]	4	1
403	2020-08-11 06:34:33.568359+00	159	yaorushengray: rsyao@denselight.com	2	[{"changed": {"fields": ["Username", "Groups"]}}]	4	1
404	2020-08-11 06:34:46.217521+00	234	yeoaudieadam: audie.yeo@denselight.com	2	[{"changed": {"fields": ["Groups"]}}]	4	1
405	2020-08-11 06:35:25.603809+00	240	zhongxiangzhu: 490639724@qq.com	2	[{"changed": {"fields": ["Groups"]}}]	4	1
406	2020-08-11 06:35:28.46421+00	235	yumiao: 49504145@qq.com	2	[{"changed": {"fields": ["Groups"]}}]	4	1
407	2020-08-11 06:35:36.593604+00	236	zhangqing: 2214776521@qq.com	2	[{"changed": {"fields": ["Groups"]}}]	4	1
408	2020-08-11 06:35:44.028108+00	240	zhongxiangzhu: 490639724@qq.com	2	[]	4	1
409	2020-08-11 06:35:53.763987+00	238	zhengcaili: 825995920@qq.com	2	[{"changed": {"fields": ["Groups"]}}]	4	1
410	2020-08-11 06:35:55.07458+00	239	zhengshaoqin: 1004548688@qq.com	2	[{"changed": {"fields": ["Groups"]}}]	4	1
411	2020-08-11 06:36:03.91141+00	239	zhengshaoqin: 1004548688@qq.com	2	[]	4	1
412	2020-08-11 06:36:10.371376+00	238	zhengcaili: 825995920@qq.com	2	[]	4	1
413	2020-08-11 06:36:13.438627+00	240	zhongxiangzhu: 490639724@qq.com	2	[]	4	1
414	2020-08-11 06:37:03.678957+00	237	zhaohanxue: hanxue.zhao@denselight.com	2	[{"changed": {"fields": ["Username", "Groups"]}}]	4	1
415	2020-08-11 06:37:12.712102+00	236	zhangqing: 2214776521@qq.com	2	[]	4	1
416	2020-08-11 06:37:19.391312+00	235	yumiao: 49504145@qq.com	2	[]	4	1
417	2020-08-11 06:37:30.584364+00	234	yeoaudieadam: audie.yeo@denselight.com	2	[]	4	1
418	2020-08-11 06:37:40.080424+00	159	yaorushengray: rsyao@denselight.com	2	[]	4	1
419	2020-08-11 06:37:54.7737+00	233	yangting: 181479069@qq.com	2	[]	4	1
420	2020-08-11 06:38:06.968643+00	232	yangfeng: 63939234@qq.com	2	[]	4	1
421	2020-08-11 06:38:17.303395+00	231	xuqiulan: 593930910@qq.com	2	[]	4	1
422	2020-08-11 06:38:34.629019+00	230	wongzuxingkeith: keith.wong@denselight.com	2	[]	4	1
423	2020-08-11 06:38:49.599229+00	229	wangyueping: 55320191@qq.com	2	[]	4	1
424	2020-08-11 06:39:23.71947+00	166	cheahyongsean: sean.cheah@denselight.com	2	[]	4	1
425	2020-08-11 06:52:27.96091+00	2	ALEX TAN TECK HOWE	1	[{"added": {}}]	20	1
426	2020-08-11 06:58:20.797687+00	191823538	LEE LAY HOON	2	[{"changed": {"fields": ["Nric", "Department", "Gender", "Address"]}}]	20	1
427	2020-08-11 07:16:53.693239+00	191823410	RAJAN RAJGOPAL	2	[{"changed": {"fields": ["Nric", "Department", "Gender", "Address", "First Reporting Manager"]}}]	20	1
428	2020-08-11 07:17:49.283928+00	191823558	DASA LAKSHMI NARAYANA DHEERAJ	2	[{"changed": {"fields": ["Nric", "Department", "Gender", "Address"]}}]	20	1
429	2020-08-11 07:18:09.486172+00	191823557	ABDUL HAMEED BIN RAMADHAN	2	[{"changed": {"fields": ["Nric", "Department", "Gender", "Address"]}}]	20	1
430	2020-08-11 07:28:05.755358+00	191823556	SUNG PING-CHUN	2	[{"changed": {"fields": ["Nric", "Department", "Gender", "Address"]}}]	20	1
431	2020-08-11 07:28:35.774239+00	191823555	CHEAH YONG SEAN	2	[{"changed": {"fields": ["Nric", "Department", "Gender", "Address"]}}]	20	1
432	2020-08-11 07:31:42.262873+00	191823554	JULIUS OCADO AMPO	2	[{"changed": {"fields": ["Nric", "Department", "Gender", "Address"]}}]	20	1
433	2020-08-11 07:34:28.503738+00	191823553	WONG ZU XING KEITH	2	[{"changed": {"fields": ["Nric", "Department", "Gender", "Address"]}}]	20	1
434	2020-08-11 07:35:31.534276+00	191823552	HO XHIN WEI (SUSAN)	2	[{"changed": {"fields": ["Nric", "Department", "Gender", "Address"]}}]	20	1
435	2020-08-11 07:38:19.986767+00	191823551	CHIA HSIAO YU	2	[{"changed": {"fields": ["Nric", "Department", "Gender", "Address"]}}]	20	1
436	2020-08-11 07:39:49.402611+00	191823550	FERRARA GIOVANNI	2	[{"changed": {"fields": ["Nric", "Department", "Gender", "Address"]}}]	20	1
437	2020-08-11 07:42:38.084135+00	191823549	CHUAN YE	2	[{"changed": {"fields": ["Nric", "Department", "Gender", "Address"]}}]	20	1
438	2020-08-11 07:46:34.957398+00	191823548	NGUYEN XUAN SANG	2	[{"changed": {"fields": ["Nric", "Department", "Gender", "Address"]}}]	20	1
439	2020-08-11 07:47:46.008144+00	191823547	LEE CHEW BENG	2	[{"changed": {"fields": ["Nric", "Department", "Gender", "Address"]}}]	20	1
440	2020-08-11 07:48:41.720123+00	191823546	LIM CHIEW KEAT	2	[{"changed": {"fields": ["Nric", "Department", "Gender", "Address"]}}]	20	1
441	2020-08-11 07:49:37.088596+00	191823545	SITI QADARIYAH BINTE MD YUSOFF	2	[{"changed": {"fields": ["Nric", "Department", "Gender", "Address"]}}]	20	1
442	2020-08-11 07:50:18.500047+00	191823544	MADAN AAYUSH	2	[{"changed": {"fields": ["Nric", "Department", "Gender", "Address"]}}]	20	1
443	2020-08-11 07:52:54.978946+00	191823543	LIEW KOK WAI	2	[{"changed": {"fields": ["Nric", "Department", "Gender", "Address", "Second Reporting Manager"]}}]	20	1
444	2020-08-11 07:53:06.718386+00	191823545	SITI QADARIYAH BINTE MD YUSOFF	2	[]	20	1
445	2020-08-11 07:54:31.94964+00	191823542	NG YEN ENG	2	[{"changed": {"fields": ["Nric", "Department", "Gender", "Address"]}}]	20	1
446	2020-08-11 07:54:56.663502+00	191823541	SUNDARARAJ SIVARAMALINGAM	2	[{"changed": {"fields": ["Nric", "Department", "Gender", "Address", "Second Reporting Manager"]}}]	20	1
447	2020-08-11 07:57:41.790951+00	191823540	HUANG SHENGHE	2	[{"changed": {"fields": ["Nric", "Department", "Gender", "Address"]}}]	20	1
448	2020-08-11 07:59:35.170486+00	191823539	YEO AUDIE ADAM	2	[{"changed": {"fields": ["Nric", "Department", "Gender", "Address"]}}]	20	1
449	2020-08-11 08:01:20.210427+00	191823538	LEE LAY HOON	2	[]	20	1
450	2020-08-11 08:01:44.672441+00	191823537	DE LEON ALEXANDER MAMARADLO	2	[{"changed": {"fields": ["Nric", "Department", "Gender", "Address"]}}]	20	1
451	2020-08-11 08:03:05.745209+00	191823536	MA LI	2	[{"changed": {"fields": ["Nric", "Department", "Gender", "Address"]}}]	20	1
452	2020-08-11 08:04:33.507109+00	191823535	LIM KHAI TENG	2	[{"changed": {"fields": ["Nric", "Department", "Gender", "Address"]}}]	20	1
453	2020-08-11 08:05:27.731951+00	191823534	CHAN TAT KHIT	2	[{"changed": {"fields": ["Nric", "Department", "Gender", "Address"]}}]	20	1
454	2020-08-11 08:06:17.883954+00	191823533	DE GUZMAN TIRSO CAMBALISA	2	[{"changed": {"fields": ["Nric", "Department", "Gender", "Address"]}}]	20	1
455	2020-08-11 08:07:06.558925+00	191823532	TAN POH GEK (SHARON)	2	[{"changed": {"fields": ["Nric", "Department", "Gender", "Address"]}}]	20	1
456	2020-08-11 08:09:59.68393+00	191823531	REYES JIM ROSE ADDUN	2	[{"changed": {"fields": ["Nric", "Department", "Gender", "Address"]}}]	20	1
457	2020-08-11 08:11:00.332699+00	191823530	FAN LOUIE CANARES	2	[{"changed": {"fields": ["Nric", "Department", "Gender", "Address"]}}]	20	1
458	2020-08-11 08:11:00.581735+00	191823530	FAN LOUIE CANARES	2	[]	20	1
459	2020-08-11 08:11:42.016018+00	191823529	REBECCA LOURDES	2	[{"changed": {"fields": ["Nric", "Department", "Gender", "Address"]}}]	20	1
460	2020-08-11 08:12:07.726297+00	191823527	CHEN KOK KIONG	2	[{"changed": {"fields": ["Nric", "Department", "Gender", "Address"]}}]	20	1
461	2020-08-11 08:12:59.450397+00	191823526	ARCILLA RAYMUNDO BONUSAN	2	[{"changed": {"fields": ["Nric", "Department", "Gender", "Address"]}}]	20	1
462	2020-08-11 08:13:51.194989+00	191823524	KADER KAMAL	2	[{"changed": {"fields": ["Nric", "Department", "Gender", "Address"]}}]	20	1
463	2020-08-11 08:14:11.697271+00	191823523	ARBIZ CARLAN KYLE ORTEGA	2	[{"changed": {"fields": ["Nric", "Department", "Gender", "Address"]}}]	20	1
464	2020-08-11 08:14:47.88894+00	191823522	NOBLE BRIGHT	2	[{"changed": {"fields": ["Nric", "Department", "Gender", "Address"]}}]	20	1
465	2020-08-11 08:15:13.290443+00	191823520	HOU JIANTAO	2	[{"changed": {"fields": ["Nric", "Department", "Gender", "Address"]}}]	20	1
466	2020-08-11 08:15:47.614269+00	191823519	ZHAO HANXUE (KELLY)	2	[{"changed": {"fields": ["Nric", "Department", "Gender", "Address"]}}]	20	1
467	2020-08-11 08:16:30.514797+00	191823517	RASURI BINTI RAZALI	2	[{"changed": {"fields": ["Nric", "Department", "Gender", "Address"]}}]	20	1
468	2020-08-11 08:16:56.731564+00	191823516	VAITHIYALINGAM HARI	2	[{"changed": {"fields": ["Nric", "Department", "Gender", "Address", "Second Reporting Manager"]}}]	20	1
469	2020-08-11 08:18:05.487837+00	191823514	RONALDO MAPOTE LACOPIA	2	[{"changed": {"fields": ["Nric", "Department", "Gender", "Address"]}}]	20	1
470	2020-08-11 08:18:53.754462+00	191823513	BALAKRISHNAN PRABHU	2	[{"changed": {"fields": ["Nric", "Department", "Gender", "Address", "Second Reporting Manager"]}}]	20	1
471	2020-08-11 08:19:35.979242+00	191823508	KANG KOK SENG (MICHAEL)	2	[{"changed": {"fields": ["Nric", "Department", "Gender", "Address"]}}]	20	1
472	2020-08-11 08:20:17.666586+00	191823506	LEE SIP HENG (JASON)	2	[{"changed": {"fields": ["Nric", "Department", "Gender", "Address"]}}]	20	1
473	2020-08-11 08:20:51.326332+00	191823505	NAVIN KUMAR A/L VALAUTHAM	2	[{"changed": {"fields": ["Nric", "Department", "Gender", "Address"]}}]	20	1
474	2020-08-11 08:26:01.681644+00	191823504	PERUMANA ILLOM NARAYANAN KUTTY UMADEVI	2	[{"changed": {"fields": ["Nric", "Department", "Gender", "Address"]}}]	20	1
475	2020-08-11 08:32:00.552195+00	191823498	HOGAN ROYSTON HUGH	2	[{"changed": {"fields": ["Nric", "Department", "Gender", "Address"]}}]	20	1
476	2020-08-11 08:40:58.572746+00	191823497	RYAN STEPHEN	2	[{"changed": {"fields": ["Nric", "Department", "Gender", "Address"]}}]	20	1
477	2020-08-11 08:41:48.06735+00	191823493	CHANG CHEE KIONG JAMES	2	[{"changed": {"fields": ["Nric", "Department", "Gender", "Address"]}}]	20	1
478	2020-08-11 08:42:30.937358+00	191823492	TAN SOO HWEE JASLYN	2	[{"changed": {"fields": ["Nric", "Department", "Gender", "Address"]}}]	20	1
479	2020-08-11 08:43:15.943813+00	191823488	HUANG LING	2	[{"changed": {"fields": ["Nric", "Department", "Gender", "Address"]}}]	20	1
480	2020-08-11 08:44:03.504093+00	191823484	ASHISH KUMAR RAI	2	[{"changed": {"fields": ["Nric", "Department", "Gender", "Address"]}}]	20	1
481	2020-08-11 08:46:30.16965+00	191823481	ARGABIOSO DANILO SAPLALA	2	[{"changed": {"fields": ["Nric", "Department", "Gender", "Address"]}}]	20	1
482	2020-08-11 08:47:01.617197+00	191823480	CHIVUKULA SUBRAHMANYAM	2	[{"changed": {"fields": ["Nric", "Department", "Gender", "Address"]}}]	20	1
483	2020-08-11 08:47:33.767517+00	191823476	CHIN SE WEI	2	[{"changed": {"fields": ["Nric", "Department", "Gender", "Address"]}}]	20	1
484	2020-08-11 08:48:10.527859+00	191823475	SANTOSH KUMAR PANI	2	[{"changed": {"fields": ["Nric", "Department", "Gender", "Address"]}}]	20	1
485	2020-08-11 08:49:11.609176+00	191823472	CHAN BOR SHEN	2	[{"changed": {"fields": ["Nric", "Department", "Gender", "Address"]}}]	20	1
486	2020-08-11 09:38:04.115148+00	191823467	LOH TER HOE	2	[{"changed": {"fields": ["Nric", "Department", "Gender", "Address"]}}]	20	1
487	2020-08-11 09:41:04.997725+00	191823466	TAY KAY MENG ANDREW	2	[{"changed": {"fields": ["Nric", "Department", "Gender", "Address"]}}]	20	1
488	2020-08-11 09:41:56.369986+00	191823464	ANDY PIPER	2	[{"changed": {"fields": ["Nric", "Department", "Gender", "Address"]}}]	20	1
489	2020-08-11 09:42:27.165523+00	191823463	MAUMITA CHAKRABARTI	2	[{"changed": {"fields": ["Nric", "Department", "Gender", "Address"]}}]	20	1
490	2020-08-11 09:43:00.314735+00	191823453	FAIROZ AHAMED	2	[{"changed": {"fields": ["Nric", "Department", "Gender", "Address"]}}]	20	1
491	2020-08-11 09:43:29.308157+00	191823447	KHIZAR HUSSAN KALEEL	2	[{"changed": {"fields": ["Nric", "Department", "Gender", "Address"]}}]	20	1
492	2020-08-11 09:44:24.191594+00	191823433	HELEN VINCENT	2	[{"changed": {"fields": ["Nric", "Department", "Gender", "Address"]}}]	20	1
493	2020-08-11 09:44:48.251205+00	191823431	CHEN YAN	2	[{"changed": {"fields": ["Nric", "Department", "Gender", "Address"]}}]	20	1
494	2020-08-11 09:45:38.086301+00	191823408	SOMA SANKARAN	2	[{"changed": {"fields": ["Nric", "Department", "Gender", "Address"]}}]	20	1
495	2020-08-11 09:46:10.916268+00	191823402	NGUYEN VIET THE	2	[{"changed": {"fields": ["Nric", "Department", "Gender", "Address"]}}]	20	1
496	2020-08-11 09:46:34.368993+00	191823391	YAO RU SHENG (RAY)	2	[{"changed": {"fields": ["Nric", "Department", "Gender", "Address"]}}]	20	1
497	2020-08-11 09:47:17.451032+00	191823375	CHUA YU XIANG	2	[{"changed": {"fields": ["Nric", "Department", "Gender", "Address"]}}]	20	1
498	2020-08-11 09:47:41.207419+00	191823367	JULIUS BAUTISTA EBONITE	2	[{"changed": {"fields": ["Nric", "Department", "Gender", "Address"]}}]	20	1
499	2020-08-11 09:48:14.571773+00	191823361	SYREX ARCILLO TURA	2	[{"changed": {"fields": ["Nric", "Department", "Gender", "Address"]}}]	20	1
500	2020-08-11 09:48:37.04814+00	191823357	SIM HON YUEN AARON	2	[{"changed": {"fields": ["Nric", "Department", "Gender", "Address"]}}]	20	1
501	2020-08-11 09:49:26.253039+00	191823352	KOH LONG CHENG	2	[{"changed": {"fields": ["Nric", "Department", "Gender", "Address"]}}]	20	1
502	2020-08-11 09:49:53.583975+00	191823350	HOE NEE SHIUAN	2	[{"changed": {"fields": ["Nric", "Department", "Gender", "Address"]}}]	20	1
503	2020-08-11 09:50:27.437974+00	191823231	DILEM KAREEN DAMOGO	2	[{"changed": {"fields": ["Nric", "Department", "Gender", "Address"]}}]	20	1
504	2020-08-11 09:53:48.491893+00	19182332	CHAN YUEN CHUEN	2	[{"changed": {"fields": ["Nric", "Department", "Gender", "Address"]}}]	20	1
505	2020-08-11 09:54:35.759227+00	1918237	LAM YEE LOY	2	[{"changed": {"fields": ["Nric", "Department", "Gender", "Address"]}}]	20	1
506	2020-08-12 16:02:34.160424+00	242	hopetan: hope@email.com	2	[{"changed": {"fields": ["Username"]}}]	4	1
507	2020-08-12 16:02:44.93687+00	244	jekwong: jek@email.com	2	[{"changed": {"fields": ["Username"]}}]	4	1
508	2020-08-13 11:06:24.381545+00	244	jekwong: jek@email.com	2	[{"changed": {"fields": ["Groups"]}}]	4	1
509	2020-08-13 11:06:36.804616+00	1	minghuang: bennyteomh@hotmail.com	2	[]	4	1
510	2020-08-13 12:51:48.258733+00	1	Ming Huang	2	[{"changed": {"fields": ["Name"]}}]	20	1
511	2020-08-13 12:53:27.678027+00	244	jekwong: jek@email.com	2	[{"changed": {"fields": ["Groups"]}}]	4	1
512	2020-08-13 12:54:00.641746+00	4	Jek Wong	2	[{"changed": {"fields": ["Department"]}}]	20	1
513	2020-08-15 20:46:57.182262+00	2	Customer Engagement	3		10	1
514	2020-08-16 19:55:41.355609+00	244	jekwong: jek@email.com	2	[{"changed": {"fields": ["Groups"]}}]	4	1
515	2020-08-16 23:20:14.088987+00	160	abdulhameedbinramadhan: hameed.ramadhan@denselight.com	3		4	1
516	2020-08-16 23:20:14.091491+00	241	alextanteckhowe: alex.tan@denselight.com	3		4	1
517	2020-08-16 23:20:14.093169+00	135	andypiper: andy.piper@denselight.com	3		4	1
518	2020-08-16 23:20:14.094651+00	161	anghockseng: hk921004@gmail.com	3		4	1
519	2020-08-16 23:20:14.096291+00	162	arbizcarlankyleortega: carlan.arbiz@denselight.com	3		4	1
520	2020-08-16 23:20:14.097646+00	137	arcillaraymundobonusan: raymundo.arcilla@denselight.com	3		4	1
521	2020-08-16 23:20:14.098903+00	163	argabiosodanilosaplala: danilo.argabioso@denselight.com	3		4	1
522	2020-08-16 23:20:14.100203+00	138	ashishkumarrai: ashish.kumar@denselight.com	3		4	1
523	2020-08-16 23:20:14.101464+00	164	balakrishnanprabhu: balakrishnan.prabhu@denselight.com	3		4	1
524	2020-08-16 23:20:14.102911+00	139	chanborshen: bs.chan@denselight.com	3		4	1
525	2020-08-16 23:20:14.10446+00	165	changcheekiongjames: james.chang@denselight.com	3		4	1
526	2020-08-16 23:20:14.106122+00	140	chantatkhit: tatkhit.chan@denselight.com	3		4	1
527	2020-08-16 23:20:14.107587+00	141	chanyuenchuen: eycchan@denselight.com	3		4	1
528	2020-08-16 23:20:14.10871+00	166	cheahyongsean: sean.cheah@denselight.com	3		4	1
529	2020-08-16 23:20:14.109883+00	167	cheeyoksun: alvis.chee@denselight.com	3		4	1
530	2020-08-16 23:20:14.11102+00	168	chenkokkiong: chenkk@denselight.com	3		4	1
531	2020-08-16 23:20:14.112199+00	169	chenyan: chen.yan@denselight.com	3		4	1
532	2020-08-16 23:20:14.11332+00	170	chewyongsheng: libra330@hotmail.com	3		4	1
533	2020-08-16 23:20:14.114418+00	171	chiahsiaoyu: xiaoyu.jia@denselight.com	3		4	1
534	2020-08-16 23:20:14.115534+00	142	chinsewei: david.chin@denselight.com	3		4	1
535	2020-08-16 23:20:14.116631+00	143	chivukulasubrahmanyam: chivukula.subbu@denselight.com	3		4	1
536	2020-08-16 23:20:14.117674+00	173	chuanye: ye.chuan@denselight.com	3		4	1
537	2020-08-16 23:20:14.118711+00	172	chuayuxiang: yxchua@denselight.com	3		4	1
538	2020-08-16 23:20:14.119933+00	174	dasalakshminarayanadheeraj: dheeraj.dasa@denselight.com	3		4	1
539	2020-08-16 23:20:14.12108+00	175	deguzmantirsocambalisa: tirso.deguzman@denselight.com	3		4	1
540	2020-08-16 23:20:14.122277+00	176	deleonalexandermamaradlo: alexander.deleon@denselight.com	3		4	1
541	2020-08-16 23:20:14.12354+00	144	dilemkareendamogo: kareen@denselight.com	3		4	1
542	2020-08-16 23:20:14.124752+00	177	eexueli: eexueli93@gmail.com	3		4	1
543	2020-08-16 23:20:14.125946+00	178	fairozahamed: fairoz.ahamed@denselight.com	3		4	1
544	2020-08-16 23:20:14.127144+00	179	fanlouiecanares: louie.fan@denselight.com	3		4	1
545	2020-08-16 23:20:14.128266+00	180	fengyingxue: 571055970@qq.com	3		4	1
546	2020-08-16 23:20:14.129354+00	181	ferraragiovanni: giovanni.ferrara@denselight.com	3		4	1
548	2020-08-16 23:20:14.131869+00	183	hoeneeshiuan: nshoe@denselight.com	3		4	1
549	2020-08-16 23:20:14.133111+00	146	hoganroystonhugh: hogan.hugh@denselight.com	3		4	1
550	2020-08-16 23:20:14.134254+00	242	hopetan: hope@email.com	3		4	1
551	2020-08-16 23:20:14.135416+00	184	houjiantao: jiantao.hou@denselight.com	3		4	1
552	2020-08-16 23:20:14.136482+00	182	hoxhinwei(susan): susan.ho@denselight.com	3		4	1
553	2020-08-16 23:20:14.137717+00	185	huangling: ling.huang@denselight.com	3		4	1
554	2020-08-16 23:20:14.138918+00	186	huangping: 260857989@qq.com	3		4	1
555	2020-08-16 23:20:14.140101+00	187	huangshenghe: simon.huang@denselight.com	3		4	1
556	2020-08-16 23:20:14.141323+00	244	jekwong: jek@email.com	3		4	1
557	2020-08-16 23:20:14.142509+00	188	jiaqingwen: qingwen.jia@denselight.com	3		4	1
558	2020-08-16 23:20:14.143796+00	147	juliusbautistaebonite: julius@denselight.com	3		4	1
559	2020-08-16 23:20:14.145025+00	189	juliusocadoampo: j.ampo@denselight.com	3		4	1
560	2020-08-16 23:20:14.146212+00	136	kaderkamal: kamal.kader@denselight.com	3		4	1
561	2020-08-16 23:20:14.147475+00	190	kangkoksengmichael: michael.kang@denselight.com	3		4	1
562	2020-08-16 23:20:14.148595+00	148	kayyewseng: anthonyk@denselight.com	3		4	1
563	2020-08-16 23:20:14.149705+00	149	kevinyangkai: kevin.yang@denselight.com	3		4	1
564	2020-08-16 23:20:14.150807+00	191	khizarhussankaleel: khizar@denselight.com	3		4	1
565	2020-08-16 23:20:14.152006+00	192	kohlongcheng: lckoh@denselight.com	3		4	1
566	2020-08-16 23:20:14.15322+00	150	lamyeeloy: yeeloy@denselight.com	3		4	1
567	2020-08-16 23:20:14.154319+00	151	leechewbeng: robin.lee@denselight.com	3		4	1
568	2020-08-16 23:20:14.155426+00	193	leelayhoon: layhoon.lee@denselight.com	3		4	1
569	2020-08-16 23:20:14.15661+00	152	leesipheng(jason): jason.lee@denselight.com	3		4	1
570	2020-08-16 23:20:14.157813+00	194	leeyunsian: lys.199810@gmail.com	3		4	1
571	2020-08-16 23:20:14.159135+00	195	liewkokwai: wesley.liew@denselight.com	3		4	1
572	2020-08-16 23:20:14.160557+00	196	limchiewkeat: chiewkeat.lim@denselight.com	3		4	1
573	2020-08-16 23:20:14.161717+00	197	limkhaiteng: kt.lim@denselight.com	3		4	1
574	2020-08-16 23:20:14.162816+00	198	lohterhoe: isaac.loh@denselight.com	3		4	1
575	2020-08-16 23:20:14.163921+00	199	madanaayush: madan.aayush@denselight.com	3		4	1
576	2020-08-16 23:20:14.165043+00	153	mali: jacquelyn.ma@denselight.com	3		4	1
577	2020-08-16 23:20:14.166227+00	200	maumitachakrabarti: maumita.chakrabarti@denselight.com	3		4	1
578	2020-08-16 23:20:14.167399+00	154	navinkumaralvalautham: navin.kumar@denselight.com	3		4	1
579	2020-08-16 23:20:14.168522+00	202	nguyenvietthe: vtnguyen@denselight.com	3		4	1
580	2020-08-16 23:20:14.169595+00	155	nguyenxuansang: xuansang.nguyen@denselight.com	3		4	1
581	2020-08-16 23:20:14.17067+00	201	ngyeneng: cassandra.ng@denselight.com	3		4	1
582	2020-08-16 23:20:14.171897+00	203	noblebright: noble.bright@denselight.com	3		4	1
583	2020-08-16 23:20:14.173024+00	204	ongrongfeng: goodshowluo@gmail.com	3		4	1
584	2020-08-16 23:20:14.174237+00	205	perumanaillomnarayanankuttyumadevi: umadevi@denselight.com	3		4	1
585	2020-08-16 23:20:14.175445+00	206	raguvaransubramaniam: ragucr9403@gmail.com	3		4	1
586	2020-08-16 23:20:14.176597+00	134	rajanrajgopal: rajan@denselight.com	3		4	1
587	2020-08-16 23:20:14.177816+00	207	rasuribintirazali: rasuri.razali@denselight.com	3		4	1
588	2020-08-16 23:20:14.179131+00	208	rebeccalourdes: rebecca.lourdes@denselight.com	3		4	1
589	2020-08-16 23:20:14.180331+00	209	reyesjimroseaddun: jim.rose@denselight.com	3		4	1
590	2020-08-16 23:20:14.181414+00	210	robiahbtemohamedtahir: layhoon.lee@denselight.com	3		4	1
591	2020-08-16 23:20:14.182472+00	211	ronaldomapotelacopia: ronaldo.mapote@denselight.com	3		4	1
592	2020-08-16 23:20:14.183593+00	156	ryanstephen: ryan.stephen@denselight.com	3		4	1
593	2020-08-16 23:20:14.184676+00	212	santoshkumarpani: santosh.kumar@denselight.com	3		4	1
594	2020-08-16 23:20:14.185826+00	213	simhonyuenaaron: hysim@denselight.com	3		4	1
595	2020-08-16 23:20:14.186927+00	214	sitiqadariyahbintemdyusoff: siti.q@denselight.com	3		4	1
596	2020-08-16 23:20:14.188016+00	157	somasankaran: soma.sankaran@denselight.com	3		4	1
597	2020-08-16 23:20:14.189052+00	215	sriiswirasrikumar: srieshwergunasegaram@gmail.com	3		4	1
598	2020-08-16 23:20:14.190152+00	216	sundararajsivaramalingam: sundararaj.siva@denselight.com	3		4	1
599	2020-08-16 23:20:14.191258+00	158	sungping-chun: pc.sung@denselight.com	3		4	1
600	2020-08-16 23:20:14.192333+00	217	syrexarcillotura: syrex@denselight.com	3		4	1
601	2020-08-16 23:20:14.193453+00	218	tanchinwun: chin2005@hotmail.com	3		4	1
602	2020-08-16 23:20:14.194641+00	221	tangchaiyee: chaiyee1103@hotmail.com	3		4	1
603	2020-08-16 23:20:14.195891+00	219	tanpohgek(sharon): sharon.tan@denselight.com	3		4	1
604	2020-08-16 23:20:14.197003+00	220	tansoohweejaslyn: jaslyn.tan@denselight.com	3		4	1
605	2020-08-16 23:20:14.198121+00	222	taykaymengandrew: andrew.tay@denselight.com	3		4	1
606	2020-08-16 23:20:14.199365+00	223	tehweijoe: joeyteh99@gmail.com	3		4	1
607	2020-08-16 23:20:14.200605+00	224	vaithiyalingamhari: hari.v@denselight.com	3		4	1
608	2020-08-16 23:20:14.20171+00	225	wangjinhua: 497814581@qq.com	3		4	1
609	2020-08-16 23:20:14.202887+00	226	wangli: 1275334393@qq.com	3		4	1
610	2020-08-16 23:20:14.204028+00	227	wangwei: 939024661qq.com@gmail.com	3		4	1
611	2020-08-16 23:20:14.205281+00	228	wangyaping: 3604879607@qq.com	3		4	1
612	2020-08-16 23:20:14.206607+00	229	wangyueping: 55320191@qq.com	3		4	1
613	2020-08-16 23:20:14.207833+00	230	wongzuxingkeith: keith.wong@denselight.com	3		4	1
614	2020-08-16 23:20:14.209104+00	231	xuqiulan: 593930910@qq.com	3		4	1
615	2020-08-16 23:20:24.785517+00	232	yangfeng: 63939234@qq.com	3		4	1
616	2020-08-16 23:20:24.788528+00	233	yangting: 181479069@qq.com	3		4	1
617	2020-08-16 23:20:24.789977+00	159	yaorushengray: rsyao@denselight.com	3		4	1
618	2020-08-16 23:20:24.791535+00	234	yeoaudieadam: audie.yeo@denselight.com	3		4	1
619	2020-08-16 23:20:24.793105+00	235	yumiao: 49504145@qq.com	3		4	1
620	2020-08-16 23:20:24.79443+00	236	zhangqing: 2214776521@qq.com	3		4	1
621	2020-08-16 23:20:24.795829+00	237	zhaohanxue: hanxue.zhao@denselight.com	3		4	1
622	2020-08-16 23:20:24.796962+00	238	zhengcaili: 825995920@qq.com	3		4	1
623	2020-08-16 23:20:24.798105+00	239	zhengshaoqin: 1004548688@qq.com	3		4	1
624	2020-08-16 23:20:24.799281+00	240	zhongxiangzhu: 490639724@qq.com	3		4	1
625	2020-08-16 23:24:46.090776+00	5	Reduce Customer Complaints by 20%	3		14	1
626	2020-08-16 23:24:46.093172+00	1	Customer Satisfaction 100%	3		14	1
627	2020-08-16 23:26:54.065237+00	260	"kayyewseng: 2016-07-01	2	[{"changed": {"fields": ["password"]}}]	4	1
628	2020-08-16 23:27:54.228081+00	260	kayyewsenganthony: anthonyk@denselight.com	2	[{"changed": {"fields": ["Username", "Email address", "Groups"]}}]	4	1
629	2020-08-16 23:29:14.951216+00	5	KAY YEW SENG, ANTHONY	1	[{"added": {}}]	20	1
630	2020-08-16 23:30:15.077121+00	279	"cheeyoksun: 2017-07-03	2	[{"changed": {"fields": ["password"]}}]	4	1
631	2020-08-16 23:30:47.018945+00	279	cheeyoksunalvis: alvis.chee@denselight.com	2	[{"changed": {"fields": ["Username", "Email address", "Groups"]}}]	4	1
632	2020-08-16 23:32:32.392271+00	6	CHEE YOK SUN, ALVIS	1	[{"added": {}}]	20	1
633	2020-08-16 23:32:57.300477+00	1	Ming Huang	3		20	1
634	2020-08-16 23:33:31.112275+00	13	1st Quarter: Appraisal 2020	3		32	1
635	2020-08-16 23:33:48.524514+00	7	Ensure that all customers complaints are resolved within 2 days	3		12	1
636	2020-08-16 23:33:48.526997+00	2	Customer Satisfaction 80%	3		12	1
637	2020-08-16 23:33:48.528393+00	1	Engage with the customers	3		12	1
638	2020-08-16 23:33:55.143893+00	10	Customer Engagement	3		11	1
639	2020-08-16 23:33:55.146726+00	9	Customer Engagement Score of 80%	3		11	1
640	2020-08-16 23:33:55.14825+00	3	Customer Engagement of 80%	3		11	1
641	2020-08-16 23:33:55.149887+00	2	Customer focused	3		11	1
642	2020-08-16 23:33:55.151732+00	1	Engage with customers	3		11	1
643	2020-08-16 23:34:05.295346+00	4	Put customers first	3		7	1
644	2020-08-16 23:34:05.298028+00	3	Customer Focused	3		7	1
645	2020-08-16 23:34:05.299395+00	2	Customer focused	3		7	1
646	2020-08-16 23:34:05.300741+00	1	Customer focused	3		7	1
647	2020-08-16 23:34:25.005407+00	2	Customer Experience Management	3		26	1
648	2020-08-16 23:34:25.008216+00	1	Customer Experience Management	3		26	1
649	2020-08-16 23:56:28.92156+00	1087181548	BALAKRISHNAN PRABHU	2	[{"changed": {"fields": ["Nric", "Gender", "Address", "First Reporting Manager", "Second Reporting Manager"]}}]	20	1
650	2020-08-16 23:57:08.535886+00	1941685512	LIEW KOK WAI	2	[{"changed": {"fields": ["Nric", "Gender", "Address", "First Reporting Manager", "Second Reporting Manager"]}}]	20	1
651	2020-08-16 23:57:32.027928+00	850138976	SUNDARARAJ SIVARAMALINGAM	2	[{"changed": {"fields": ["Nric", "Gender", "Address", "First Reporting Manager", "Second Reporting Manager"]}}]	20	1
652	2020-08-16 23:58:23.296639+00	22592094	VAITHIYALINGAM HARI	2	[{"changed": {"fields": ["Nric", "Gender", "Address", "First Reporting Manager", "Second Reporting Manager"]}}]	20	1
653	2020-08-16 23:59:33.939622+00	1	hunetadmin1: bennyteomh@hotmail.com	2	[{"changed": {"fields": ["Username", "Groups"]}}]	4	1
654	2020-08-17 00:00:41.437931+00	1	hunetadmin1: Denselight_epmp@consulthunet.com	2	[{"changed": {"fields": ["Email address"]}}]	4	1
655	2020-08-17 00:03:52.180471+00	3	Employee	2	[{"changed": {"fields": ["Permissions"]}}]	3	1
656	2020-08-17 00:03:59.061934+00	2	HR	2	[]	3	1
657	2020-08-17 00:04:07.318137+00	5	Manager	2	[{"changed": {"fields": ["Permissions"]}}]	3	1
658	2020-08-17 02:53:31.416212+00	353	alextanteckhowe: alex.tan@denselight.com	2	[{"changed": {"fields": ["Groups"]}}]	4	1
659	2020-08-17 02:53:52.965058+00	305	leelayhoon: layhoon.lee@denselight.com	2	[{"changed": {"fields": ["Groups"]}}]	4	1
660	2020-08-17 04:07:59.078492+00	353	alextanteckhowe: alex.tan@denselight.com	2	[{"changed": {"fields": ["Groups"]}}]	4	1
661	2020-08-17 04:11:31.565446+00	305	leelayhoon: layhoon.lee@denselight.com	2	[{"changed": {"fields": ["Groups"]}}]	4	1
662	2020-08-19 03:15:40.344392+00	7	admin1	2	[{"changed": {"fields": ["First Reporting Manager"]}}]	20	1
663	2020-08-19 03:34:11.233576+00	7	admin1	2	[]	20	1
664	2020-08-19 03:41:57.082488+00	9	Visit 5 customers a week	2	[{"changed": {"fields": ["Date created", "Progress"]}}]	12	1
665	2020-08-19 04:03:45.572895+00	18	1st Quarter: Appraisal 2022	2	[{"changed": {"fields": ["Start date", "Goals setting end date", "Mid year start date", "Mid year end date", "End year start date", "Appraisal end date", "Reports end date", "Calibration end date", "Status"]}}]	32	1
666	2020-08-19 04:04:11.008987+00	18	1st Quarter: Appraisal 2022	2	[{"changed": {"fields": ["Start date", "Goals setting end date", "Mid year start date", "Mid year end date", "End year start date", "Appraisal end date", "Reports end date", "Calibration end date", "Status"]}}]	32	1
667	2020-08-19 04:17:12.137785+00	354	admin1: ben@email.com	3		4	1
668	2020-08-19 04:17:12.140448+00	355	admin2: ben@hotmail.com	3		4	1
669	2020-08-19 04:17:12.141875+00	356	admin3: bennyteomh@hotmail.com	3		4	1
670	2020-08-19 04:18:28.112456+00	18	1st Quarter: Appraisal 2022	3		32	1
671	2020-08-19 08:29:24.39401+00	357	muhammadzuhdi: mzuhdi@denselight.com	2	[{"changed": {"fields": ["Email address"]}}]	4	1
672	2020-08-19 16:01:15.258236+00	358	hunetuser: 	1	[{"added": {}}]	4	1
673	2020-08-19 16:01:30.415777+00	358	hunetuser: 	2	[{"changed": {"fields": ["Groups"]}}]	4	1
674	2020-08-19 16:02:44.896235+00	358	hunetuser: hunetuser@email.com	2	[{"changed": {"fields": ["Email address"]}}]	4	1
675	2020-08-19 16:03:39.523692+00	358	hunetuser: hunetuser@email.com	3		4	1
676	2020-08-20 06:25:36.357317+00	360	hunetemployee: hunetemployee@email.com	2	[{"changed": {"fields": ["Email address"]}}]	4	1
677	2020-08-27 03:17:37.188147+00	363	admin3: priya@email.com	2	[{"changed": {"fields": ["password"]}}]	4	1
678	2020-08-27 03:24:48.567602+00	139	HuNet Employee:'s Appraisal	2	[{"changed": {"fields": ["Status"]}}]	35	1
679	2020-08-27 03:26:19.016382+00	139	HuNet Employee:'s Appraisal	2	[{"changed": {"fields": ["Status"]}}]	35	1
680	2020-08-27 03:26:49.26032+00	139	HuNet Employee:'s Appraisal	2	[{"changed": {"fields": ["Status", "Mid year completion"]}}]	35	1
681	2020-08-27 03:27:19.984956+00	139	HuNet Employee:'s Appraisal	2	[{"changed": {"fields": ["IncrementRecommendation", "BonusRecommendation", "RecommendationComments"]}}]	35	1
682	2020-08-27 03:28:44.596163+00	139	HuNet Employee:'s Appraisal	2	[{"changed": {"fields": ["Completion", "Goals settingM rejection"]}}]	35	1
683	2020-08-27 03:32:31.95081+00	19	1st Quarter: Demo Appraisal	2	[{"changed": {"fields": ["Start date", "Goals setting end date", "Mid year start date", "Mid year end date", "End year start date", "Appraisal end date", "Reports end date", "Calibration end date", "Status"]}}]	32	1
684	2020-08-27 03:36:28.682978+00	139	HuNet Employee:'s Appraisal	2	[{"changed": {"fields": ["Completion"]}}]	35	1
685	2020-08-27 03:45:32.566003+00	139	HuNet Employee:'s Appraisal	2	[{"changed": {"fields": ["Status", "Mid year completion"]}}]	35	1
686	2020-08-27 03:46:51.725353+00	139	HuNet Employee:'s Appraisal	2	[{"changed": {"fields": ["Status"]}}]	35	1
687	2020-08-27 03:48:09.524736+00	139	HuNet Employee:'s Appraisal	2	[{"changed": {"fields": ["Status"]}}]	35	1
688	2020-08-27 03:51:48.372199+00	19	1st Quarter: Demo Appraisal	2	[{"changed": {"fields": ["Start date", "Goals setting end date", "Mid year start date", "Mid year end date", "End year start date", "Appraisal end date", "Reports end date", "Calibration end date", "Status"]}}]	32	1
689	2020-08-27 03:53:09.48627+00	139	HuNet Employee:'s Appraisal	2	[{"changed": {"fields": ["Status"]}}]	35	1
690	2020-08-29 07:41:28.241123+00	3	Integrity with Passion & Tenacity - Take pride in every job assigned by \\n displaying highest level of honesty and openness. Cultivates entrepreneurial drive as a means to remain flexible, agile and w	2	[{"changed": {"fields": ["Description"]}}]	8	1
691	2020-08-29 07:42:22.939839+00	3	Integrity with Passion & Tenacity - Take pride in every job assigned by displaying highest level of honesty and openness. Cultivates entrepreneurial drive as a means to remain flexible, agile and will	2	[{"changed": {"fields": ["Description"]}}]	8	1
692	2020-08-31 03:49:07.099451+00	361	admin1: bennyteomh@hotmail.com	2	[{"changed": {"fields": ["Email address"]}}]	4	1
693	2020-09-01 03:10:33.211466+00	361	admin1: bennyteomh@hotmail.com	3		4	1
694	2020-09-01 03:10:49.035306+00	362	admin2: priya@email.com	3		4	1
695	2020-09-01 03:11:01.003889+00	363	admin3: priya@email.com	3		4	1
696	2020-09-01 03:11:25.400456+00	360	hunetemployee: hunetemployee@email.com	3		4	1
697	2020-09-01 03:11:43.060246+00	359	hunetmanager: hunetmanager@email.com	3		4	1
698	2020-09-02 06:49:51.908468+00	307	liewkokwai: wesley.liew@denselight.com	2	[{"changed": {"fields": ["Groups"]}}]	4	1
699	2020-09-18 09:34:31.873186+00	5	Demonstrate Leadership (For Leaders) - Ensures that the team is focused, motivated and inspired to achieve organizational objectives	3		8	1
700	2020-09-18 09:34:31.876124+00	4	People Development (For Leaders) - Ability to transfer expertise and build the long-term leadership capability of others by teaching, coaching and/or mentoring	3		8	1
701	2020-09-18 09:34:31.87848+00	3	Integrity with Passion & Tenacity - Take pride in every job assigned by displaying highest level of honesty and openness. Cultivates entrepreneurial drive as a means to remain flexible, agile and will	3		8	1
702	2020-09-18 09:34:31.880064+00	2	Commitment to You - Committed to achieve excellence by doing what was said, behaving with integrity at all times and always upholding the ethical standards of the company. Employees show respect to on	3		8	1
703	2020-09-18 09:34:31.881446+00	1	Customer focused - Demonstrate commitment to put customers first by striving to provide them with superior innovative products and continuously improve on quality	3		8	1
704	2020-09-18 09:39:44.963837+00	6	Customer First Mindset - Our customers, come first. We will strive to provide them with superior innovative products and will continuously improve their quality that will in turn see us win in our end	1	[{"added": {}}]	8	1
705	2020-09-18 09:40:15.771312+00	7	Commitment to You - We are accountable in our commitment to achieve excellence.  We do what we say and behave with integrity at all time. We will uphold the ethical standards of the company always.  W	1	[{"added": {}}]	8	1
706	2020-09-18 09:41:03.222593+00	8	Integrity with Passion & Tenacity - At DenseLight, we take pride in every job that we do by having the highest level of honesty and openness. We cultivate our entrepreneurial drive as a means to remai	1	[{"added": {}}]	8	1
707	2020-09-18 09:45:08.688902+00	9	People Development - Ability to transfer expertise and build the long-term leadership capability of others by teaching, coaching and/or mentoring	1	[{"added": {}}]	8	1
708	2020-09-18 09:45:52.313915+00	10	Demonstrate Leadership - Ensures that the team is focused, motivated and inspired to achieve organizational objectives	1	[{"added": {}}]	8	1
709	2020-09-23 06:37:53.549448+00	16	hunetadmin1	1	[{"added": {}}]	20	1
710	2020-09-23 06:38:17.863478+00	1	hunetadmin1: Denselight_epmp@consulthunet.com	2	[]	4	1
711	2020-09-23 12:19:13.593517+00	1	hunetadmin1: Denselight_epmp@consulthunet.com	2	[{"changed": {"fields": ["Groups"]}}]	4	1
712	2020-09-24 02:04:33.805721+00	227	TAY KAY MENG ANDREW:'s Appraisal	2	[{"changed": {"fields": ["Status"]}}]	35	1
713	2020-09-24 02:04:52.341828+00	250	CHEE YOK SUN, ALVIS:'s Appraisal	2	[{"changed": {"fields": ["Status"]}}]	35	1
714	2020-09-24 02:08:39.758679+00	227	TAY KAY MENG ANDREW:'s Appraisal	2	[{"changed": {"fields": ["Status"]}}]	35	1
715	2020-09-24 02:10:21.868614+00	250	CHEE YOK SUN, ALVIS:'s Appraisal	2	[{"changed": {"fields": ["Status"]}}]	35	1
716	2020-09-24 02:10:55.38723+00	227	TAY KAY MENG ANDREW:'s Appraisal	2	[{"changed": {"fields": ["Status"]}}]	35	1
717	2020-09-24 08:26:59.505668+00	1369735000	JIA QINGWEN	2	[{"changed": {"fields": ["Nric", "Gender", "Address", "First Reporting Manager", "Second Reporting Manager"]}}]	20	1
718	2020-09-25 02:30:05.221622+00	195	JIA QINGWEN:'s Appraisal	2	[{"changed": {"fields": ["Manager"]}}]	35	1
719	2020-09-25 02:30:41.873043+00	1369735000	JIA QINGWEN	2	[]	20	1
720	2020-09-28 07:49:31.181641+00	110	Alignment of DenseLight solutions to Customers needs	1	[{"added": {}}]	7	1
721	2020-09-28 07:50:31.024835+00	111	Technology mentorship to all DenseLight colleagues	1	[{"added": {}}]	7	1
722	2020-09-28 07:51:10.815815+00	112	Focus on meeting Stakeholders goals	1	[{"added": {}}]	7	1
723	2020-09-28 10:09:17.238885+00	110	Alignment of DenseLight solutions to Customers needs	2	[{"changed": {"fields": ["Weightage"]}}]	7	1
724	2020-09-28 10:09:33.408367+00	111	Technology mentorship to all DenseLight colleagues	2	[{"changed": {"fields": ["Weightage"]}}]	7	1
725	2020-09-28 10:09:46.623624+00	112	Focus on meeting Stakeholders goals	2	[{"changed": {"fields": ["Weightage"]}}]	7	1
726	2020-09-28 10:35:46.928848+00	249	KAY YEW SENG, ANTHONY:'s Appraisal	2	[{"changed": {"fields": ["Manager"]}}]	35	1
727	2020-09-28 10:36:34.084293+00	5	KAY YEW SENG, ANTHONY	2	[{"changed": {"fields": ["First Reporting Manager"]}}]	20	1
728	2020-09-28 10:37:13.901331+00	1608216415	REBECCA LOURDES	2	[{"changed": {"fields": ["Nric", "Gender", "Address", "First Reporting Manager"]}}]	20	1
729	2020-09-28 10:37:54.854517+00	2076006951	WONG ZU XING KEITH	2	[{"changed": {"fields": ["First Reporting Manager"]}}]	20	1
730	2020-09-29 07:42:25.188995+00	26	DPhi INTEGRATION	1	[{"added": {}}]	18	1
731	2020-09-29 07:45:25.744806+00	9327697	CHANG CHEE KIONG JAMES	2	[{"changed": {"fields": ["Nric", "Department", "Gender", "Address"]}}]	20	1
732	2020-09-29 07:50:27.335044+00	1777433913	KOH LONG CHENG	2	[{"changed": {"fields": ["Nric", "Department", "Gender", "Address"]}}]	20	1
733	2020-09-29 07:52:48.625468+00	31853750	MADAN AAYUSH	2	[{"changed": {"fields": ["Nric", "Gender", "Address", "First Reporting Manager"]}}]	20	1
734	2020-09-29 07:53:28.717115+00	206	MADAN AAYUSH:'s Appraisal	2	[{"changed": {"fields": ["Manager"]}}]	35	1
735	2020-09-29 07:54:25.101903+00	2076006951	WONG ZU XING KEITH	2	[{"changed": {"fields": ["First Reporting Manager"]}}]	20	1
736	2020-09-29 07:55:02.731042+00	234	WONG ZU XING KEITH:'s Appraisal	2	[{"changed": {"fields": ["Manager"]}}]	35	1
737	2020-09-29 07:56:59.40486+00	1087181548	BALAKRISHNAN PRABHU	2	[{"changed": {"fields": ["First Reporting Manager"]}}]	20	1
738	2020-09-29 07:58:01.393959+00	189	BALAKRISHNAN PRABHU:'s Appraisal	2	[{"changed": {"fields": ["Manager"]}}]	35	1
739	2020-09-29 07:58:37.915627+00	198	LIEW KOK WAI:'s Appraisal	2	[{"changed": {"fields": ["Manager"]}}]	35	1
740	2020-09-29 07:59:15.348088+00	1941685512	LIEW KOK WAI	2	[{"changed": {"fields": ["First Reporting Manager"]}}]	20	1
741	2020-09-29 07:59:44.861429+00	850138976	SUNDARARAJ SIVARAMALINGAM	2	[{"changed": {"fields": ["First Reporting Manager"]}}]	20	1
742	2020-09-29 08:00:08.199313+00	236	SUNDARARAJ SIVARAMALINGAM:'s Appraisal	2	[{"changed": {"fields": ["Manager"]}}]	35	1
743	2020-09-29 08:06:22.203145+00	237	VAITHIYALINGAM HARI:'s Appraisal	2	[{"changed": {"fields": ["Manager"]}}]	35	1
744	2020-09-29 08:06:49.405588+00	22592094	VAITHIYALINGAM HARI	2	[{"changed": {"fields": ["First Reporting Manager"]}}]	20	1
745	2020-09-29 08:07:25.956469+00	191	HOU JIANTAO:'s Appraisal	2	[{"changed": {"fields": ["Manager"]}}]	35	1
746	2020-09-29 08:08:37.420779+00	589561367	HOU JIANTAO	2	[{"changed": {"fields": ["Nric", "Gender", "Address", "First Reporting Manager"]}}]	20	1
747	2020-09-29 08:10:26.327793+00	192	HUANG LING:'s Appraisal	2	[{"changed": {"fields": ["Manager"]}}]	35	1
748	2020-09-29 08:10:47.956784+00	194	HUANG SHENGHE:'s Appraisal	2	[{"changed": {"fields": ["Manager"]}}]	35	1
749	2020-09-29 08:10:59.337357+00	206959734	HUANG LING	2	[{"changed": {"fields": ["Nric", "Gender", "Address", "First Reporting Manager"]}}]	20	1
750	2020-09-29 08:12:10.048074+00	290990818	HUANG SHENGHE	2	[{"changed": {"fields": ["Nric", "Gender", "Address", "First Reporting Manager"]}}]	20	1
751	2020-09-29 08:12:55.781839+00	209	NOBLE BRIGHT:'s Appraisal	2	[{"changed": {"fields": ["Manager"]}}]	35	1
752	2020-09-29 08:13:44.03423+00	1723530200	NOBLE BRIGHT	2	[{"changed": {"fields": ["Nric", "Gender", "Address", "First Reporting Manager"]}}]	20	1
753	2020-09-29 08:14:26.120902+00	673813648	SANTOSH KUMAR PANI	2	[{"changed": {"fields": ["Nric", "Gender", "Address", "First Reporting Manager"]}}]	20	1
754	2020-09-29 08:14:46.610999+00	218	SANTOSH KUMAR PANI:'s Appraisal	2	[{"changed": {"fields": ["Manager"]}}]	35	1
755	2020-09-29 08:19:12.606349+00	2125149271	YEO AUDIE ADAM	2	[{"changed": {"fields": ["Nric", "Gender", "Address", "First Reporting Manager"]}}]	20	1
756	2020-09-29 08:19:26.727807+00	241	YEO AUDIE ADAM:'s Appraisal	2	[{"changed": {"fields": ["Manager"]}}]	35	1
757	2020-09-29 08:21:02.09831+00	1135328161	LAM YEE LOY	2	[{"changed": {"fields": ["Nric", "Department", "Gender", "Address"]}}]	20	1
758	2020-09-29 08:23:25.590935+00	973293088	HO XHIN WEI (SUSAN)	3		20	1
759	2020-10-01 07:44:07.201535+00	5	KAY YEW SENG, ANTHONY	2	[{"changed": {"fields": ["Employee ID", "Address"]}}]	20	1
760	2020-10-05 09:08:01.378493+00	268	a. Attend at least 4 job fairs/talks to represent DLS (Total no. of attended by year end)	1	[{"added": {}}]	12	1
761	2020-10-05 09:09:36.692432+00	269	b. Review the HRIS to increase productivity for work - E- PMP by HuNet (By Q3, 2020) - E- OT System -Auto link to Citrix for time soft payout computation by HuNet (By March 2020)	1	[{"added": {}}]	12	1
762	2020-10-05 09:10:23.696559+00	110	Improve Companys Branding	2	[{"changed": {"fields": ["Description"]}}]	11	1
763	2020-10-05 09:13:09.948876+00	105	Improve Company's Branding	2	[{"changed": {"fields": ["Description"]}}]	11	1
764	2020-10-05 09:14:08.605608+00	110	Improve Companys Branding	2	[{"changed": {"fields": ["Description"]}}]	11	1
765	2020-10-05 09:14:40.167574+00	268	a. Attend at least 4 job fairs/talks to represent DLS (Total no. of attended by year end)	2	[{"changed": {"fields": ["Goal", "Date created"]}}]	12	1
766	2020-10-05 09:54:29.954805+00	22592094	VAITHIYALINGAM HARI	2	[]	20	1
767	2020-10-05 09:56:25.666758+00	336	vaithiyalingamhari: hari.v@denselight.com	2	[]	4	1
768	2020-10-05 09:56:41.986439+00	3	Employee	2	[]	3	1
769	2020-10-06 03:51:37.970039+00	336	vaithiyalingamhari: hari.v@denselight.com	2	[{"changed": {"fields": ["Groups"]}}]	4	1
770	2020-10-06 08:16:39.412843+00	276	balakrishnanprabhu: balakrishnan.prabhu@denselight.com	2	[{"changed": {"fields": ["Groups"]}}]	4	1
771	2020-10-07 06:41:28.644132+00	328	sundararajsivaramalingam: sundararaj.siva@denselight.com	2	[{"changed": {"fields": ["Groups"]}}]	4	1
772	2020-10-09 05:39:18.821779+00	220	SITI QADARIYAH BINTE MD YUSOFF:'s Appraisal	2	[{"changed": {"fields": ["Status"]}}]	35	1
773	2020-10-09 07:30:53.260866+00	288	deleonalexandermamaradlo: alexander.deleon@denselight.com	2	[{"changed": {"fields": ["password"]}}]	4	1
774	2020-10-09 09:16:55.112972+00	303	khizarhussankaleel: khizar@denselight.com	2	[{"changed": {"fields": ["password"]}}]	4	1
775	2020-10-12 07:02:53.839477+00	173	CHEN KOK KIONG:'s Appraisal	3		35	1
776	2020-10-12 07:03:16.706513+00	191	HOU JIANTAO:'s Appraisal	3		35	1
777	2020-10-12 07:03:31.142175+00	203	LIM CHIEW KEAT:'s Appraisal	3		35	1
778	2020-10-14 03:10:23.020795+00	257	helenvincent: helen@denselight.com	2	[{"changed": {"fields": ["password"]}}]	4	1
779	2020-10-14 04:01:14.628198+00	256	HELEN VINCENT:'s Appraisal	2	[{"changed": {"fields": ["Status"]}}]	35	1
780	2020-10-14 04:12:50.06797+00	256	HELEN VINCENT:'s Appraisal	2	[{"changed": {"fields": ["Status"]}}]	35	1
781	2020-10-14 04:34:42.066882+00	256	HELEN VINCENT:'s Appraisal	2	[{"changed": {"fields": ["Status"]}}]	35	1
782	2020-10-14 04:38:02.911693+00	27	3rd Quarter: 2020 Performance Appraisal - Helen Vincent	2	[{"changed": {"fields": ["Start date", "Goals setting end date", "Mid year start date", "Mid year end date", "End year start date", "Appraisal end date", "Reports end date", "Calibration end date", "Status"]}}]	32	1
783	2020-10-14 04:40:46.221815+00	262	lamyeeloy: yeeloy@denselight.com	2	[{"changed": {"fields": ["password"]}}]	4	1
784	2020-10-14 05:01:59.78951+00	258	LAM YEE LOY:'s Appraisal	2	[{"changed": {"fields": ["Status"]}}]	35	1
785	2020-10-14 05:05:13.639568+00	29	3rd Quarter: 2020 Performance Appraisal - Lam Yee Loy	2	[{"changed": {"fields": ["Start date", "Goals setting end date", "Mid year start date", "Mid year end date", "End year start date", "Appraisal end date", "Reports end date", "Calibration end date", "Status"]}}]	32	1
786	2020-10-14 07:18:16.094959+00	251	chanborshen: bs.chan@denselight.com	2	[{"changed": {"fields": ["password"]}}]	4	1
787	2020-10-14 07:41:26.6011+00	259	CHAN BOR SHEN:'s Appraisal	2	[{"changed": {"fields": ["Status"]}}]	35	1
788	2020-10-14 07:43:21.193444+00	30	3rd Quarter: 2020 Performance Appraisal - Chan Bor Shen	2	[{"changed": {"fields": ["Start date", "Goals setting end date", "Mid year start date", "Mid year end date", "End year start date", "Appraisal end date", "Reports end date", "Calibration end date", "Status"]}}]	32	1
789	2020-10-14 07:55:51.32564+00	269	somasankaran: soma.sankaran@denselight.com	2	[{"changed": {"fields": ["password"]}}]	4	1
790	2020-10-14 07:59:49.956615+00	254	chinsewei: david.chin@denselight.com	2	[{"changed": {"fields": ["password"]}}]	4	1
791	2020-10-14 08:02:30.602587+00	247	andypiper: andy.piper@denselight.com	2	[{"changed": {"fields": ["password"]}}]	4	1
792	2020-10-14 08:05:17.567015+00	255	chivukulasubrahmanyam: chivukula.subbu@denselight.com	2	[{"changed": {"fields": ["password"]}}]	4	1
793	2020-10-14 08:05:55.986673+00	252	chantatkhit: tatkhit.chan@denselight.com	2	[{"changed": {"fields": ["password"]}}]	4	1
794	2020-10-14 08:06:10.233635+00	261	kevinyangkai: kevin.yang@denselight.com	2	[{"changed": {"fields": ["password"]}}]	4	1
795	2020-10-14 10:00:07.197544+00	260	SOMA SANKARAN:'s Appraisal	2	[{"changed": {"fields": ["Status"]}}]	35	1
796	2020-10-14 10:03:57.261362+00	31	3rd Quarter: 2020 Performance Appraisal - Soma Sankaran	2	[{"changed": {"fields": ["Start date", "Goals setting end date", "Mid year start date", "Mid year end date", "End year start date", "Appraisal end date", "Reports end date", "Calibration end date", "Status"]}}]	32	1
797	2020-10-14 10:30:31.436588+00	261	CHIN SE WEI:'s Appraisal	2	[{"changed": {"fields": ["Status"]}}]	35	1
798	2020-10-14 10:31:30.047029+00	32	3rd Quarter: 2020 Performance Appraisal - David Chin	2	[{"changed": {"fields": ["Start date", "Goals setting end date", "Mid year start date", "Mid year end date", "End year start date", "Appraisal end date", "Reports end date", "Calibration end date", "Status"]}}]	32	1
799	2020-10-14 10:47:19.107097+00	262	ANDY PIPER:'s Appraisal	2	[{"changed": {"fields": ["Status"]}}]	35	1
800	2020-10-14 10:48:25.264423+00	262	ANDY PIPER:'s Appraisal	2	[{"changed": {"fields": ["Status"]}}]	35	1
801	2020-10-14 11:13:39.016773+00	263	CHIVUKULA SUBRAHMANYAM:'s Appraisal	2	[{"changed": {"fields": ["Status"]}}]	35	1
802	2020-10-14 11:15:19.802623+00	34	3rd Quarter: 2020 Performance Appraisal - Chivukula Subrahmanya	2	[{"changed": {"fields": ["Start date", "Goals setting end date", "Mid year start date", "Mid year end date", "End year start date", "Appraisal end date", "Reports end date", "Calibration end date", "Status"]}}]	32	1
803	2020-10-14 11:33:50.390607+00	264	CHAN TAT KHIT:'s Appraisal	2	[{"changed": {"fields": ["Status"]}}]	35	1
804	2020-11-04 04:23:29.92853+00	255	LEE LAY HOON:'s Appraisal	2	[]	35	1
805	2020-11-04 04:27:50.016391+00	261	CHIN SE WEI:'s Appraisal	2	[]	35	1
806	2020-11-04 04:28:24.423+00	256	HELEN VINCENT:'s Appraisal	2	[]	35	1
807	2020-11-04 09:17:14.22325+00	33	3rd Quarter: 2020 Performance Appraisal - Andy Piper	2	[{"changed": {"fields": ["Start date", "Goals setting end date", "Mid year start date", "Mid year end date", "End year start date", "Appraisal end date", "Reports end date", "Calibration end date"]}}]	32	1
808	2020-11-04 09:17:25.068024+00	35	3rd Quarter: 2020 Performance Appraisal - Chan TK	2	[{"changed": {"fields": ["Start date", "Goals setting end date", "Mid year start date", "Mid year end date", "End year start date", "Appraisal end date", "Reports end date", "Calibration end date"]}}]	32	1
809	2020-11-04 09:17:31.412222+00	32	3rd Quarter: 2020 Performance Appraisal - David Chin	2	[{"changed": {"fields": ["Start date", "Goals setting end date", "Mid year start date", "Mid year end date", "End year start date", "Appraisal end date", "Reports end date", "Calibration end date"]}}]	32	1
810	2020-11-04 09:19:33.678713+00	33	3rd Quarter: 2020 Performance Appraisal - Andy Piper	2	[{"changed": {"fields": ["Start date", "Goals setting end date", "Mid year start date", "Mid year end date", "End year start date", "Appraisal end date", "Reports end date", "Calibration end date", "Status"]}}]	32	1
811	2020-11-04 09:21:22.99691+00	35	3rd Quarter: 2020 Performance Appraisal - Chan TK	2	[{"changed": {"fields": ["Start date", "Goals setting end date", "Mid year start date", "Mid year end date", "End year start date", "Appraisal end date", "Reports end date", "Calibration end date", "Status"]}}]	32	1
812	2020-11-04 09:35:38.493437+00	35	3rd Quarter: 2020 Performance Appraisal - Chan TK	2	[{"changed": {"fields": ["Start date", "Goals setting end date", "Mid year start date", "Mid year end date", "End year start date", "Appraisal end date", "Reports end date", "Calibration end date"]}}]	32	1
813	2020-11-18 11:56:08.10412+00	366	kpitestuser: user@email.com	3		4	1
814	2020-11-18 11:57:52.33327+00	367	usertest2: 	1	[{"added": {}}]	4	1
815	2020-11-18 12:11:14.505322+00	365	managertest: managertest@email.com	2	[]	4	1
816	2020-11-18 12:15:14.596316+00	365	managertest: managertest@email.com	2	[{"changed": {"fields": ["password"]}}]	4	1
817	2020-11-25 07:12:19.363702+00	251	chanborshen: bs.chan@denselight.com	2	[{"changed": {"fields": ["password"]}}]	4	1
818	2020-11-25 07:18:33.656145+00	269	somasankaran: soma.sankaran@denselight.com	2	[{"changed": {"fields": ["password"]}}]	4	1
819	2020-11-25 12:36:48.953846+00	261	kevinyangkai: kevin.yang@denselight.com	2	[{"changed": {"fields": ["password"]}}]	4	1
820	2020-11-25 12:41:23.508566+00	255	chivukulasubrahmanyam: chivukula.subbu@denselight.com	2	[{"changed": {"fields": ["password"]}}]	4	1
821	2020-11-25 12:50:25.238794+00	254	chinsewei: david.chin@denselight.com	2	[{"changed": {"fields": ["password"]}}]	4	1
822	2020-11-25 12:54:35.26996+00	262	lamyeeloy: yeeloy@denselight.com	2	[{"changed": {"fields": ["password"]}}]	4	1
823	2020-11-25 12:59:21.268284+00	247	andypiper: andy.piper@denselight.com	2	[{"changed": {"fields": ["password"]}}]	4	1
824	2020-11-25 13:03:14.162394+00	252	chantatkhit: tatkhit.chan@denselight.com	2	[{"changed": {"fields": ["password"]}}]	4	1
825	2020-11-25 13:11:20.055644+00	246	rajanrajgopal: rajan@denselight.com	2	[{"changed": {"fields": ["password"]}}]	4	1
826	2020-11-26 07:35:38.869828+00	305	leelayhoon: layhoon.lee@denselight.com	2	[{"changed": {"fields": ["password"]}}]	4	1
827	2020-11-26 14:24:59.404489+00	277	changcheekiongjames: james.chang@denselight.com	2	[{"changed": {"fields": ["password"]}}]	4	1
828	2020-11-26 17:08:26.281198+00	270	sungping-chun: pc.sung@denselight.com	2	[{"changed": {"fields": ["password"]}}]	4	1
829	2020-11-26 17:11:30.224254+00	276	balakrishnanprabhu: balakrishnan.prabhu@denselight.com	2	[{"changed": {"fields": ["password"]}}]	4	1
830	2020-11-26 17:14:38.563845+00	265	mali: jacquelyn.ma@denselight.com	2	[{"changed": {"fields": ["password"]}}]	4	1
831	2020-11-26 17:17:42.094994+00	286	dasalakshminarayanadheeraj: dheeraj.dasa@denselight.com	2	[{"changed": {"fields": ["password"]}}]	4	1
832	2020-11-26 17:20:59.596335+00	287	deguzmantirsocambalisa: tirso.deguzman@denselight.com	2	[{"changed": {"fields": ["password"]}}]	4	1
833	2020-11-26 17:27:54.210956+00	264	leesiphengjason: jason.lee@denselight.com	2	[{"changed": {"fields": ["password"]}}]	4	1
834	2020-11-26 17:31:43.641471+00	295	hoeneeshiuan: nshoe@denselight.com	2	[{"changed": {"fields": ["password"]}}]	4	1
835	2020-11-26 17:34:23.934387+00	271	yaorushengray: rsyao@denselight.com	2	[{"changed": {"fields": ["password"]}}]	4	1
836	2020-11-26 17:42:20.156056+00	266	navinkumara/lvalautham: navin.kumar@denselight.com	2	[{"changed": {"fields": ["password"]}}]	4	1
837	2020-11-29 19:02:38.203234+00	252	chantatkhit: tatkhit.chan@denselight.com	2	[{"changed": {"fields": ["password"]}}]	4	1
838	2020-11-29 19:15:21.860556+00	251	chanborshen: bs.chan@denselight.com	2	[{"changed": {"fields": ["password"]}}]	4	1
839	2020-12-02 06:10:56.090155+00	265	mali: jacquelyn.ma@denselight.com	2	[{"changed": {"fields": ["password"]}}]	4	1
840	2020-12-02 06:33:16.242114+00	331	tanpohgeksharon: sharon.tan@denselight.com	2	[{"changed": {"fields": ["password"]}}]	4	1
841	2020-12-04 07:58:44.433906+00	271	yaorushengray: rsyao@denselight.com	2	[{"changed": {"fields": ["password"]}}]	4	1
\.


--
-- Data for Name: django_content_type; Type: TABLE DATA; Schema: public; Owner: benny6789
--

COPY public.django_content_type (id, app_label, model) FROM stdin;
1	admin	logentry
2	auth	permission
3	auth	group
4	auth	user
5	contenttypes	contenttype
6	sessions	session
7	GnC	competencies
8	GnC	competency_category
9	GnC	departmental_competencies
10	GnC	goal_category
11	GnC	goals
12	GnC	kpi
13	GnC	goal_comment
14	GnC	departmental_goals
15	GnC	departmental_goal_comment
16	GnC	departmental_competencies_comment
17	GnC	competency_comment
18	Profile	departments
19	Profile	discard_skills
20	Profile	profile
21	Profile	qualifications
22	Trainings	skill_category
23	Trainings	trainings
24	Trainings	training_courses
25	Trainings	survey_trainings
26	Trainings	skills
27	Trainings	career_discussion
28	Trainings	apply_trainings
29	Ticketing	ticket
30	Ticketing	ticket_comments
31	Appraisals	appraisal_category
32	Appraisals	overall_appraisal
33	Appraisals	peerappraisal
34	Appraisals	rating_scale
35	Appraisals	user_appraisal_list
36	Appraisals	peerappraisalquestion
37	Appraisals	appraisal
38	thumbnail	kvstore
39	GnC	comment_box
40	GnC	mid_yr_comment_box
\.


--
-- Data for Name: django_migrations; Type: TABLE DATA; Schema: public; Owner: benny6789
--

COPY public.django_migrations (id, app, name, applied) FROM stdin;
1	contenttypes	0001_initial	2020-08-10 07:08:59.438956+00
2	auth	0001_initial	2020-08-10 07:08:59.478446+00
3	Profile	0001_initial	2020-08-10 07:08:59.567122+00
4	Appraisals	0001_initial	2020-08-10 07:08:59.751675+00
5	GnC	0001_initial	2020-08-10 07:09:00.327101+00
6	Ticketing	0001_initial	2020-08-10 07:09:00.493751+00
7	Trainings	0001_initial	2020-08-10 07:09:00.69479+00
8	admin	0001_initial	2020-08-10 07:09:00.847188+00
9	admin	0002_logentry_remove_auto_add	2020-08-10 07:09:00.868052+00
10	admin	0003_logentry_add_action_flag_choices	2020-08-10 07:09:00.882989+00
11	contenttypes	0002_remove_content_type_name	2020-08-10 07:09:00.945603+00
12	auth	0002_alter_permission_name_max_length	2020-08-10 07:09:00.956875+00
13	auth	0003_alter_user_email_max_length	2020-08-10 07:09:00.97852+00
14	auth	0004_alter_user_username_opts	2020-08-10 07:09:00.995668+00
15	auth	0005_alter_user_last_login_null	2020-08-10 07:09:01.012704+00
16	auth	0006_require_contenttypes_0002	2020-08-10 07:09:01.015358+00
17	auth	0007_alter_validators_add_error_messages	2020-08-10 07:09:01.030649+00
18	auth	0008_alter_user_username_max_length	2020-08-10 07:09:01.049588+00
19	auth	0009_alter_user_last_name_max_length	2020-08-10 07:09:01.064926+00
20	auth	0010_alter_group_name_max_length	2020-08-10 07:09:01.078758+00
21	auth	0011_update_proxy_permissions	2020-08-10 07:09:01.125833+00
22	sessions	0001_initial	2020-08-10 07:09:01.135528+00
23	thumbnail	0001_initial	2020-08-10 07:09:01.147742+00
24	Profile	0002_auto_20200815_2134	2020-08-15 21:34:14.637834+00
25	GnC	0002_auto_20200816_2343	2020-08-16 23:43:15.128523+00
26	GnC	0003_auto_20200914_0726	2020-09-14 07:26:30.599708+00
27	GnC	0004_comment_box	2020-11-22 14:15:18.444082+00
28	GnC	0005_auto_20201122_1132	2020-11-22 14:15:18.728582+00
29	GnC	0002_auto_20201125_0649	2020-11-25 06:49:59.560199+00
30	auth	0012_alter_user_first_name_max_length	2020-11-25 06:49:59.582284+00
31	GnC	0003_mid_yr_comment_box	2020-11-26 00:45:23.049203+00
\.


--
-- Data for Name: django_session; Type: TABLE DATA; Schema: public; Owner: benny6789
--

COPY public.django_session (session_key, session_data, expire_date) FROM stdin;
4bu59i5l1m0wiyi50xl04kc33jury2up	M2MyYmRhY2RmY2YzYmFlM2FiNDY1MDMzZTA3YWRkMGEyNWU1NWI2ODp7Il9hdXRoX3VzZXJfaWQiOiIxIiwiX2F1dGhfdXNlcl9iYWNrZW5kIjoiZGphbmdvLmNvbnRyaWIuYXV0aC5iYWNrZW5kcy5Nb2RlbEJhY2tlbmQiLCJfYXV0aF91c2VyX2hhc2giOiIzNDYxNGViNTY3OWQ3YmE2NjlmYWNmYzZiN2UzZDYxZThhOTAyOTBhIn0=	2020-08-31 07:35:38.417503+00
u6o7o04uj5483kzzo95g9sgmdy7fiblz	YzRhZTZlZjMwMzA2NDU0ZmRjZjRjZDJkOTU2MTY3MDRmYWY2MjlmMDp7Il9hdXRoX3VzZXJfaWQiOiIyNjIiLCJfYXV0aF91c2VyX2JhY2tlbmQiOiJkamFuZ28uY29udHJpYi5hdXRoLmJhY2tlbmRzLk1vZGVsQmFja2VuZCIsIl9hdXRoX3VzZXJfaGFzaCI6IjZmYWVmMmZiNDgyMzYxNzU4NDljY2QwYWFlODIyOWFjMTYyODNlOTMifQ==	2020-09-15 07:16:33.096504+00
7zyt17cq3tzyxhqwi5619tg619d4335y	M2MyYmRhY2RmY2YzYmFlM2FiNDY1MDMzZTA3YWRkMGEyNWU1NWI2ODp7Il9hdXRoX3VzZXJfaWQiOiIxIiwiX2F1dGhfdXNlcl9iYWNrZW5kIjoiZGphbmdvLmNvbnRyaWIuYXV0aC5iYWNrZW5kcy5Nb2RlbEJhY2tlbmQiLCJfYXV0aF91c2VyX2hhc2giOiIzNDYxNGViNTY3OWQ3YmE2NjlmYWNmYzZiN2UzZDYxZThhOTAyOTBhIn0=	2020-08-28 09:52:58.444989+00
p74ec3i3v8lrlgrd7krahrwtya8o9i4u	MTdkMGM4Y2VjNTQ5YjcwMzU4ZDJmOGRjMjAwYTEyYzA3NTlhNzIyZDp7Il9hdXRoX3VzZXJfaWQiOiIzMjUiLCJfYXV0aF91c2VyX2JhY2tlbmQiOiJkamFuZ28uY29udHJpYi5hdXRoLmJhY2tlbmRzLk1vZGVsQmFja2VuZCIsIl9hdXRoX3VzZXJfaGFzaCI6ImVjNTVjNjVkNWEzMzM5ZmYwYjdiM2FlNDNiMTU0NzA4YzMwODVmNTQifQ==	2020-09-28 05:44:03.841027+00
sspfwq0wnljc9rxc7qmtzv0n93behmty	YjZmZTNmZmE1ZmJjZWU3YTNjMGMxYTNiZDFkMDJhN2I1NDQ1YjA0ODp7Il9hdXRoX3VzZXJfaWQiOiIyNTIiLCJfYXV0aF91c2VyX2JhY2tlbmQiOiJkamFuZ28uY29udHJpYi5hdXRoLmJhY2tlbmRzLk1vZGVsQmFja2VuZCIsIl9hdXRoX3VzZXJfaGFzaCI6IjllZDA0NjhmMGJhNWRkODQyMmU1Zjk2OTQyZDI3MWIwMGJkZDRmZGIifQ==	2020-09-04 07:11:53.387423+00
g9blopjpsc5t3x7safnfska2comcir99	MDg0MjcyZjI1NmEyZGRjMjUxMmU0OTlkZGVjMDM4M2Q5NWZmYTQzZDp7Il9wYXNzd29yZF9yZXNldF90b2tlbiI6IjVrZC00OWMyN2QwYTQ0ZDU1MTNhN2I1ZCJ9	2020-10-15 01:41:47.754802+00
13yh7p3pwourvg3u0d14wj3jidacd2hj	M2MyYmRhY2RmY2YzYmFlM2FiNDY1MDMzZTA3YWRkMGEyNWU1NWI2ODp7Il9hdXRoX3VzZXJfaWQiOiIxIiwiX2F1dGhfdXNlcl9iYWNrZW5kIjoiZGphbmdvLmNvbnRyaWIuYXV0aC5iYWNrZW5kcy5Nb2RlbEJhY2tlbmQiLCJfYXV0aF91c2VyX2hhc2giOiIzNDYxNGViNTY3OWQ3YmE2NjlmYWNmYzZiN2UzZDYxZThhOTAyOTBhIn0=	2020-08-27 11:13:38.308002+00
x57r1unkkvspxxli6izhr647568x0n60	Y2QyYTNmZjI5ZTZlMzRmYzI2ZDlmYTdjYTZlYThjNjkwNWJjZDQ0ZTp7Il9hdXRoX3VzZXJfaWQiOiIzMTQiLCJfYXV0aF91c2VyX2JhY2tlbmQiOiJkamFuZ28uY29udHJpYi5hdXRoLmJhY2tlbmRzLk1vZGVsQmFja2VuZCIsIl9hdXRoX3VzZXJfaGFzaCI6ImIzY2RiYjU0OGU4ODU4NjQ0YmQ0YTEzNzE4NTM1NjI3NzFiZGUwYWMifQ==	2020-09-01 07:16:51.996205+00
ajragc2kq7pdh9z5ezu71qs3ww2bneo4	M2MyYmRhY2RmY2YzYmFlM2FiNDY1MDMzZTA3YWRkMGEyNWU1NWI2ODp7Il9hdXRoX3VzZXJfaWQiOiIxIiwiX2F1dGhfdXNlcl9iYWNrZW5kIjoiZGphbmdvLmNvbnRyaWIuYXV0aC5iYWNrZW5kcy5Nb2RlbEJhY2tlbmQiLCJfYXV0aF91c2VyX2hhc2giOiIzNDYxNGViNTY3OWQ3YmE2NjlmYWNmYzZiN2UzZDYxZThhOTAyOTBhIn0=	2020-08-30 23:30:15.086258+00
9zl9qfpiot0r3nx1zzsvwnd29jkvklx3	M2MyYmRhY2RmY2YzYmFlM2FiNDY1MDMzZTA3YWRkMGEyNWU1NWI2ODp7Il9hdXRoX3VzZXJfaWQiOiIxIiwiX2F1dGhfdXNlcl9iYWNrZW5kIjoiZGphbmdvLmNvbnRyaWIuYXV0aC5iYWNrZW5kcy5Nb2RlbEJhY2tlbmQiLCJfYXV0aF91c2VyX2hhc2giOiIzNDYxNGViNTY3OWQ3YmE2NjlmYWNmYzZiN2UzZDYxZThhOTAyOTBhIn0=	2020-08-24 13:40:18.635297+00
1gcf7ct39c5ovs23xc5awhtd2r3en1bs	M2VkNzE1ODJkNjljMzk1ZWZmNGJlM2NjMGFkOTZkODZlZDdiZjk0MDp7Il9hdXRoX3VzZXJfaWQiOiIyNDEiLCJfYXV0aF91c2VyX2JhY2tlbmQiOiJkamFuZ28uY29udHJpYi5hdXRoLmJhY2tlbmRzLk1vZGVsQmFja2VuZCIsIl9hdXRoX3VzZXJfaGFzaCI6ImE1N2VlZDg0ZTYxY2RiNWU2MzkwMTNmMDI5MzQzNmNjZWEyODRlODcifQ==	2020-08-25 06:18:11.570847+00
in4fbk1p587eqbavoe9gmk6z9coa6556	MDFhNDU4OTAwOTQ5NWJkZDE3N2YzZjFhZDEwN2NiZmE5YzA0YTcyZjp7Il9hdXRoX3VzZXJfaWQiOiIzMDMiLCJfYXV0aF91c2VyX2JhY2tlbmQiOiJkamFuZ28uY29udHJpYi5hdXRoLmJhY2tlbmRzLk1vZGVsQmFja2VuZCIsIl9hdXRoX3VzZXJfaGFzaCI6ImRhODQ5YjU4MWE2Y2NjZmI5YTU1YmFkMzRjOWZhYzFiM2RmZjU3NzMifQ==	2020-09-01 07:19:19.214308+00
wrfubuh8k74mcn5s14bld0xaj7lozb0q	ZWU1MDE4MmU4YzIxZTZlYTMzODI0MzlmMGJmMTY1MjEwYmU0MTMxNTp7Il9hdXRoX3VzZXJfaWQiOiIyNjUiLCJfYXV0aF91c2VyX2JhY2tlbmQiOiJkamFuZ28uY29udHJpYi5hdXRoLmJhY2tlbmRzLk1vZGVsQmFja2VuZCIsIl9hdXRoX3VzZXJfaGFzaCI6ImE3NmFjZTFkMWIxZDJhMTM4YmNlZDlkZGNkODNkZGNiMzljYTE1M2IifQ==	2020-09-01 07:19:32.798622+00
fel07t0tjetyc8pvt2nqlorwy60xzwap	M2MyYmRhY2RmY2YzYmFlM2FiNDY1MDMzZTA3YWRkMGEyNWU1NWI2ODp7Il9hdXRoX3VzZXJfaWQiOiIxIiwiX2F1dGhfdXNlcl9iYWNrZW5kIjoiZGphbmdvLmNvbnRyaWIuYXV0aC5iYWNrZW5kcy5Nb2RlbEJhY2tlbmQiLCJfYXV0aF91c2VyX2hhc2giOiIzNDYxNGViNTY3OWQ3YmE2NjlmYWNmYzZiN2UzZDYxZThhOTAyOTBhIn0=	2020-08-26 04:22:36.774082+00
s4ns93wu17v1rrcoglms02dz4gz2cspx	M2VkNzE1ODJkNjljMzk1ZWZmNGJlM2NjMGFkOTZkODZlZDdiZjk0MDp7Il9hdXRoX3VzZXJfaWQiOiIyNDEiLCJfYXV0aF91c2VyX2JhY2tlbmQiOiJkamFuZ28uY29udHJpYi5hdXRoLmJhY2tlbmRzLk1vZGVsQmFja2VuZCIsIl9hdXRoX3VzZXJfaGFzaCI6ImE1N2VlZDg0ZTYxY2RiNWU2MzkwMTNmMDI5MzQzNmNjZWEyODRlODcifQ==	2020-08-25 06:30:29.901222+00
um4tfxgmj33iyqx3355e1al7fswzrv2c	M2MyYmRhY2RmY2YzYmFlM2FiNDY1MDMzZTA3YWRkMGEyNWU1NWI2ODp7Il9hdXRoX3VzZXJfaWQiOiIxIiwiX2F1dGhfdXNlcl9iYWNrZW5kIjoiZGphbmdvLmNvbnRyaWIuYXV0aC5iYWNrZW5kcy5Nb2RlbEJhY2tlbmQiLCJfYXV0aF91c2VyX2hhc2giOiIzNDYxNGViNTY3OWQ3YmE2NjlmYWNmYzZiN2UzZDYxZThhOTAyOTBhIn0=	2020-08-25 02:20:10.994586+00
wwlegdtip1038pt7aoyz3g8yll28ipya	M2VkNzE1ODJkNjljMzk1ZWZmNGJlM2NjMGFkOTZkODZlZDdiZjk0MDp7Il9hdXRoX3VzZXJfaWQiOiIyNDEiLCJfYXV0aF91c2VyX2JhY2tlbmQiOiJkamFuZ28uY29udHJpYi5hdXRoLmJhY2tlbmRzLk1vZGVsQmFja2VuZCIsIl9hdXRoX3VzZXJfaGFzaCI6ImE1N2VlZDg0ZTYxY2RiNWU2MzkwMTNmMDI5MzQzNmNjZWEyODRlODcifQ==	2020-08-25 06:37:45.205276+00
qv6xrzcx7vnb02sjj01gkhq8etm1h3t9	M2VkNzE1ODJkNjljMzk1ZWZmNGJlM2NjMGFkOTZkODZlZDdiZjk0MDp7Il9hdXRoX3VzZXJfaWQiOiIyNDEiLCJfYXV0aF91c2VyX2JhY2tlbmQiOiJkamFuZ28uY29udHJpYi5hdXRoLmJhY2tlbmRzLk1vZGVsQmFja2VuZCIsIl9hdXRoX3VzZXJfaGFzaCI6ImE1N2VlZDg0ZTYxY2RiNWU2MzkwMTNmMDI5MzQzNmNjZWEyODRlODcifQ==	2020-08-25 06:43:01.253818+00
t3vb6nci2pidj96lgk9zf6xyguxsempr	M2MyYmRhY2RmY2YzYmFlM2FiNDY1MDMzZTA3YWRkMGEyNWU1NWI2ODp7Il9hdXRoX3VzZXJfaWQiOiIxIiwiX2F1dGhfdXNlcl9iYWNrZW5kIjoiZGphbmdvLmNvbnRyaWIuYXV0aC5iYWNrZW5kcy5Nb2RlbEJhY2tlbmQiLCJfYXV0aF91c2VyX2hhc2giOiIzNDYxNGViNTY3OWQ3YmE2NjlmYWNmYzZiN2UzZDYxZThhOTAyOTBhIn0=	2020-08-25 05:23:56.444317+00
bv13dl9fjvm756nly8xt2amhnl24hntt	M2MyYmRhY2RmY2YzYmFlM2FiNDY1MDMzZTA3YWRkMGEyNWU1NWI2ODp7Il9hdXRoX3VzZXJfaWQiOiIxIiwiX2F1dGhfdXNlcl9iYWNrZW5kIjoiZGphbmdvLmNvbnRyaWIuYXV0aC5iYWNrZW5kcy5Nb2RlbEJhY2tlbmQiLCJfYXV0aF91c2VyX2hhc2giOiIzNDYxNGViNTY3OWQ3YmE2NjlmYWNmYzZiN2UzZDYxZThhOTAyOTBhIn0=	2020-08-25 06:56:23.073059+00
7kcisk7kkvkta6tr0nsgaraqqjvluuti	MDQyZTYxMDQyMGIxY2E4ODRhOGMyNzA3OWQyZGZjOThjMjAxYWJkOTp7Il9hdXRoX3VzZXJfaWQiOiIxNDUiLCJfYXV0aF91c2VyX2JhY2tlbmQiOiJkamFuZ28uY29udHJpYi5hdXRoLmJhY2tlbmRzLk1vZGVsQmFja2VuZCIsIl9hdXRoX3VzZXJfaGFzaCI6IjZjNDMwMzgxNzQ5MmFiMTcwZjRkOTM1OGM1YjUxZGZhMTdmZDE1NDgifQ==	2020-08-25 05:49:02.930123+00
ghse23a1noak6z53hfhd2t8p5dnjywkp	M2MyYmRhY2RmY2YzYmFlM2FiNDY1MDMzZTA3YWRkMGEyNWU1NWI2ODp7Il9hdXRoX3VzZXJfaWQiOiIxIiwiX2F1dGhfdXNlcl9iYWNrZW5kIjoiZGphbmdvLmNvbnRyaWIuYXV0aC5iYWNrZW5kcy5Nb2RlbEJhY2tlbmQiLCJfYXV0aF91c2VyX2hhc2giOiIzNDYxNGViNTY3OWQ3YmE2NjlmYWNmYzZiN2UzZDYxZThhOTAyOTBhIn0=	2020-08-25 07:06:41.082605+00
ic0v9hcpp0pdd79hm46b18p3wdy9p65o	M2MyYmRhY2RmY2YzYmFlM2FiNDY1MDMzZTA3YWRkMGEyNWU1NWI2ODp7Il9hdXRoX3VzZXJfaWQiOiIxIiwiX2F1dGhfdXNlcl9iYWNrZW5kIjoiZGphbmdvLmNvbnRyaWIuYXV0aC5iYWNrZW5kcy5Nb2RlbEJhY2tlbmQiLCJfYXV0aF91c2VyX2hhc2giOiIzNDYxNGViNTY3OWQ3YmE2NjlmYWNmYzZiN2UzZDYxZThhOTAyOTBhIn0=	2020-08-30 06:01:28.908082+00
4hblgje11wcwzvwvt6nmolgvf4hm2tsh	M2MyYmRhY2RmY2YzYmFlM2FiNDY1MDMzZTA3YWRkMGEyNWU1NWI2ODp7Il9hdXRoX3VzZXJfaWQiOiIxIiwiX2F1dGhfdXNlcl9iYWNrZW5kIjoiZGphbmdvLmNvbnRyaWIuYXV0aC5iYWNrZW5kcy5Nb2RlbEJhY2tlbmQiLCJfYXV0aF91c2VyX2hhc2giOiIzNDYxNGViNTY3OWQ3YmE2NjlmYWNmYzZiN2UzZDYxZThhOTAyOTBhIn0=	2020-08-31 07:33:04.238595+00
t3hs23fs2xpt38o1dijrcpzq6c3k4pu1	ZTJhMGQ0MzkzMWYyYmZhNTgxMWJjY2NiYmVhNmE5NjAxNzQ1Yjc2Nzp7Il9hdXRoX3VzZXJfaWQiOiIyNzIiLCJfYXV0aF91c2VyX2JhY2tlbmQiOiJkamFuZ28uY29udHJpYi5hdXRoLmJhY2tlbmRzLk1vZGVsQmFja2VuZCIsIl9hdXRoX3VzZXJfaGFzaCI6ImNhZWJhZTRiOTg3ZDI3NzBjMjkyYmUxOWM3OTg5NDcwMWFjNzBhMzQifQ==	2020-09-01 07:27:36.169923+00
irc5edwfj7lfqpmsvrj7t8m3q239nviy	ZWU1MDE4MmU4YzIxZTZlYTMzODI0MzlmMGJmMTY1MjEwYmU0MTMxNTp7Il9hdXRoX3VzZXJfaWQiOiIyNjUiLCJfYXV0aF91c2VyX2JhY2tlbmQiOiJkamFuZ28uY29udHJpYi5hdXRoLmJhY2tlbmRzLk1vZGVsQmFja2VuZCIsIl9hdXRoX3VzZXJfaGFzaCI6ImE3NmFjZTFkMWIxZDJhMTM4YmNlZDlkZGNkODNkZGNiMzljYTE1M2IifQ==	2020-10-09 03:29:37.276462+00
ge7rmnshg0yhq0nu5atwvlfxh5xcyjoo	ODc3NTg4N2ZhYjA2OTliNmI0MzFiYTg2N2NhODNmNmM0ZTM0MmUzYzp7Il9hdXRoX3VzZXJfaWQiOiIzMjkiLCJfYXV0aF91c2VyX2JhY2tlbmQiOiJkamFuZ28uY29udHJpYi5hdXRoLmJhY2tlbmRzLk1vZGVsQmFja2VuZCIsIl9hdXRoX3VzZXJfaGFzaCI6Ijc1MDQ3NDhjODNmNGI5YTExZjk1NjVjMDM4OTdlYjk0YzlkNTgzMmYifQ==	2020-09-15 07:56:56.614089+00
cip362eeb26o2vsdqmfedpqbdlg9i7et	NTliNjQxOTdiY2VkNTNjMjJmMzJjNjMzYzMyM2Q5MzQ1NDA5YWVhNzp7Il9hdXRoX3VzZXJfaWQiOiIyODUiLCJfYXV0aF91c2VyX2JhY2tlbmQiOiJkamFuZ28uY29udHJpYi5hdXRoLmJhY2tlbmRzLk1vZGVsQmFja2VuZCIsIl9hdXRoX3VzZXJfaGFzaCI6ImE0YjI4NDU4MDRkOWYwYzI0OTYxYjJhNWIwMWFhYTRiMDg5OWM5MmQifQ==	2020-10-12 05:24:02.349235+00
d44rthpd2degqqanoqygn2gpg38icxq5	.eJxVjDsOwyAQBe9CHSHAfFOm9xnQwi7BSYQlY1dR7h5bcpG0M_Pem0XY1hq3TkuckF3ZoAK7_NIE-UntUPiAdp95ntu6TIkfCT9t5-OM9Lqd7d9BhV73dQEBBrIchFJGOgRtZSqEZKlkJ3bkivWYpTUegjdBAGpD2peCZLxkny9Axzim:1kmC11:Ek5IHzQPoMfZnJNXCn9uknP64VO9oPEsfAhNIEVVErc	2020-12-21 08:37:03.51522+00
8zv39fokdgwgpjhdi16zx464dh5a9xb6	ZWU1MDE4MmU4YzIxZTZlYTMzODI0MzlmMGJmMTY1MjEwYmU0MTMxNTp7Il9hdXRoX3VzZXJfaWQiOiIyNjUiLCJfYXV0aF91c2VyX2JhY2tlbmQiOiJkamFuZ28uY29udHJpYi5hdXRoLmJhY2tlbmRzLk1vZGVsQmFja2VuZCIsIl9hdXRoX3VzZXJfaGFzaCI6ImE3NmFjZTFkMWIxZDJhMTM4YmNlZDlkZGNkODNkZGNiMzljYTE1M2IifQ==	2020-09-18 04:17:44.35495+00
x0sktdvyuzy3k1kcglgw1kypn7cpq4xc	ZGM2YzkzZDhjODQzMTg2Yjk4YzgzOTM5MDFkYWU1ODI2NjlhZWFkODp7Il9hdXRoX3VzZXJfaWQiOiIyNjQiLCJfYXV0aF91c2VyX2JhY2tlbmQiOiJkamFuZ28uY29udHJpYi5hdXRoLmJhY2tlbmRzLk1vZGVsQmFja2VuZCIsIl9hdXRoX3VzZXJfaGFzaCI6IjMzMTRjNmJkYjcyOGZmM2I1YTY1OWI4ZGM4OTUwYTljMTA5YzIxYzcifQ==	2020-10-19 07:53:39.36019+00
545325brfuq5lfm3ifjow2zo7dbyvkqp	OTczOWNjZmYyMmMxMTk1MTg2MjlhOGZlNjI3MTljYTk0MjEwMDEyNTp7Il9hdXRoX3VzZXJfaWQiOiIyNTIiLCJfYXV0aF91c2VyX2JhY2tlbmQiOiJkamFuZ28uY29udHJpYi5hdXRoLmJhY2tlbmRzLk1vZGVsQmFja2VuZCIsIl9hdXRoX3VzZXJfaGFzaCI6IjI0ZTVlODFhZjhkY2E3NDhmZTc4NzZlNmM1Y2U3Y2ZjYjk3ZDMyMGMifQ==	2020-10-26 05:02:16.49775+00
wgr18dd7f0xe646yyx0zyibmyunryewz	Yjc1NTUxYTFlZTUzMGM0MjgzMzVkNTA3YTkyNjU0MWIzNjk3YzUyNTp7Il9hdXRoX3VzZXJfaWQiOiIyNDkiLCJfYXV0aF91c2VyX2JhY2tlbmQiOiJkamFuZ28uY29udHJpYi5hdXRoLmJhY2tlbmRzLk1vZGVsQmFja2VuZCIsIl9hdXRoX3VzZXJfaGFzaCI6IjJhODhlZDkwOGJlN2I3YzI0MzcyMDQzNDZiZWM1ODA0NzFhNjdlZmUifQ==	2020-10-15 01:50:46.388179+00
qolg1600pnnabc5ywfcfpsj6aie2fzhp	ZTBhZWEzODRmZjg0NzZkMGU3YTYwNTFhNTYxYWQ2NWNiOWJjOWJlZTp7Il9hdXRoX3VzZXJfaWQiOiIyODMiLCJfYXV0aF91c2VyX2JhY2tlbmQiOiJkamFuZ28uY29udHJpYi5hdXRoLmJhY2tlbmRzLk1vZGVsQmFja2VuZCIsIl9hdXRoX3VzZXJfaGFzaCI6IjJlZTMyZmE5ZDNlMjEyMTE2ZTYxNDFkNGFiMWIxMDliMzRiYjA1MzgifQ==	2020-11-02 07:56:22.248819+00
vnfefnnh1ascfz1oys1vgdsyyelnzght	.eJxVjDsOwjAQRO_iGlmO_6GkzxmstXdNAsiW4qRC3B1HSgHd6M2bebMA-zaHvdEaFmRXpqxjl18aIT2pHBU-oNwrT7Vs6xL5ofCzbXyqSK_b6f4dzNDmvoaMUgpNJsvY86h9puSMUEgCXEQcAXVUIuvB0CBh9NJ2gtF6Lay27PMFYXs49Q:1kk5pO:pmCO42kj67Wgz-A23avEp2MoPTzqAKgUJYniISFiCvQ	2020-12-15 13:36:22.837167+00
serfvuqi5dxmqmgg1j1c9yvcklktpp6j	NzJkMzY1OGUyZTU3YjYxYjRiYTA3YzgyYzlkMjM2Yjc1ZTViNGIxMzp7Il9hdXRoX3VzZXJfaWQiOiIyNTQiLCJfYXV0aF91c2VyX2JhY2tlbmQiOiJkamFuZ28uY29udHJpYi5hdXRoLmJhY2tlbmRzLk1vZGVsQmFja2VuZCIsIl9hdXRoX3VzZXJfaGFzaCI6IjhmMGYxNTlhNWE4M2ExZmIyMzFkMGJjNjA5ZmJhMGQzNWExYzlmODgifQ==	2020-11-18 01:54:06.955899+00
89xc6se7jimd0ybt8w9yhetp9cuxzuu2	N2E3ZjljMjcyOGJiZmQ3MWQwN2I1Mjk2Y2M3M2QwMGU0NmQzZTkzMTp7Il9hdXRoX3VzZXJfaWQiOiIyNDgiLCJfYXV0aF91c2VyX2JhY2tlbmQiOiJkamFuZ28uY29udHJpYi5hdXRoLmJhY2tlbmRzLk1vZGVsQmFja2VuZCIsIl9hdXRoX3VzZXJfaGFzaCI6IjE5ZDY1NDc0NjI2ODU1YWY4NDc3NDAyNWMwNGY0MjYyNDZkY2ZjNTEifQ==	2020-09-01 07:29:13.959064+00
alwdpwzgsyvjzpq6hpzjg8j8cacsrvpx	ZTJhMGQ0MzkzMWYyYmZhNTgxMWJjY2NiYmVhNmE5NjAxNzQ1Yjc2Nzp7Il9hdXRoX3VzZXJfaWQiOiIyNzIiLCJfYXV0aF91c2VyX2JhY2tlbmQiOiJkamFuZ28uY29udHJpYi5hdXRoLmJhY2tlbmRzLk1vZGVsQmFja2VuZCIsIl9hdXRoX3VzZXJfaGFzaCI6ImNhZWJhZTRiOTg3ZDI3NzBjMjkyYmUxOWM3OTg5NDcwMWFjNzBhMzQifQ==	2020-09-15 08:14:20.995824+00
5vl1oh90htcgmxh2icqqxiqhoiy6cvm5	NWE1YjRjZGY0YTcwNzMyZjg4OTAxZjA0NWJiNTg2M2Q0YTVjYTgyMzp7Il9hdXRoX3VzZXJfaWQiOiIyNTciLCJfYXV0aF91c2VyX2JhY2tlbmQiOiJkamFuZ28uY29udHJpYi5hdXRoLmJhY2tlbmRzLk1vZGVsQmFja2VuZCIsIl9hdXRoX3VzZXJfaGFzaCI6ImU5ZTgxMjdmYjljYjhjZDU3MmFiNjhiOGJmOTY0NjFjMDI4M2ZiMzkifQ==	2020-10-02 01:14:53.377685+00
p5mxika0kscjcpmzh0agn9ec1qvl86qb	NjkwYWM2ZDEzMzNlNjc0YmNmY2Q2NWY5N2RmOTAwY2JiNDIxOGIwNTp7Il9hdXRoX3VzZXJfaWQiOiIzMjMiLCJfYXV0aF91c2VyX2JhY2tlbmQiOiJkamFuZ28uY29udHJpYi5hdXRoLmJhY2tlbmRzLk1vZGVsQmFja2VuZCIsIl9hdXRoX3VzZXJfaGFzaCI6ImRmZTE1ZDY4ZjdkMjdjNjRkMDlhZDRkYzk1MWMxOTBlODFiOTljMmUifQ==	2020-09-07 01:46:45.45244+00
f4htu1r82o1lrvamfry4eajgawf560op	ZGE2NjJmMmMwZjlmYTQ4MmI1MWM0NzI4MWUwNmMzMGUyNTc5ZmExNTp7Il9hdXRoX3VzZXJfaWQiOiIyNjYiLCJfYXV0aF91c2VyX2JhY2tlbmQiOiJkamFuZ28uY29udHJpYi5hdXRoLmJhY2tlbmRzLk1vZGVsQmFja2VuZCIsIl9hdXRoX3VzZXJfaGFzaCI6ImU1YTkwM2JiMDI2YjNjZDc0OTBhZDViYjcxZWYzNzE3ODZkMGQyMzEifQ==	2020-09-15 01:40:38.604891+00
wz92lhx4zf96j95wwazctzfn6ka8cc8j	MGVkZWI2NDIwNTA0MjA5MjZmMmM3YTJmNGM0OGY2MDI5ZTViMWU4NDp7Il9hdXRoX3VzZXJfaWQiOiIzMzIiLCJfYXV0aF91c2VyX2JhY2tlbmQiOiJkamFuZ28uY29udHJpYi5hdXRoLmJhY2tlbmRzLk1vZGVsQmFja2VuZCIsIl9hdXRoX3VzZXJfaGFzaCI6IjEzY2NmYmY2ZTEyNzIyNGE4NTZjOTBhN2E2N2I1MGE0ZjI3NjhkMzcifQ==	2020-10-09 06:26:26.411622+00
b4o1wxig2gr9bm9j9kncjulldvksmupo	YWQyZTcyM2MwYTg3MDkzM2M5OGY3MTI2YzYwZDJlY2VlMWMyOTViOTp7Il9hdXRoX3VzZXJfaWQiOiIzMDQiLCJfYXV0aF91c2VyX2JhY2tlbmQiOiJkamFuZ28uY29udHJpYi5hdXRoLmJhY2tlbmRzLk1vZGVsQmFja2VuZCIsIl9hdXRoX3VzZXJfaGFzaCI6IjhlYzQyNzM2MGYyYzgxOTA2MGJkYWRkN2E4MDI4YTAyZTMwZTgzYTIifQ==	2020-09-30 10:42:11.375748+00
xfjokfn13bi4cbi22k33ud7nerx5xh5x	MTg3OTZhNjA3ODljMjk3NGFlYmIyYWU1YWNlNjZkMGIwNmQ2YzQ2NTp7Il9hdXRoX3VzZXJfaWQiOiIyNjEiLCJfYXV0aF91c2VyX2JhY2tlbmQiOiJkamFuZ28uY29udHJpYi5hdXRoLmJhY2tlbmRzLk1vZGVsQmFja2VuZCIsIl9hdXRoX3VzZXJfaGFzaCI6ImVlZTVhMjRiY2ZkZjliNmE4ZGY5NDllODBkZGRlNmQyNDg3ODA2MjkifQ==	2020-10-13 02:57:29.136096+00
2zevz5nnpjjwwbmhgj5oan9tvmizv18y	MTRlNDdiNjQ4MDc5MjRlZGMzMTQ0ZDk0OWViYTE3NzFhOTllZTI4MTp7Il9hdXRoX3VzZXJfaWQiOiIyNTkiLCJfYXV0aF91c2VyX2JhY2tlbmQiOiJkamFuZ28uY29udHJpYi5hdXRoLmJhY2tlbmRzLk1vZGVsQmFja2VuZCIsIl9hdXRoX3VzZXJfaGFzaCI6ImM1YjkxNTcwOGYyMjJjZjhhZTRlODhkNGI2ZGRkZTc1NGFkODU4ZDMifQ==	2020-10-12 05:25:25.487584+00
t8j837u8eoj4zq3h8e1r77uvfm77kg7s	YzJiZmNlYjRlMGZiOWFiMWQ0YTU4NTFlOGQ4ZTlkYTk0NmJkOWZlZDp7Il9hdXRoX3VzZXJfaWQiOiIyNzAiLCJfYXV0aF91c2VyX2JhY2tlbmQiOiJkamFuZ28uY29udHJpYi5hdXRoLmJhY2tlbmRzLk1vZGVsQmFja2VuZCIsIl9hdXRoX3VzZXJfaGFzaCI6ImI5NTI3NTRmYzg3M2NlZTg4N2NlYjNjN2UxY2VhZmY0OWM4YjI1MzgifQ==	2020-11-02 08:51:32.193271+00
ictfjyoola8d3jrnv8ki8906ynu6skmg	.eJxVjDsOwjAQRO_iGlmO_6GkzxmstXdNAsiW4qRC3B1HSgHd6M2bebMA-zaHvdEaFmRXpqxjl18aIT2pHBU-oNwrT7Vs6xL5ofCzbXyqSK_b6f4dzNDmvoaMUgpNJsvY86h9puSMUEgCXEQcAXVUIuvB0CBh9NJ2gtF6Lay27PMFYXs49Q:1kk5qr:xL6J3zmrm2g-FyIv549BVEMGnfz4eUbj3NG4Wb_4jHg	2020-12-15 13:37:53.612598+00
talw56mbtc6u8w67ar71ruv7o8xa5zc4	YTI0NjU1NTlhODdlNDQ3YzY3NWY2ZjczMmJmYzFkM2JiMmNhZWMyYTp7Il9hdXRoX3VzZXJfaWQiOiIyNjciLCJfYXV0aF91c2VyX2JhY2tlbmQiOiJkamFuZ28uY29udHJpYi5hdXRoLmJhY2tlbmRzLk1vZGVsQmFja2VuZCIsIl9hdXRoX3VzZXJfaGFzaCI6IjYzMzAyNGFkNzA0ZTVkNTFmYzAwNGNkNDI3MzYyY2M0ODIwY2NmYjgifQ==	2020-10-28 03:09:30.268806+00
x7qczb315uqsuoigwzinyjv26q7lnl4f	MGVkZWI2NDIwNTA0MjA5MjZmMmM3YTJmNGM0OGY2MDI5ZTViMWU4NDp7Il9hdXRoX3VzZXJfaWQiOiIzMzIiLCJfYXV0aF91c2VyX2JhY2tlbmQiOiJkamFuZ28uY29udHJpYi5hdXRoLmJhY2tlbmRzLk1vZGVsQmFja2VuZCIsIl9hdXRoX3VzZXJfaGFzaCI6IjEzY2NmYmY2ZTEyNzIyNGE4NTZjOTBhN2E2N2I1MGE0ZjI3NjhkMzcifQ==	2020-11-03 11:23:27.339396+00
cprhaey3770jk5vjwegw8co8hpdtanhn	MzY3OTE3Nzc0ZmNlNDgwZDgxMjU2YmQ3MDk4MWE5OWIxOGE1NDUzOTp7Il9hdXRoX3VzZXJfaWQiOiIyNTciLCJfYXV0aF91c2VyX2JhY2tlbmQiOiJkamFuZ28uY29udHJpYi5hdXRoLmJhY2tlbmRzLk1vZGVsQmFja2VuZCIsIl9hdXRoX3VzZXJfaGFzaCI6IjNjMWExZGM1MmQ5NGIyOTdiNmE4NDFhYTdmMjE2YzNmODE5MDlhYmUifQ==	2020-10-30 06:27:25.429671+00
dwsifjm0na8uy7aiwx4m3dm3697py6to	ZjZhMmM5ODI5ZDFkZmE4ZDkxZWZiMWRiNTU2NjNlZGQ0MWQyZGE2Yzp7Il9hdXRoX3VzZXJfaWQiOiIyNjciLCJfYXV0aF91c2VyX2JhY2tlbmQiOiJkamFuZ28uY29udHJpYi5hdXRoLmJhY2tlbmRzLk1vZGVsQmFja2VuZCIsIl9hdXRoX3VzZXJfaGFzaCI6IjM4ZmQxZmY2YWYwM2VjZDhkNjBiOTY4MWYzYmVjOTczOTgwYTE5NjYifQ==	2020-12-03 14:06:07.448442+00
4nj998o3k3k4wz39j1mrgsy09clvdlb0	MTRlNDdiNjQ4MDc5MjRlZGMzMTQ0ZDk0OWViYTE3NzFhOTllZTI4MTp7Il9hdXRoX3VzZXJfaWQiOiIyNTkiLCJfYXV0aF91c2VyX2JhY2tlbmQiOiJkamFuZ28uY29udHJpYi5hdXRoLmJhY2tlbmRzLk1vZGVsQmFja2VuZCIsIl9hdXRoX3VzZXJfaGFzaCI6ImM1YjkxNTcwOGYyMjJjZjhhZTRlODhkNGI2ZGRkZTc1NGFkODU4ZDMifQ==	2020-09-01 07:33:23.604442+00
6i0si60atzjk6gzdprpvdola02xwniyz	YTI0NjU1NTlhODdlNDQ3YzY3NWY2ZjczMmJmYzFkM2JiMmNhZWMyYTp7Il9hdXRoX3VzZXJfaWQiOiIyNjciLCJfYXV0aF91c2VyX2JhY2tlbmQiOiJkamFuZ28uY29udHJpYi5hdXRoLmJhY2tlbmRzLk1vZGVsQmFja2VuZCIsIl9hdXRoX3VzZXJfaGFzaCI6IjYzMzAyNGFkNzA0ZTVkNTFmYzAwNGNkNDI3MzYyY2M0ODIwY2NmYjgifQ==	2020-09-07 06:46:26.648433+00
szvlxepp1fae8vdf9vzzzkc6630czulr	YzJiZmNlYjRlMGZiOWFiMWQ0YTU4NTFlOGQ4ZTlkYTk0NmJkOWZlZDp7Il9hdXRoX3VzZXJfaWQiOiIyNzAiLCJfYXV0aF91c2VyX2JhY2tlbmQiOiJkamFuZ28uY29udHJpYi5hdXRoLmJhY2tlbmRzLk1vZGVsQmFja2VuZCIsIl9hdXRoX3VzZXJfaGFzaCI6ImI5NTI3NTRmYzg3M2NlZTg4N2NlYjNjN2UxY2VhZmY0OWM4YjI1MzgifQ==	2020-09-15 09:06:04.967214+00
u5k8opu0u5w3w5gmet2jc8omduxamwj2	ZGM2YzkzZDhjODQzMTg2Yjk4YzgzOTM5MDFkYWU1ODI2NjlhZWFkODp7Il9hdXRoX3VzZXJfaWQiOiIyNjQiLCJfYXV0aF91c2VyX2JhY2tlbmQiOiJkamFuZ28uY29udHJpYi5hdXRoLmJhY2tlbmRzLk1vZGVsQmFja2VuZCIsIl9hdXRoX3VzZXJfaGFzaCI6IjMzMTRjNmJkYjcyOGZmM2I1YTY1OWI4ZGM4OTUwYTljMTA5YzIxYzcifQ==	2020-09-07 02:24:14.218857+00
e4dd2xh1a9fgssbp7ji01tels6g1wjyt	ZDg2YTA4MmY3NTdiNmI0YWMwOWZkM2NmMTI1NjljNWM3ZWJmYTM4Mjp7Il9hdXRoX3VzZXJfaWQiOiIyOTkiLCJfYXV0aF91c2VyX2JhY2tlbmQiOiJkamFuZ28uY29udHJpYi5hdXRoLmJhY2tlbmRzLk1vZGVsQmFja2VuZCIsIl9hdXRoX3VzZXJfaGFzaCI6ImM0OGFiZjU0M2Y0NGE2ZjMxZDEzN2I1NTcwYWQ3ZmQxZjAxNjkzNjgifQ==	2020-10-13 03:14:25.527735+00
vm3yjsqgb57aunrdhbwj0opdcw6r6rlp	YmIwMjVjNDBhMTNlZDg1YTJjMmIwYmYwNzQ1NTRhOWQ1MGRjYTM2Yzp7Il9hdXRoX3VzZXJfaWQiOiIyNjkiLCJfYXV0aF91c2VyX2JhY2tlbmQiOiJkamFuZ28uY29udHJpYi5hdXRoLmJhY2tlbmRzLk1vZGVsQmFja2VuZCIsIl9hdXRoX3VzZXJfaGFzaCI6ImFmNmQ3MTI1OTY3ODg0Mjg2ZDRkZWI3NTg1MTk5YmU4NjJkYzhjMGUifQ==	2020-10-20 08:49:37.25387+00
0y2dilj92w0mxdge4bh7qpa38y3yc1az	NTFjYWE4Y2YyOWQwZmIyZDVlYTNlY2MzOTEwYmZjMzc5NmZiMjI4Mzp7Il9hdXRoX3VzZXJfaWQiOiIyODciLCJfYXV0aF91c2VyX2JhY2tlbmQiOiJkamFuZ28uY29udHJpYi5hdXRoLmJhY2tlbmRzLk1vZGVsQmFja2VuZCIsIl9hdXRoX3VzZXJfaGFzaCI6ImZkMjZmM2EzYTc1Y2EwNjIzMzQ3ZGY3NmE0Mzg5Y2E5ZDRlZDU5YmEifQ==	2020-09-25 08:27:32.362973+00
23ep1x0q3ftpaibwb16et5ml9sni7cb5	ZjNiMTg0NzlkZWVlMzk3M2RkMWQzOWFhYTMzODM3YmZmNmUyZmFhNTp7Il9hdXRoX3VzZXJfaWQiOiIzMTkiLCJfYXV0aF91c2VyX2JhY2tlbmQiOiJkamFuZ28uY29udHJpYi5hdXRoLmJhY2tlbmRzLk1vZGVsQmFja2VuZCIsIl9hdXRoX3VzZXJfaGFzaCI6ImUwZTEwYTA0NDg0MjcwN2RlZDJkZWMxNWY1OWY1OGE5YWMwNWUyMzMifQ==	2020-10-23 09:33:11.400215+00
4rok5zp534500q9n56izjrmr268z27nn	.eJxVjEEOwiAQRe_C2hCmDBRcuvcMBIZBqqYkpV0Z765NutDtf-_9lwhxW2vYOi9hyuIsBm_E6XdNkR487yjf43xrktq8LlOSuyIP2uW1ZX5eDvfvoMZev7VGJpVII5QxgyeFTln0CXRx2RKyV8UXsINCo4D1aLJzUMiAB0Y9iPcHHRE3UA:1kmEHv:5oqAkNZXuIyhYqWlDk5f80CZBUUZV_LLfZd04XU0eh4	2020-12-21 11:02:39.962411+00
j232ooc29nidz0mhi4n7t4jcrbgys8ir	MTdkMGM4Y2VjNTQ5YjcwMzU4ZDJmOGRjMjAwYTEyYzA3NTlhNzIyZDp7Il9hdXRoX3VzZXJfaWQiOiIzMjUiLCJfYXV0aF91c2VyX2JhY2tlbmQiOiJkamFuZ28uY29udHJpYi5hdXRoLmJhY2tlbmRzLk1vZGVsQmFja2VuZCIsIl9hdXRoX3VzZXJfaGFzaCI6ImVjNTVjNjVkNWEzMzM5ZmYwYjdiM2FlNDNiMTU0NzA4YzMwODVmNTQifQ==	2020-10-26 07:00:13.167022+00
u8z483ejmp4yuk15ypq5ydukgcy5m10t	YjA3ODdhOGQyYTk3ODYyM2U0ZGZiYTQyZmQ0NTY4ZDk3OWM5YTU4MDp7Il9hdXRoX3VzZXJfaWQiOiIzNjUiLCJfYXV0aF91c2VyX2JhY2tlbmQiOiJkamFuZ28uY29udHJpYi5hdXRoLmJhY2tlbmRzLk1vZGVsQmFja2VuZCIsIl9hdXRoX3VzZXJfaGFzaCI6IjFiOWY5OTRkZjZiMjg3OTAxZTJmYTg5ZGI3ZDI4MzYzZTEyMGRmYzMifQ==	2020-12-02 14:43:49.787015+00
a8p5nn2p4z4mc4vo6ppkmd1uuxv6b3ml	.eJxVjEsOwiAUAO_C2hA-77Xg0r1nIMADqRpISrsy3l1JutDtzGRezPl9K27vaXULsTPTAtnplwYfH6kORXdfb43HVrd1CXwk_LCdXxul5-Vo_wbF9zLGM6ANWgDmJFAqbYGMn4wglMbKyRCIZEDOCCFmZaX8CoDkKVMgpdj7A_FWN0g:1kiCvA:iW63SMj80dPXBGUiJjdMI_AiuwRzf4r-dabdNK4pFEY	2020-12-10 08:46:32.51891+00
vn414qc1u5b5zpthvp5dirznbbps9mo5	Y2QxMTIxOWI4Mjg0MjkwNDEzZjZmNmZmMTU5MGQ3OTM3NDAwMzU2Mzp7Il9hdXRoX3VzZXJfaWQiOiIzMDciLCJfYXV0aF91c2VyX2JhY2tlbmQiOiJkamFuZ28uY29udHJpYi5hdXRoLmJhY2tlbmRzLk1vZGVsQmFja2VuZCIsIl9hdXRoX3VzZXJfaGFzaCI6IjU1NzBlZWMzOTlmMzg2ZjdlNjBmZjIxZmNkMTRmOTc1OWNjYzI4NWMifQ==	2020-09-07 06:46:59.703709+00
9iq9tzjqoor0hfjr5k4iaqj7w0b9brxw	OWU0NjY5NDBmOTNiNTBlMDAzYmM3YWJkMzc4NDBhNjIxM2JmZGRmNTp7Il9hdXRoX3VzZXJfaWQiOiIzMjQiLCJfYXV0aF91c2VyX2JhY2tlbmQiOiJkamFuZ28uY29udHJpYi5hdXRoLmJhY2tlbmRzLk1vZGVsQmFja2VuZCIsIl9hdXRoX3VzZXJfaGFzaCI6IjJmYjhlMzRhMDA1YWFiN2Y2ZDUyOGZhYmEwZjk3Y2EwY2VlZWUxY2UifQ==	2020-09-16 04:26:40.323075+00
h33t3tbqg0d0dakrqzmkaij1wtift9uh	NDUzZjg1OTZkMWM3NDUwMDVhMWFlMjA3MTgyYTZlNzE1OTlkNWI0Njp7Il9hdXRoX3VzZXJfaWQiOiIzMTUiLCJfYXV0aF91c2VyX2JhY2tlbmQiOiJkamFuZ28uY29udHJpYi5hdXRoLmJhY2tlbmRzLk1vZGVsQmFja2VuZCIsIl9hdXRoX3VzZXJfaGFzaCI6IjMzMzczN2MxMWYwMzFjYzkxMzEyZjA3ZTBiYmUyNmVhZTk5YTkyOTAifQ==	2020-09-28 10:00:31.87668+00
g0psrl349x0y6i0odbcivfa04pr6vl13	MDNkNzE4NjdkZTAwNGY1NTlkY2JkYmViYjYxZmY0NTI1ZGE0MzUyNTp7Il9hdXRoX3VzZXJfaWQiOiIyOTYiLCJfYXV0aF91c2VyX2JhY2tlbmQiOiJkamFuZ28uY29udHJpYi5hdXRoLmJhY2tlbmRzLk1vZGVsQmFja2VuZCIsIl9hdXRoX3VzZXJfaGFzaCI6IjliNmNmNWIwNDJmMmY4NzEyZGE3YWI5ZjM2MDUwMWU2OTU4NWJkNDgifQ==	2020-10-10 02:47:14.761904+00
2gpv5npnzhuauy3dwh3ouohm9c1iua6f	YTI0NjU1NTlhODdlNDQ3YzY3NWY2ZjczMmJmYzFkM2JiMmNhZWMyYTp7Il9hdXRoX3VzZXJfaWQiOiIyNjciLCJfYXV0aF91c2VyX2JhY2tlbmQiOiJkamFuZ28uY29udHJpYi5hdXRoLmJhY2tlbmRzLk1vZGVsQmFja2VuZCIsIl9hdXRoX3VzZXJfaGFzaCI6IjYzMzAyNGFkNzA0ZTVkNTFmYzAwNGNkNDI3MzYyY2M0ODIwY2NmYjgifQ==	2020-09-25 08:36:26.478153+00
q7d8yu15n13l8wsd04c7puu0d061qns9	ODc3NTg4N2ZhYjA2OTliNmI0MzFiYTg2N2NhODNmNmM0ZTM0MmUzYzp7Il9hdXRoX3VzZXJfaWQiOiIzMjkiLCJfYXV0aF91c2VyX2JhY2tlbmQiOiJkamFuZ28uY29udHJpYi5hdXRoLmJhY2tlbmRzLk1vZGVsQmFja2VuZCIsIl9hdXRoX3VzZXJfaGFzaCI6Ijc1MDQ3NDhjODNmNGI5YTExZjk1NjVjMDM4OTdlYjk0YzlkNTgzMmYifQ==	2020-10-20 09:59:39.999592+00
axd99wiz4e9a3eb68pf77blfj9q68peo	MTdkMGM4Y2VjNTQ5YjcwMzU4ZDJmOGRjMjAwYTEyYzA3NTlhNzIyZDp7Il9hdXRoX3VzZXJfaWQiOiIzMjUiLCJfYXV0aF91c2VyX2JhY2tlbmQiOiJkamFuZ28uY29udHJpYi5hdXRoLmJhY2tlbmRzLk1vZGVsQmFja2VuZCIsIl9hdXRoX3VzZXJfaGFzaCI6ImVjNTVjNjVkNWEzMzM5ZmYwYjdiM2FlNDNiMTU0NzA4YzMwODVmNTQifQ==	2020-10-12 06:31:13.779667+00
44dweerw8a93x2laontygflol8vgleks	YjViNzU5NWMzYmExNmFlZWQ2YzhmNDY0OTJiMGQxYjcxODhhMzY0NDp7Il9hdXRoX3VzZXJfaWQiOiIyNDYiLCJfYXV0aF91c2VyX2JhY2tlbmQiOiJkamFuZ28uY29udHJpYi5hdXRoLmJhY2tlbmRzLk1vZGVsQmFja2VuZCIsIl9hdXRoX3VzZXJfaGFzaCI6IjI2NzNlNDQ5M2YwNjdlNmM2MGE4NjY3MjI1ZTQxZThlYTZiYjkxYWIifQ==	2020-11-01 02:42:07.454502+00
w1aoatyyw7vdk9vue1wmycbzm80hqae0	MjdjNzdhYTRhM2U4OWE5NDc4NWY0OWM4NWQ3NmQ4YmI0YTA3ZjczMjp7Il9hdXRoX3VzZXJfaWQiOiIxIiwiX2F1dGhfdXNlcl9iYWNrZW5kIjoiZGphbmdvLmNvbnRyaWIuYXV0aC5iYWNrZW5kcy5Nb2RlbEJhY2tlbmQiLCJfYXV0aF91c2VyX2hhc2giOiJjZmU5OTZiOTg4ZjIzYmEzNjQ4ZDZmYmVhZDUyMWQwYjIyNDRmOWEwIn0=	2020-11-09 10:42:19.170759+00
wt9aaa7wfaff2sg98pcsym3exigbtiye	N2MzNjZkYWYyOThiOTU4Mzg4NmNiZjU4MDI2ZGVlNzdmMmE1Zjk1Yjp7Il9wYXNzd29yZF9yZXNldF90b2tlbiI6IjVrbC0wODNhMjg3NWEwNzBkN2E0ZGJmMyJ9	2020-10-23 06:01:35.476995+00
251evpubjm9oqtssh0dg44j7jv8ncbnb	.eJxVjMsOwiAQRf-FtSE8BgZcuvcbCDAgVUOT0q6M_65NutDtPefcFwtxW1vYRlnCROzMFEp2-l1TzI_Sd0T32G8zz3NflynxXeEHHfw6U3leDvfvoMXRvnVFjQW0zcUrRUlBBWmJlBFGJHTkK6TsNVXlvBMSPOoabbIWZZTOAHt_ACKtN5E:1kmK9t:CAjmYzHN1iyn7EudWb26J8uY4TeL91GEAG-V_phjJ7g	2020-12-21 17:18:45.365721+00
nvtozum7ehcdk1jqkxjtoehknulssnhc	Y2U2MDFjMDc1YjE2NWY3NWNhOWUxMGRiYjVmYTY0NGYwYjgzYzY1YTp7Il9hdXRoX3VzZXJfaWQiOiIyNTAiLCJfYXV0aF91c2VyX2JhY2tlbmQiOiJkamFuZ28uY29udHJpYi5hdXRoLmJhY2tlbmRzLk1vZGVsQmFja2VuZCIsIl9hdXRoX3VzZXJfaGFzaCI6IjAxMzhmMDRlYTNhMWZiNDNjODM3ODMyODRiMWFmMjYxYjViYWRmMjcifQ==	2020-11-04 01:57:02.73364+00
p4v5307xphzro7lpyyi5lytgj2lzi31x	.eJxVjDsOwjAQBe_iGlnxbpADJT1nsPZnHECOFCcV4u4QKQW0b2beyyVal5LWZnMa1Z1dcIffjUkeVjegd6q3yctUl3lkvyl-p81fJ7XnZXf_Dgq18q2ZLQMKntCODDEMki0AciDQLIrRKKt2KhxEAFgwRMWeSAdm6Dv3_gAeJzmB:1kkLhU:czOKDSvrvuVbvg98ELgmXxf4yOk8x1VTclVyf-2ikAs	2020-12-16 06:33:16.250284+00
ltwzs7z28ctgyvq5natq1p0qfitrr717	OWU0NjY5NDBmOTNiNTBlMDAzYmM3YWJkMzc4NDBhNjIxM2JmZGRmNTp7Il9hdXRoX3VzZXJfaWQiOiIzMjQiLCJfYXV0aF91c2VyX2JhY2tlbmQiOiJkamFuZ28uY29udHJpYi5hdXRoLmJhY2tlbmRzLk1vZGVsQmFja2VuZCIsIl9hdXRoX3VzZXJfaGFzaCI6IjJmYjhlMzRhMDA1YWFiN2Y2ZDUyOGZhYmEwZjk3Y2EwY2VlZWUxY2UifQ==	2020-09-01 07:36:09.918167+00
xjqek5ntjofsxjcithta0x1jonrervf7	M2Y1NjE2N2IyNzJmZDc2MjM3MTE5ZTcwMDRkZmI1YjYwMjgzMDg2Mjp7Il9hdXRoX3VzZXJfaWQiOiIzNTMiLCJfYXV0aF91c2VyX2JhY2tlbmQiOiJkamFuZ28uY29udHJpYi5hdXRoLmJhY2tlbmRzLk1vZGVsQmFja2VuZCIsIl9hdXRoX3VzZXJfaGFzaCI6ImIxNjY0OGQwMGMyNGI2NWJiY2IyNjEwZWY3MTg5NWI4OGJlMzcwZmQifQ==	2020-09-02 06:49:04.779816+00
azs4zvv6gqzqo94q2v2h4d4nzpu2grgy	YzRhZTZlZjMwMzA2NDU0ZmRjZjRjZDJkOTU2MTY3MDRmYWY2MjlmMDp7Il9hdXRoX3VzZXJfaWQiOiIyNjIiLCJfYXV0aF91c2VyX2JhY2tlbmQiOiJkamFuZ28uY29udHJpYi5hdXRoLmJhY2tlbmRzLk1vZGVsQmFja2VuZCIsIl9hdXRoX3VzZXJfaGFzaCI6IjZmYWVmMmZiNDgyMzYxNzU4NDljY2QwYWFlODIyOWFjMTYyODNlOTMifQ==	2020-09-29 07:20:47.666338+00
emh9m5xki9che5u1q4g4bn5umwncxqyx	MjE4ZTI1YWU5MDIwYmFjNDM2OGE1MTg4M2Y2ZTBiNGNiOGE2MDY5OTp7Il9hdXRoX3VzZXJfaWQiOiIzMDAiLCJfYXV0aF91c2VyX2JhY2tlbmQiOiJkamFuZ28uY29udHJpYi5hdXRoLmJhY2tlbmRzLk1vZGVsQmFja2VuZCIsIl9hdXRoX3VzZXJfaGFzaCI6Ijg5ZThmYmM3YzA1NTUxODQ3MzQzOWY2MTU3YzVkNmJhMGIzNTU2NGEifQ==	2020-10-13 04:51:05.435852+00
10098ngix1k6ew84nr80m94tq4mqjq01	YzcxN2I2Yjc4MzAzYzBiYjk4M2ZlNmQ4MjYyYTliNzhmM2IyZmY2ZTp7Il9hdXRoX3VzZXJfaWQiOiIzMTIiLCJfYXV0aF91c2VyX2JhY2tlbmQiOiJkamFuZ28uY29udHJpYi5hdXRoLmJhY2tlbmRzLk1vZGVsQmFja2VuZCIsIl9hdXRoX3VzZXJfaGFzaCI6IjYxN2MyZTUyMTExZmNhNTM1ZDIzNzg5NDQ1MzZjODFiNjcwNmI2ZGUifQ==	2020-11-01 10:19:03.362555+00
e8478xbjrf9mr47msgbvb9o989i870fm	MTg3OTZhNjA3ODljMjk3NGFlYmIyYWU1YWNlNjZkMGIwNmQ2YzQ2NTp7Il9hdXRoX3VzZXJfaWQiOiIyNjEiLCJfYXV0aF91c2VyX2JhY2tlbmQiOiJkamFuZ28uY29udHJpYi5hdXRoLmJhY2tlbmRzLk1vZGVsQmFja2VuZCIsIl9hdXRoX3VzZXJfaGFzaCI6ImVlZTVhMjRiY2ZkZjliNmE4ZGY5NDllODBkZGRlNmQyNDg3ODA2MjkifQ==	2020-10-12 06:31:29.255081+00
y44u0wwlvv3mlicybw1l53wt3pxltggv	MTlkZTIyNzg1Y2VhYTE3ZjE1MzY0YWI0NWQ2YjMzNWE0MmYxZDE0MTp7Il9hdXRoX3VzZXJfaWQiOiIyNjMiLCJfYXV0aF91c2VyX2JhY2tlbmQiOiJkamFuZ28uY29udHJpYi5hdXRoLmJhY2tlbmRzLk1vZGVsQmFja2VuZCIsIl9hdXRoX3VzZXJfaGFzaCI6ImRmMzhmOTcxMjZmYjQzOGM2NmIwZjM5NTg0NDJhN2Q1ZmY4N2IyYzUifQ==	2020-10-23 10:52:11.980081+00
8jy16iivfy43vhmefik98ztav0scrlkg	YjU1ZjM0OWZmMjBhMTI4ZDhiYjU0MDkxYzBmNThhYWMwNWM5OTM2ODp7Il9hdXRoX3VzZXJfaWQiOiIzNjUiLCJfYXV0aF91c2VyX2JhY2tlbmQiOiJkamFuZ28uY29udHJpYi5hdXRoLmJhY2tlbmRzLk1vZGVsQmFja2VuZCIsIl9hdXRoX3VzZXJfaGFzaCI6IjljOWVkMTIyYTNhZjZjZGRlZDZkZDI1NGRmMmNhZDk3YjhjMGUxZTYifQ==	2020-11-19 08:03:08.744306+00
lo1v23qnmme76sodkj9qlg7m7supfmk4	NzA1OTc3MTk5MTc0MDliODFjNzkzMWQ3NDI4NDI5ZWVmYjdiMWVmMjp7Il9hdXRoX3VzZXJfaWQiOiIyNTMiLCJfYXV0aF91c2VyX2JhY2tlbmQiOiJkamFuZ28uY29udHJpYi5hdXRoLmJhY2tlbmRzLk1vZGVsQmFja2VuZCIsIl9hdXRoX3VzZXJfaGFzaCI6ImQwNjVhY2YxMGY3OGIyMzllNGE2NzRlMjMyYjFhYjU5NWM2NzI5MjEifQ==	2020-11-02 15:51:04.874818+00
f6xlnwh51uceeq0z5dzyjbmnwe5nnwhm	N2MzNjZkYWYyOThiOTU4Mzg4NmNiZjU4MDI2ZGVlNzdmMmE1Zjk1Yjp7Il9wYXNzd29yZF9yZXNldF90b2tlbiI6IjVrbC0wODNhMjg3NWEwNzBkN2E0ZGJmMyJ9	2020-10-23 06:01:35.705546+00
ezdzn07ggg580tsocpott6dcfm8te3wa	NTczYjRkOWZiMDU3MTJiNWI4NGRiNmY3OGQyODFjODk1NmI1ZWNmZjp7Il9hdXRoX3VzZXJfaWQiOiIyNzEiLCJfYXV0aF91c2VyX2JhY2tlbmQiOiJkamFuZ28uY29udHJpYi5hdXRoLmJhY2tlbmRzLk1vZGVsQmFja2VuZCIsIl9hdXRoX3VzZXJfaGFzaCI6IjE0OTNkOWQ0NWZlOGNmYmM4MWE4MmViZjIyOTRjMGZjMjczMjBlNGQifQ==	2020-11-04 05:06:15.752384+00
ikyqfukzee2iducs4v8uww579wf4a2um	NGQ3ZGJlYjg4YzMyYjEwNTIxZjhiNDFkMDFkNzhkY2IyZDc3YzQxMDp7Il9hdXRoX3VzZXJfaWQiOiIzNjQiLCJfYXV0aF91c2VyX2JhY2tlbmQiOiJkamFuZ28uY29udHJpYi5hdXRoLmJhY2tlbmRzLk1vZGVsQmFja2VuZCIsIl9hdXRoX3VzZXJfaGFzaCI6IjJlNzM2OWQ2NGI5NTExN2Y4NmFiYzBkMDIzNDIyNDZiYWFhMDM5NDgifQ==	2020-12-04 02:38:53.158755+00
83uv4iuj29xhhmqz8j5uurs6t7j7swhb	.eJxVjDsOwjAQBe_iGlnxbpADJT1nsPZnHECOFCcV4u4QKQW0b2beyyVal5LWZnMa1Z1dcIffjUkeVjegd6q3yctUl3lkvyl-p81fJ7XnZXf_Dgq18q2ZLQMKntCODDEMki0AciDQLIrRKKt2KhxEAFgwRMWeSAdm6Dv3_gAeJzmB:1kiLHg:lb5g0hjNPEkwR1CfPlPrJvozu9LoaG7TDucCnDkxO6U	2020-12-10 17:42:20.168073+00
mjdunwb7it0kl92d3o4bhpvtysaqpif3	.eJxVjEEOwiAQRe_C2hAKCMWle89AZpgZqZo2Ke3KeHfbpAvd_vfef6sM61Lz2njOA6mLcq5Tp98VoTx53BE9YLxPukzjMg-od0UftOnbRPy6Hu7fQYVWtzqcTUDHxRgUscELJuujRGHCPrroCQIaAeGYOug5JJ8IKG1FMEJWfb5GFjk6:1kkLih:0NhehnC8twsv_DB8e5SuKtdDZjfCDm34RnUXRiSHSqk	2020-12-16 06:34:31.276186+00
8gokyhzmou49yna3bnay81qf28qdmo4u	YzcxN2I2Yjc4MzAzYzBiYjk4M2ZlNmQ4MjYyYTliNzhmM2IyZmY2ZTp7Il9hdXRoX3VzZXJfaWQiOiIzMTIiLCJfYXV0aF91c2VyX2JhY2tlbmQiOiJkamFuZ28uY29udHJpYi5hdXRoLmJhY2tlbmRzLk1vZGVsQmFja2VuZCIsIl9hdXRoX3VzZXJfaGFzaCI6IjYxN2MyZTUyMTExZmNhNTM1ZDIzNzg5NDQ1MzZjODFiNjcwNmI2ZGUifQ==	2020-09-01 07:50:50.382351+00
zfd379r4cs7eoajb27o3qks0dx2843hz	ZTI1ODE5NmU0YWVlZmE4NTE4ZTBmMzAwMzk1MWY1NTE5Nzk1OTA3NTp7Il9wYXNzd29yZF9yZXNldF90b2tlbiI6IjVrMC1mNmM4N2MxZDVkOTJmZDZlODk4NSJ9	2020-10-02 02:36:22.760939+00
3320h5qdjuqvdbqryylt2mji2tl45gbg	Y2QyYTNmZjI5ZTZlMzRmYzI2ZDlmYTdjYTZlYThjNjkwNWJjZDQ0ZTp7Il9hdXRoX3VzZXJfaWQiOiIzMTQiLCJfYXV0aF91c2VyX2JhY2tlbmQiOiJkamFuZ28uY29udHJpYi5hdXRoLmJhY2tlbmRzLk1vZGVsQmFja2VuZCIsIl9hdXRoX3VzZXJfaGFzaCI6ImIzY2RiYjU0OGU4ODU4NjQ0YmQ0YTEzNzE4NTM1NjI3NzFiZGUwYWMifQ==	2020-10-13 04:55:16.12097+00
py8nfy36jtjlqn5f38miepu0knpwij3r	YzcxN2I2Yjc4MzAzYzBiYjk4M2ZlNmQ4MjYyYTliNzhmM2IyZmY2ZTp7Il9hdXRoX3VzZXJfaWQiOiIzMTIiLCJfYXV0aF91c2VyX2JhY2tlbmQiOiJkamFuZ28uY29udHJpYi5hdXRoLmJhY2tlbmRzLk1vZGVsQmFja2VuZCIsIl9hdXRoX3VzZXJfaGFzaCI6IjYxN2MyZTUyMTExZmNhNTM1ZDIzNzg5NDQ1MzZjODFiNjcwNmI2ZGUifQ==	2020-09-27 10:54:22.526073+00
5mggzvrpl9esh4v1ahtzn6dl31lz2jqm	NTFjYWE4Y2YyOWQwZmIyZDVlYTNlY2MzOTEwYmZjMzc5NmZiMjI4Mzp7Il9hdXRoX3VzZXJfaWQiOiIyODciLCJfYXV0aF91c2VyX2JhY2tlbmQiOiJkamFuZ28uY29udHJpYi5hdXRoLmJhY2tlbmRzLk1vZGVsQmFja2VuZCIsIl9hdXRoX3VzZXJfaGFzaCI6ImZkMjZmM2EzYTc1Y2EwNjIzMzQ3ZGY3NmE0Mzg5Y2E5ZDRlZDU5YmEifQ==	2020-10-16 00:59:56.704858+00
dgdbiuwvt2zqdgik48nnhf12tcsryb3j	YmIwZDI5ZDg4NzdiNzc5NzQwMzZhNjk5OGFmZjdjN2JjMjY1MWFiYjp7Il9hdXRoX3VzZXJfaWQiOiIzMjAiLCJfYXV0aF91c2VyX2JhY2tlbmQiOiJkamFuZ28uY29udHJpYi5hdXRoLmJhY2tlbmRzLk1vZGVsQmFja2VuZCIsIl9hdXRoX3VzZXJfaGFzaCI6IjRmYzMwOTM1OTYyMDgyMTIxYTNiYzEwNDZiNTA0YmE5OTliNTBmMjgifQ==	2020-10-12 06:36:12.629993+00
dkg7v3p5flqm3yci8ta66sad7o6mfjp6	NjU1MDY2YmQyYWY5NDgwZmY0M2VjMDhkMDdjMjUxYTJlZWM2OWFlZTp7Il9hdXRoX3VzZXJfaWQiOiIyNzciLCJfYXV0aF91c2VyX2JhY2tlbmQiOiJkamFuZ28uY29udHJpYi5hdXRoLmJhY2tlbmRzLk1vZGVsQmFja2VuZCIsIl9hdXRoX3VzZXJfaGFzaCI6ImNhNzk5ZDBiYmJmYTc2NDcwODY3NjNkMTRkZGYzN2I1YmNiOTI2M2IifQ==	2020-10-13 10:08:00.334266+00
tq3tep4rrp0ecbkb9q2fcaknfojfph0c	NTczYjRkOWZiMDU3MTJiNWI4NGRiNmY3OGQyODFjODk1NmI1ZWNmZjp7Il9hdXRoX3VzZXJfaWQiOiIyNzEiLCJfYXV0aF91c2VyX2JhY2tlbmQiOiJkamFuZ28uY29udHJpYi5hdXRoLmJhY2tlbmRzLk1vZGVsQmFja2VuZCIsIl9hdXRoX3VzZXJfaGFzaCI6IjE0OTNkOWQ0NWZlOGNmYmM4MWE4MmViZjIyOTRjMGZjMjczMjBlNGQifQ==	2020-11-10 06:05:56.16016+00
c6jwd7tmrdrtxr81q1ahrtxzw9z7f089	.eJxVjMEOwiAQRP-FsyGwgAWP3v0GsgusVA1NSnsy_rtt0oNe5jDvzbxFxHWpce1ljmMWFwFuEKffljA9S9tRfmC7TzJNbZlHkrsiD9rlbcrldT3cv4OKvW5r7QN5z9mBYXYKYFDWGMVIjIaNLcqbrBKps9XgAcqWjImBQ8BEWny-HvY4Kw:1kiK6H:BqeNLL1u5RnL6m8tZlUsTf39llVf1gUxFSYTPwM0GaI	2020-12-10 16:26:29.645388+00
jx10olzz3nis202w32kwwqysn4nq7l88	ZmViODk4MmNmNzM0MDI0NzBlY2Y5MDYxZTg5NDIyNWE1MGU3M2E1ODp7Il9hdXRoX3VzZXJfaWQiOiIyODQiLCJfYXV0aF91c2VyX2JhY2tlbmQiOiJkamFuZ28uY29udHJpYi5hdXRoLmJhY2tlbmRzLk1vZGVsQmFja2VuZCIsIl9hdXRoX3VzZXJfaGFzaCI6IjA4MTlhMWIzNWEzYzk3NjA2OTMxNjZkMDRiODRjMmIxMjA2MWMwNmEifQ==	2020-10-22 07:43:02.059532+00
a3jkrf6eidof9k13joqprr7m66h7gvbk	NzI1NmM1OWNlMjAyNzQyMWRkNzM5MWVmOWU4ZWJjY2FiOThiNDVkZDp7Il9hdXRoX3VzZXJfaWQiOiIyOTAiLCJfYXV0aF91c2VyX2JhY2tlbmQiOiJkamFuZ28uY29udHJpYi5hdXRoLmJhY2tlbmRzLk1vZGVsQmFja2VuZCIsIl9hdXRoX3VzZXJfaGFzaCI6IjBlYjZkNmRhMDdmOGQzNDE2MjdlNWI1N2JiMzQ4YWZmZTQwNzcwNGQifQ==	2020-10-26 08:48:24.12396+00
etqlz8zdiox3gzxmphuyrt84lobuzhiu	ZTBhZWEzODRmZjg0NzZkMGU3YTYwNTFhNTYxYWQ2NWNiOWJjOWJlZTp7Il9hdXRoX3VzZXJfaWQiOiIyODMiLCJfYXV0aF91c2VyX2JhY2tlbmQiOiJkamFuZ28uY29udHJpYi5hdXRoLmJhY2tlbmRzLk1vZGVsQmFja2VuZCIsIl9hdXRoX3VzZXJfaGFzaCI6IjJlZTMyZmE5ZDNlMjEyMTE2ZTYxNDFkNGFiMWIxMDliMzRiYjA1MzgifQ==	2020-11-03 03:18:15.441983+00
b6s74fihsx0k3sqnnt3ewqpqtkdgqyg8	.eJxVjEEOwiAQRe_C2hCodACX7nsGMgODVA0kpV0Z765NutDtf-_9lwi4rSVsnZcwJ3ERA4A4_a6E8cF1R-mO9dZkbHVdZpK7Ig_a5dQSP6-H-3dQsJdvrRyjjSaxd560BuOtUYQIYDi7M40wKEOGR-VQcQSbYwa2mLVXxJTF-wMw7zjX:1kiLKE:Q7XHxBPh7lL8lmXO4gwUb49H5Xh3waYUqfJn8cOgydE	2020-12-10 17:44:58.561449+00
hn4sfigp9u22sv9kefm5sinqr3bcg31t	.eJxVjDsOwyAQBe9CHSGzfJ0yvc-AlgWCkwhLxq6i3D1YcpG0b2bem3nct-L3llY_R3Zl0ih2-V0D0jPVA8UH1vvCaanbOgd-KPykjU9LTK_b6f4dFGyl15CDdingiDFGgJyFNspKO7pMwpE1EgiMzERSGt2FQMqJAYzAjmBgny9BNTfV:1kk5zP:QamAb2RWCfbgt6jWDMI91k1lsIGmJ1FAn5M4wuXqhq8	2020-12-15 13:46:43.550925+00
srs47gq3r7cqhlp75r06g6o2ihm54edp	.eJxVjDsOwjAQRO_iGlmxya4TSnrOYO3HxgHkSPlUiLuTSCmgnHlv5m0irUuJ65ymOKi5GI9gTr8tkzxT3ZE-qN5HK2NdpoHtrtiDzvY2anpdD_fvoNBctnWQIB4ISBnb3uWUuUHlHLq-SUIgW3aNeDw78FkCsmrrGRgAc8bOfL5X8zkr:1kkLq1:Y7nV7cdRWKRmiRp2Tu_ml2pnIoeurEh8mQzB3aTN0Pc	2020-12-16 06:42:05.973053+00
xk7zqlvw0whz1anpm98oc5zan11qbqui	ZTI1ODE5NmU0YWVlZmE4NTE4ZTBmMzAwMzk1MWY1NTE5Nzk1OTA3NTp7Il9wYXNzd29yZF9yZXNldF90b2tlbiI6IjVrMC1mNmM4N2MxZDVkOTJmZDZlODk4NSJ9	2020-10-02 02:36:24.086788+00
twuut0ifh8hn9q403222wflc6vbemjka	NmM2ZmM5MWEyYzQ2Y2NjYjUxZmQ1YjE5YjEzMGVkYjFjZDRmN2Y5MTp7Il9hdXRoX3VzZXJfaWQiOiIyNTUiLCJfYXV0aF91c2VyX2JhY2tlbmQiOiJkamFuZ28uY29udHJpYi5hdXRoLmJhY2tlbmRzLk1vZGVsQmFja2VuZCIsIl9hdXRoX3VzZXJfaGFzaCI6IjBhMTcyYzZkZTllNjZiYTg4YjZmZWQyNjYwYTQxOWM1NGJlMmM1ZDQifQ==	2020-09-24 04:09:05.75799+00
1wyf42wetu62w6m9akjyp3m9h3mhhvzz	MTZjZmFlMWE3OGYxMjZlZTI5OTAzM2RkNDI3ZWJjZjY5YTA4NzFiMjp7Il9wYXNzd29yZF9yZXNldF90b2tlbiI6IjVrbC1mOTIxNjA0NjY4MDkxNWM3MzIxOSJ9	2020-10-23 13:36:38.039805+00
egko5icm2ti7cxw65syd0y08ygvwkwnz	MzgwOGFlNmM3MGE5MDcxYmM5NzFjMjEzNGQwZWNiNmQ2NGY2ZDlmNzp7Il9hdXRoX3VzZXJfaWQiOiIyNTYiLCJfYXV0aF91c2VyX2JhY2tlbmQiOiJkamFuZ28uY29udHJpYi5hdXRoLmJhY2tlbmRzLk1vZGVsQmFja2VuZCIsIl9hdXRoX3VzZXJfaGFzaCI6ImQxZmJiZWZlNGEyMTZhNGUyYjE0YTVhMTJlY2Y4ODM4YzY1ZTY2NjgifQ==	2020-09-27 13:46:31.823674+00
vniyc8r5e8qmptc0foit6030838hrfjd	YzcxN2I2Yjc4MzAzYzBiYjk4M2ZlNmQ4MjYyYTliNzhmM2IyZmY2ZTp7Il9hdXRoX3VzZXJfaWQiOiIzMTIiLCJfYXV0aF91c2VyX2JhY2tlbmQiOiJkamFuZ28uY29udHJpYi5hdXRoLmJhY2tlbmRzLk1vZGVsQmFja2VuZCIsIl9hdXRoX3VzZXJfaGFzaCI6IjYxN2MyZTUyMTExZmNhNTM1ZDIzNzg5NDQ1MzZjODFiNjcwNmI2ZGUifQ==	2020-10-16 06:05:34.243147+00
1qsig53ut5934ac7ji2mrgtl4edsf4i1	Y2Y5MDMzNmVjNjRhZDMxOWQzOTI4OGFiYTdiMDM0ZmMxNDgxMGNmZDp7Il9hdXRoX3VzZXJfaWQiOiIzMDUiLCJfYXV0aF91c2VyX2JhY2tlbmQiOiJkamFuZ28uY29udHJpYi5hdXRoLmJhY2tlbmRzLk1vZGVsQmFja2VuZCIsIl9hdXRoX3VzZXJfaGFzaCI6IjJiNDViNWQxMWY0MTc3YmIwN2Q0MjliYWFmNTI1YzRjMjU5ZTU3MzgifQ==	2020-10-01 07:38:06.021489+00
3bd1qxgkbu62bqj751vyd6ppzay87fb9	ZWU5MTIyNjAyODdlOGIzNDdjMDgxM2UzNjYwYzllZjEwZDcyMDc5MTp7Il9hdXRoX3VzZXJfaWQiOiIyNjAiLCJfYXV0aF91c2VyX2JhY2tlbmQiOiJkamFuZ28uY29udHJpYi5hdXRoLmJhY2tlbmRzLk1vZGVsQmFja2VuZCIsIl9hdXRoX3VzZXJfaGFzaCI6IjA3MmE2NzhmMzc0OTZlMDVlNWJlNmM0YzhjYjc2ZGZlZWY1OTU2OTEifQ==	2020-10-21 03:16:57.498517+00
ag8gci1xndxyrbxkhrd145cac0g78itd	ZmMwNjM2MDdjYWFlMmQ4MjA3YjcxYzMwM2Q4ZTQ0NTA1YzMwMDZkMTp7Il9hdXRoX3VzZXJfaWQiOiIyNTUiLCJfYXV0aF91c2VyX2JhY2tlbmQiOiJkamFuZ28uY29udHJpYi5hdXRoLmJhY2tlbmRzLk1vZGVsQmFja2VuZCIsIl9hdXRoX3VzZXJfaGFzaCI6IjU4OTIyNWE5NTJhYzJmNmViNmVjYzI4MWNlMWUwNTZkNzA2NTI2YTUifQ==	2020-11-01 14:15:15.839758+00
li5eiegqnpp4vq5h4qjvcsy8o6hez7g7	N2E3ZjljMjcyOGJiZmQ3MWQwN2I1Mjk2Y2M3M2QwMGU0NmQzZTkzMTp7Il9hdXRoX3VzZXJfaWQiOiIyNDgiLCJfYXV0aF91c2VyX2JhY2tlbmQiOiJkamFuZ28uY29udHJpYi5hdXRoLmJhY2tlbmRzLk1vZGVsQmFja2VuZCIsIl9hdXRoX3VzZXJfaGFzaCI6IjE5ZDY1NDc0NjI2ODU1YWY4NDc3NDAyNWMwNGY0MjYyNDZkY2ZjNTEifQ==	2020-10-27 04:52:37.284871+00
5m8wyel89ue40alfqu6r0k3ucsrdkw51	MTlkZTIyNzg1Y2VhYTE3ZjE1MzY0YWI0NWQ2YjMzNWE0MmYxZDE0MTp7Il9hdXRoX3VzZXJfaWQiOiIyNjMiLCJfYXV0aF91c2VyX2JhY2tlbmQiOiJkamFuZ28uY29udHJpYi5hdXRoLmJhY2tlbmRzLk1vZGVsQmFja2VuZCIsIl9hdXRoX3VzZXJfaGFzaCI6ImRmMzhmOTcxMjZmYjQzOGM2NmIwZjM5NTg0NDJhN2Q1ZmY4N2IyYzUifQ==	2020-10-23 07:27:41.853173+00
7s2z6799ltoq17lhescchu50afqshh66	MjI3M2VhODhjYTIyMzdlNTYyYTVkYmE4N2NlN2Y4ZDIyMjNlZTQzMDp7Il9hdXRoX3VzZXJfaWQiOiIyOTciLCJfYXV0aF91c2VyX2JhY2tlbmQiOiJkamFuZ28uY29udHJpYi5hdXRoLmJhY2tlbmRzLk1vZGVsQmFja2VuZCIsIl9hdXRoX3VzZXJfaGFzaCI6Ijc4MTdlNmVlMzA2N2Q1MGQwMDFjZTlkZjVmOGJkM2U5ZTFkNDFiMmUifQ==	2020-11-10 06:53:44.909677+00
auu13odegr9mp3k7kdcx36bbn8q9rb9j	.eJxVjDsOwyAQBe9CHSGzfJ0yvc-AlgWCkwhLxq6i3D1YcpG0b2bem3nct-L3llY_R3Zl0ih2-V0D0jPVA8UH1vvCaanbOgd-KPykjU9LTK_b6f4dFGyl15CDdingiDFGgJyFNspKO7pMwpE1EgiMzERSGt2FQMqJAYzAjmBgny9BNTfV:1khdSF:APO4-K28EBK0kDC5O1OH6oOxFf0zlZPTyN4E0_-6d_k	2020-12-08 18:54:19.696188+00
4p5rz7gskzdnpp4yxtvztvv6vvjj84xg	NTFjYWE4Y2YyOWQwZmIyZDVlYTNlY2MzOTEwYmZjMzc5NmZiMjI4Mzp7Il9hdXRoX3VzZXJfaWQiOiIyODciLCJfYXV0aF91c2VyX2JhY2tlbmQiOiJkamFuZ28uY29udHJpYi5hdXRoLmJhY2tlbmRzLk1vZGVsQmFja2VuZCIsIl9hdXRoX3VzZXJfaGFzaCI6ImZkMjZmM2EzYTc1Y2EwNjIzMzQ3ZGY3NmE0Mzg5Y2E5ZDRlZDU5YmEifQ==	2020-11-05 02:56:58.299913+00
rmrftim1gjdl47ir7nrnjb2sisxw7u67	YjA3ODdhOGQyYTk3ODYyM2U0ZGZiYTQyZmQ0NTY4ZDk3OWM5YTU4MDp7Il9hdXRoX3VzZXJfaWQiOiIzNjUiLCJfYXV0aF91c2VyX2JhY2tlbmQiOiJkamFuZ28uY29udHJpYi5hdXRoLmJhY2tlbmRzLk1vZGVsQmFja2VuZCIsIl9hdXRoX3VzZXJfaGFzaCI6IjFiOWY5OTRkZjZiMjg3OTAxZTJmYTg5ZGI3ZDI4MzYzZTEyMGRmYzMifQ==	2020-12-04 13:22:07.484121+00
sg3htb9c0bzece40y2iwtc1io4ubdv3d	.eJxVjEsOwiAUAO_C2hDkX5fuewbyeA-kaiAp7cp4dyXpQrczk3mxAPtWwt7TGhZiF6bkmZ1-aQR8pDoU3aHeGsdWt3WJfCT8sJ3PjdLzerR_gwK9jDF6bQV5UpMglEY5BIyghJfORgQZhSWfozfSO7DWmSl_W52VllkLYu8PKE44DQ:1kiSFJ:4GGSWrSUj-pP55UUtAVY_pj8-PSO824PP7hGrvYA7LU	2020-12-11 01:08:21.09187+00
sk6t8rtwtfmthq4pfxio7etpu1fexljw	YjZmZTNmZmE1ZmJjZWU3YTNjMGMxYTNiZDFkMDJhN2I1NDQ1YjA0ODp7Il9hdXRoX3VzZXJfaWQiOiIyNTIiLCJfYXV0aF91c2VyX2JhY2tlbmQiOiJkamFuZ28uY29udHJpYi5hdXRoLmJhY2tlbmRzLk1vZGVsQmFja2VuZCIsIl9hdXRoX3VzZXJfaGFzaCI6IjllZDA0NjhmMGJhNWRkODQyMmU1Zjk2OTQyZDI3MWIwMGJkZDRmZGIifQ==	2020-09-01 07:59:49.085251+00
6pcs7ywfd8e8fgjf8ly8i1x8wfg5p6b5	MTZjZmFlMWE3OGYxMjZlZTI5OTAzM2RkNDI3ZWJjZjY5YTA4NzFiMjp7Il9wYXNzd29yZF9yZXNldF90b2tlbiI6IjVrbC1mOTIxNjA0NjY4MDkxNWM3MzIxOSJ9	2020-10-23 13:37:16.633972+00
ecpmqdk8r8gbzcszlj4pj4wyn8xbtfr0	MDg5N2U1OTYwYjA1NjFhNjJlZWRjODVlOTk3MjNiYTI4YzUyOWFkNjp7Il9hdXRoX3VzZXJfaWQiOiIzNDkiLCJfYXV0aF91c2VyX2JhY2tlbmQiOiJkamFuZ28uY29udHJpYi5hdXRoLmJhY2tlbmRzLk1vZGVsQmFja2VuZCIsIl9hdXRoX3VzZXJfaGFzaCI6ImQ4YTViZDAyNTE2ODc5ZWU5MjNhMzI1MGU1MGJmM2U3ZjBiZDA1ODAifQ==	2020-09-17 02:18:07.7125+00
to6ompuas7yu4xon1a4x6sqfph6x9gbg	MWQxMmM4MzU1YjBjMWI3N2QzZTc4OWVlN2U1NjI2NjUxNDI4YmY4Yzp7Il9hdXRoX3VzZXJfaWQiOiIyNTEiLCJfYXV0aF91c2VyX2JhY2tlbmQiOiJkamFuZ28uY29udHJpYi5hdXRoLmJhY2tlbmRzLk1vZGVsQmFja2VuZCIsIl9hdXRoX3VzZXJfaGFzaCI6ImRiZGUzZGQyMmY2N2E4YjU1ZmU1YjA0M2QxNDVhNDA1Y2E5ZDNiZmIifQ==	2020-10-02 02:40:21.556997+00
o1pclg7h04vkmafa15u2ejzac7zmk5yb	MjdjNzdhYTRhM2U4OWE5NDc4NWY0OWM4NWQ3NmQ4YmI0YTA3ZjczMjp7Il9hdXRoX3VzZXJfaWQiOiIxIiwiX2F1dGhfdXNlcl9iYWNrZW5kIjoiZGphbmdvLmNvbnRyaWIuYXV0aC5iYWNrZW5kcy5Nb2RlbEJhY2tlbmQiLCJfYXV0aF91c2VyX2hhc2giOiJjZmU5OTZiOTg4ZjIzYmEzNjQ4ZDZmYmVhZDUyMWQwYjIyNDRmOWEwIn0=	2020-10-08 02:10:01.941291+00
52gf7a7ztdfs4e3gjhqx3lopaj318cvt	YjViNzU5NWMzYmExNmFlZWQ2YzhmNDY0OTJiMGQxYjcxODhhMzY0NDp7Il9hdXRoX3VzZXJfaWQiOiIyNDYiLCJfYXV0aF91c2VyX2JhY2tlbmQiOiJkamFuZ28uY29udHJpYi5hdXRoLmJhY2tlbmRzLk1vZGVsQmFja2VuZCIsIl9hdXRoX3VzZXJfaGFzaCI6IjI2NzNlNDQ5M2YwNjdlNmM2MGE4NjY3MjI1ZTQxZThlYTZiYjkxYWIifQ==	2020-10-05 10:50:49.090864+00
64md0efnowo3k22vuzyiu0yjsal0x7yd	Zjc0YjNiMTRkZjFiNTA2NTE0OTI5ZmMzYjAwMWNmYmM5Mzk2ZDdiOTp7Il9hdXRoX3VzZXJfaWQiOiIzMjgiLCJfYXV0aF91c2VyX2JhY2tlbmQiOiJkamFuZ28uY29udHJpYi5hdXRoLmJhY2tlbmRzLk1vZGVsQmFja2VuZCIsIl9hdXRoX3VzZXJfaGFzaCI6IjkzMjdhZDVmOGQyODYyMTMxODNhMzcxNWMwZDNhNmM4NWUzMWQxNDYifQ==	2020-10-21 04:21:57.488604+00
gxsbahjeywv9008h47fvpam9tmj91nlj	NTliNjQxOTdiY2VkNTNjMjJmMzJjNjMzYzMyM2Q5MzQ1NDA5YWVhNzp7Il9hdXRoX3VzZXJfaWQiOiIyODUiLCJfYXV0aF91c2VyX2JhY2tlbmQiOiJkamFuZ28uY29udHJpYi5hdXRoLmJhY2tlbmRzLk1vZGVsQmFja2VuZCIsIl9hdXRoX3VzZXJfaGFzaCI6ImE0YjI4NDU4MDRkOWYwYzI0OTYxYjJhNWIwMWFhYTRiMDg5OWM5MmQifQ==	2020-11-10 07:08:01.127355+00
4dimkirhnuv4tzcqr55dudk5abqvter2	MzAwYWEyZThkMzhkYzVjMGRkZTVkZjViNWQ0OTExZGQ4NmNiZTIwMDp7Il9hdXRoX3VzZXJfaWQiOiIyNTIiLCJfYXV0aF91c2VyX2JhY2tlbmQiOiJkamFuZ28uY29udHJpYi5hdXRoLmJhY2tlbmRzLk1vZGVsQmFja2VuZCIsIl9hdXRoX3VzZXJfaGFzaCI6ImY1YTM1ZDIzNDdhYWJjZjNlZWMzODhhNTRmNzEyZjY0ZDVhMWRiZWEifQ==	2020-11-16 04:29:37.300796+00
5xpo8lb0z3u2iod5yoifyjzkcq7zvssn	Yjc1NTUxYTFlZTUzMGM0MjgzMzVkNTA3YTkyNjU0MWIzNjk3YzUyNTp7Il9hdXRoX3VzZXJfaWQiOiIyNDkiLCJfYXV0aF91c2VyX2JhY2tlbmQiOiJkamFuZ28uY29udHJpYi5hdXRoLmJhY2tlbmRzLk1vZGVsQmFja2VuZCIsIl9hdXRoX3VzZXJfaGFzaCI6IjJhODhlZDkwOGJlN2I3YzI0MzcyMDQzNDZiZWM1ODA0NzFhNjdlZmUifQ==	2020-11-05 07:21:08.336743+00
a5mxeb5wmryj6qgxzps20m0xwgtm0dit	.eJxVjEEOwiAQRe_C2pBhpkBx6d4zEBhAqoYmpV0Z765NutDtf-_9l_BhW6vfel78lMRZkEJx-l1j4EduO0r30G6z5LmtyxTlrsiDdnmdU35eDvfvoIZev7WxTgFGzQWMM0w2IeQRRlQIRhuweSBwOSpHAxNpoKCLThgVo0tcxPsD7Vo3CA:1kkeFG:86oydwUBHGUZfTHTj4_yxP2o261rcF5ca8i7y7fP5Rg	2020-12-17 02:21:22.375984+00
ljtwf9fqgsq9gd3urrvgzfg2x156pzbc	.eJxVjMEOwiAQRP-FsyGwgAWP3v0GsgusVA1NSnsy_rtt0oNe5jDvzbxFxHWpce1ljmMWFwFuEKffljA9S9tRfmC7TzJNbZlHkrsiD9rlbcrldT3cv4OKvW5r7QN5z9mBYXYKYFDWGMVIjIaNLcqbrBKps9XgAcqWjImBQ8BEWny-HvY4Kw:1khSGI:HhOMO-5q3fdeMbkGpIK__DSy-h8w_2ZGTlzPHjjE3vc	2020-12-08 06:57:14.471346+00
rgr903y4x3yeiiv3qw389m7ez4yv3rdz	.eJxVjMEOwiAQRP-FsyGwgAWP3v0GsgusVA1NSnsy_rtt0oNe5jDvzbxFxHWpce1ljmMWFwFuEKffljA9S9tRfmC7TzJNbZlHkrsiD9rlbcrldT3cv4OKvW5r7QN5z9mBYXYKYFDWGMVIjIaNLcqbrBKps9XgAcqWjImBQ8BEWny-HvY4Kw:1kjPve:a95T4dgdr99pibDH59w6VYg6Et7HSu1PYYxUp9htTKE	2020-12-13 16:52:02.917498+00
xpho1t1mp9md4o06czyufkf2fdmpxs5r	MGVhOTE5ODhjMGQzZjViNzFiOTk5MDFkYmQxOWY2ZTY2MWQ1N2RhNzp7Il9wYXNzd29yZF9yZXNldF90b2tlbiI6IjVrOS02MWQ2NTU3MjUwMDM2NWY5NDA3YyJ9	2020-10-11 02:46:43.171027+00
wkepbh99kmr2871ujrmc6xfd161eqzue	MmQwNTUzMThiYzBiZmVlY2M3OWM0Y2YzYWI5NzM4ZDhjMDc1ZjM4Yjp7Il9wYXNzd29yZF9yZXNldF90b2tlbiI6IjVrbS0yMjQyZTQ5M2MzZjFmYzJmMDQ1NSJ9	2020-10-24 03:18:58.059234+00
d7n6mosf83f0deo82r9pky9igb1lx1mn	YmYyOTgwN2Y0NjNmNzk3NmU0NWI5ZDkyMzExOTgxOTliYmRjYmI1OTp7Il9hdXRoX3VzZXJfaWQiOiIyNTgiLCJfYXV0aF91c2VyX2JhY2tlbmQiOiJkamFuZ28uY29udHJpYi5hdXRoLmJhY2tlbmRzLk1vZGVsQmFja2VuZCIsIl9hdXRoX3VzZXJfaGFzaCI6ImZmYmVjODYyMThiM2JmMTZiMjJjMjFmZmI5MWEyMDkxYzliMDM2MmEifQ==	2020-10-27 05:12:39.282872+00
qd4cahp8aawxhzix0f6ctd6lyu7h8etk	.eJxVjDsOwyAQBe9CHSGzfJ0yvc-AlgWCkwhLxq6i3D1YcpG0b2bem3nct-L3llY_R3Zl0ih2-V0D0jPVA8UH1vvCaanbOgd-KPykjU9LTK_b6f4dFGyl15CDdingiDFGgJyFNspKO7pMwpE1EgiMzERSGt2FQMqJAYzAjmBgny9BNTfV:1khjCa:QK4MSSuouE5snsJO7nZIKW6XTuIfKirbshRoS7Q5s4Q	2020-12-09 01:02:32.967246+00
jbo070aflzp8ed0itc6504tb3dyvzsbm	NWExZjc0YjFkMDI1YjM0NjM1ZDk4NTRkZWExYmNmNTkwNTNkOGM0MTp7Il9hdXRoX3VzZXJfaWQiOiIyNzgiLCJfYXV0aF91c2VyX2JhY2tlbmQiOiJkamFuZ28uY29udHJpYi5hdXRoLmJhY2tlbmRzLk1vZGVsQmFja2VuZCIsIl9hdXRoX3VzZXJfaGFzaCI6IjkwMzFmMzRiZjUyNzA4Zjc4ZjEyM2I2NTQ4YzQ4M2QzNWMyMWIwMTcifQ==	2020-11-03 05:21:33.252258+00
drc8617x41yg006vb7lj0zl31xratbzh	MjdjNzdhYTRhM2U4OWE5NDc4NWY0OWM4NWQ3NmQ4YmI0YTA3ZjczMjp7Il9hdXRoX3VzZXJfaWQiOiIxIiwiX2F1dGhfdXNlcl9iYWNrZW5kIjoiZGphbmdvLmNvbnRyaWIuYXV0aC5iYWNrZW5kcy5Nb2RlbEJhY2tlbmQiLCJfYXV0aF91c2VyX2hhc2giOiJjZmU5OTZiOTg4ZjIzYmEzNjQ4ZDZmYmVhZDUyMWQwYjIyNDRmOWEwIn0=	2020-11-05 11:35:44.728663+00
qj1k0sylm589a77ovmd8a37las8d6p6l	e30:1kkez1:SduKB1M9R65GKcpl6lI32niGKesxgMrsaWg7h9mH9QI	2020-12-17 03:08:39.179392+00
9nd04h86lovhq5lgbpcu40qtkzd1s831	MGVhOTE5ODhjMGQzZjViNzFiOTk5MDFkYmQxOWY2ZTY2MWQ1N2RhNzp7Il9wYXNzd29yZF9yZXNldF90b2tlbiI6IjVrOS02MWQ2NTU3MjUwMDM2NWY5NDA3YyJ9	2020-10-11 02:46:43.195936+00
h6cm7kyovytxh8fvxknnw6u2rd2ja2e8	NjkwYWM2ZDEzMzNlNjc0YmNmY2Q2NWY5N2RmOTAwY2JiNDIxOGIwNTp7Il9hdXRoX3VzZXJfaWQiOiIzMjMiLCJfYXV0aF91c2VyX2JhY2tlbmQiOiJkamFuZ28uY29udHJpYi5hdXRoLmJhY2tlbmRzLk1vZGVsQmFja2VuZCIsIl9hdXRoX3VzZXJfaGFzaCI6ImRmZTE1ZDY4ZjdkMjdjNjRkMDlhZDRkYzk1MWMxOTBlODFiOTljMmUifQ==	2020-09-02 10:40:06.740832+00
pdemay5f94adsw20lzo7y9egpchwzgws	MmQwNTUzMThiYzBiZmVlY2M3OWM0Y2YzYWI5NzM4ZDhjMDc1ZjM4Yjp7Il9wYXNzd29yZF9yZXNldF90b2tlbiI6IjVrbS0yMjQyZTQ5M2MzZjFmYzJmMDQ1NSJ9	2020-10-24 03:18:58.093403+00
f1r0vy7g49y16q4j4v1py1x3cfe7rq5q	MjI3M2VhODhjYTIyMzdlNTYyYTVkYmE4N2NlN2Y4ZDIyMjNlZTQzMDp7Il9hdXRoX3VzZXJfaWQiOiIyOTciLCJfYXV0aF91c2VyX2JhY2tlbmQiOiJkamFuZ28uY29udHJpYi5hdXRoLmJhY2tlbmRzLk1vZGVsQmFja2VuZCIsIl9hdXRoX3VzZXJfaGFzaCI6Ijc4MTdlNmVlMzA2N2Q1MGQwMDFjZTlkZjVmOGJkM2U5ZTFkNDFiMmUifQ==	2020-10-08 09:43:45.544804+00
29s615thbmdgzg9oj317a1xyee1ee5po	MzAwYWEyZThkMzhkYzVjMGRkZTVkZjViNWQ0OTExZGQ4NmNiZTIwMDp7Il9hdXRoX3VzZXJfaWQiOiIyNTIiLCJfYXV0aF91c2VyX2JhY2tlbmQiOiJkamFuZ28uY29udHJpYi5hdXRoLmJhY2tlbmRzLk1vZGVsQmFja2VuZCIsIl9hdXRoX3VzZXJfaGFzaCI6ImY1YTM1ZDIzNDdhYWJjZjNlZWMzODhhNTRmNzEyZjY0ZDVhMWRiZWEifQ==	2020-11-10 09:32:50.343498+00
syk19biequld1vnn337pgpvltueaszjk	YTI0NjU1NTlhODdlNDQ3YzY3NWY2ZjczMmJmYzFkM2JiMmNhZWMyYTp7Il9hdXRoX3VzZXJfaWQiOiIyNjciLCJfYXV0aF91c2VyX2JhY2tlbmQiOiJkamFuZ28uY29udHJpYi5hdXRoLmJhY2tlbmRzLk1vZGVsQmFja2VuZCIsIl9hdXRoX3VzZXJfaGFzaCI6IjYzMzAyNGFkNzA0ZTVkNTFmYzAwNGNkNDI3MzYyY2M0ODIwY2NmYjgifQ==	2020-10-14 02:57:01.334277+00
owgjuz2syyskth12n8agk03sw8cqo2qd	M2FmZmI2OTUzNDlhYTdmNTZlOWM0NWVlNDY2MDdiZDIwY2Y4NjExMjp7Il9hdXRoX3VzZXJfaWQiOiIyODYiLCJfYXV0aF91c2VyX2JhY2tlbmQiOiJkamFuZ28uY29udHJpYi5hdXRoLmJhY2tlbmRzLk1vZGVsQmFja2VuZCIsIl9hdXRoX3VzZXJfaGFzaCI6ImMwZDUyNzJiNDgyY2U4NmMzNTliZDQyYzNmYTM2OGJmMTExZGQ1MzAifQ==	2020-10-27 05:14:39.255773+00
9jimmpmw646vfot8lbscb64dxidyrg4r	OTczOWNjZmYyMmMxMTk1MTg2MjlhOGZlNjI3MTljYTk0MjEwMDEyNTp7Il9hdXRoX3VzZXJfaWQiOiIyNTIiLCJfYXV0aF91c2VyX2JhY2tlbmQiOiJkamFuZ28uY29udHJpYi5hdXRoLmJhY2tlbmRzLk1vZGVsQmFja2VuZCIsIl9hdXRoX3VzZXJfaGFzaCI6IjI0ZTVlODFhZjhkY2E3NDhmZTc4NzZlNmM1Y2U3Y2ZjYjk3ZDMyMGMifQ==	2020-10-23 01:27:15.59425+00
pffz2h2zpjhi2bl3xmel3t8c6xsg5mhd	MTRlMTlmODdhNGVmMzk4MTBmMTY2NDhlMTQwZWJhMDhkYmE0ZDkyNzp7Il9hdXRoX3VzZXJfaWQiOiIzMDkiLCJfYXV0aF91c2VyX2JhY2tlbmQiOiJkamFuZ28uY29udHJpYi5hdXRoLmJhY2tlbmRzLk1vZGVsQmFja2VuZCIsIl9hdXRoX3VzZXJfaGFzaCI6ImU0MmM0NjY5NDJhODM1MTRkYjhjYzQ0N2NhMGJlOWU3OTRlMTg0ZDMifQ==	2020-11-03 05:29:02.209952+00
3nlsqwvv25ppshev2373pkl478y94z56	OGExZGRmNzM2YmI2Y2YwMTU1ODE0Y2I1ZmZiNDMwNGMxNGQ4OGVhZDp7Il9hdXRoX3VzZXJfaWQiOiIzNDYiLCJfYXV0aF91c2VyX2JhY2tlbmQiOiJkamFuZ28uY29udHJpYi5hdXRoLmJhY2tlbmRzLk1vZGVsQmFja2VuZCIsIl9hdXRoX3VzZXJfaGFzaCI6ImVhZjE4MWY5YmZiZTVhZmViZGQwMDVmMDljMTZiY2JhNWY3MGRlZjUifQ==	2020-11-06 02:32:31.096977+00
ze2cb9zsdzj6hjnsdwm86pxi7r3ta9xd	YjA3ODdhOGQyYTk3ODYyM2U0ZGZiYTQyZmQ0NTY4ZDk3OWM5YTU4MDp7Il9hdXRoX3VzZXJfaWQiOiIzNjUiLCJfYXV0aF91c2VyX2JhY2tlbmQiOiJkamFuZ28uY29udHJpYi5hdXRoLmJhY2tlbmRzLk1vZGVsQmFja2VuZCIsIl9hdXRoX3VzZXJfaGFzaCI6IjFiOWY5OTRkZjZiMjg3OTAxZTJmYTg5ZGI3ZDI4MzYzZTEyMGRmYzMifQ==	2020-12-05 17:32:46.623101+00
euaap1bxr92fjv0esqoav3ycidx58ght	.eJxVjDsOwjAQRO_iGllrx05sSvqcwVpnd0kA2VI-FeLuJFIKKGfem3mrhNs6pm3hOU2krsq6Vl1-24zDk8uB6IHlXvVQyzpPWR-KPumi-0r8up3u38GIy7ivu0hNsI4DOLQMriErgsblBk2MskfKCFm64FjazgDDACTiyQf0iOrzBTJoOO4:1khvTC:4ORcY4vWEENHac9f1Y8nFs5G9MmSqqs3b7-qPAqCATo	2020-12-09 14:08:30.546895+00
9zo4apjyrdurtzp4r955omwumubrgm5q	MDNkNzE4NjdkZTAwNGY1NTlkY2JkYmViYjYxZmY0NTI1ZGE0MzUyNTp7Il9hdXRoX3VzZXJfaWQiOiIyOTYiLCJfYXV0aF91c2VyX2JhY2tlbmQiOiJkamFuZ28uY29udHJpYi5hdXRoLmJhY2tlbmRzLk1vZGVsQmFja2VuZCIsIl9hdXRoX3VzZXJfaGFzaCI6IjliNmNmNWIwNDJmMmY4NzEyZGE3YWI5ZjM2MDUwMWU2OTU4NWJkNDgifQ==	2020-09-01 10:05:21.385467+00
a6xh1m4ce8yyj27v1x9so186mgpaf1te	M2FmZmI2OTUzNDlhYTdmNTZlOWM0NWVlNDY2MDdiZDIwY2Y4NjExMjp7Il9hdXRoX3VzZXJfaWQiOiIyODYiLCJfYXV0aF91c2VyX2JhY2tlbmQiOiJkamFuZ28uY29udHJpYi5hdXRoLmJhY2tlbmRzLk1vZGVsQmFja2VuZCIsIl9hdXRoX3VzZXJfaGFzaCI6ImMwZDUyNzJiNDgyY2U4NmMzNTliZDQyYzNmYTM2OGJmMTExZGQ1MzAifQ==	2020-09-02 11:23:42.576112+00
y1mqjyfjqtxcgd061260ppx9q2njnvdn	NTliNjQxOTdiY2VkNTNjMjJmMzJjNjMzYzMyM2Q5MzQ1NDA5YWVhNzp7Il9hdXRoX3VzZXJfaWQiOiIyODUiLCJfYXV0aF91c2VyX2JhY2tlbmQiOiJkamFuZ28uY29udHJpYi5hdXRoLmJhY2tlbmRzLk1vZGVsQmFja2VuZCIsIl9hdXRoX3VzZXJfaGFzaCI6ImE0YjI4NDU4MDRkOWYwYzI0OTYxYjJhNWIwMWFhYTRiMDg5OWM5MmQifQ==	2020-10-11 02:47:25.78116+00
t8l4ms89yi8vwx5lwu5ik43o86a9u48g	YjViNzU5NWMzYmExNmFlZWQ2YzhmNDY0OTJiMGQxYjcxODhhMzY0NDp7Il9hdXRoX3VzZXJfaWQiOiIyNDYiLCJfYXV0aF91c2VyX2JhY2tlbmQiOiJkamFuZ28uY29udHJpYi5hdXRoLmJhY2tlbmRzLk1vZGVsQmFja2VuZCIsIl9hdXRoX3VzZXJfaGFzaCI6IjI2NzNlNDQ5M2YwNjdlNmM2MGE4NjY3MjI1ZTQxZThlYTZiYjkxYWIifQ==	2020-10-16 09:05:03.693937+00
b5uqqbxb47v7q8e2ilk3g8w6bgmjgzc4	ZTI2Mjg5ZTFlYmJhZjRiYWZkYTZiMjMxZTRiYmM4ZWNlNjMyYzM0ZDp7Il9hdXRoX3VzZXJfaWQiOiIzMDMiLCJfYXV0aF91c2VyX2JhY2tlbmQiOiJkamFuZ28uY29udHJpYi5hdXRoLmJhY2tlbmRzLk1vZGVsQmFja2VuZCIsIl9hdXRoX3VzZXJfaGFzaCI6ImRiYTIyOGU0MzkwOTI0YTk4MzVlZjE1MzVhYWJkZjdkYmIzNTI4OWEifQ==	2020-10-24 03:20:06.829117+00
rbn6b02jr3071s07nsulthfil6jlbk0i	Y2U2MDFjMDc1YjE2NWY3NWNhOWUxMGRiYjVmYTY0NGYwYjgzYzY1YTp7Il9hdXRoX3VzZXJfaWQiOiIyNTAiLCJfYXV0aF91c2VyX2JhY2tlbmQiOiJkamFuZ28uY29udHJpYi5hdXRoLmJhY2tlbmRzLk1vZGVsQmFja2VuZCIsIl9hdXRoX3VzZXJfaGFzaCI6IjAxMzhmMDRlYTNhMWZiNDNjODM3ODMyODRiMWFmMjYxYjViYWRmMjcifQ==	2020-10-14 05:26:55.796807+00
t8mrc1wk9iub0bmtsjwuc1xst68nscq0	MjE4ZTI1YWU5MDIwYmFjNDM2OGE1MTg4M2Y2ZTBiNGNiOGE2MDY5OTp7Il9hdXRoX3VzZXJfaWQiOiIzMDAiLCJfYXV0aF91c2VyX2JhY2tlbmQiOiJkamFuZ28uY29udHJpYi5hdXRoLmJhY2tlbmRzLk1vZGVsQmFja2VuZCIsIl9hdXRoX3VzZXJfaGFzaCI6Ijg5ZThmYmM3YzA1NTUxODQ3MzQzOWY2MTU3YzVkNmJhMGIzNTU2NGEifQ==	2020-10-27 07:53:19.578257+00
etdsmkbgi2z5748bl59h5wqlke2f8v54	MzgwOGFlNmM3MGE5MDcxYmM5NzFjMjEzNGQwZWNiNmQ2NGY2ZDlmNzp7Il9hdXRoX3VzZXJfaWQiOiIyNTYiLCJfYXV0aF91c2VyX2JhY2tlbmQiOiJkamFuZ28uY29udHJpYi5hdXRoLmJhY2tlbmRzLk1vZGVsQmFja2VuZCIsIl9hdXRoX3VzZXJfaGFzaCI6ImQxZmJiZWZlNGEyMTZhNGUyYjE0YTVhMTJlY2Y4ODM4YzY1ZTY2NjgifQ==	2020-10-23 07:53:36.158338+00
81h5yobbvdkmydtmhy7z9q44akl3cdsb	ZDEyNGU2M2QyMDBhN2E4Y2I3MDBkMWY2YWNhYzQ2MDkzYjBkMGYxMDp7Il9wYXNzd29yZF9yZXNldF90b2tlbiI6IjVrai04MThlNGI3ODk2Yzc1MGJkMzU4MyJ9	2020-10-21 06:39:31.68682+00
jlhnv3w6ydd6a54hehbat87wqfjs34j0	ZTJhMGQ0MzkzMWYyYmZhNTgxMWJjY2NiYmVhNmE5NjAxNzQ1Yjc2Nzp7Il9hdXRoX3VzZXJfaWQiOiIyNzIiLCJfYXV0aF91c2VyX2JhY2tlbmQiOiJkamFuZ28uY29udHJpYi5hdXRoLmJhY2tlbmRzLk1vZGVsQmFja2VuZCIsIl9hdXRoX3VzZXJfaGFzaCI6ImNhZWJhZTRiOTg3ZDI3NzBjMjkyYmUxOWM3OTg5NDcwMWFjNzBhMzQifQ==	2020-10-28 05:13:15.251413+00
dc90ca6n5n7fr9davd83t4iiyuyfzq6m	NGM2YTU3ZDlkODVjMGIyMjRiMTMwMjkyYjE3ZTE3MmU1ZmE1NWU1Nzp7Il9hdXRoX3VzZXJfaWQiOiIzMTEiLCJfYXV0aF91c2VyX2JhY2tlbmQiOiJkamFuZ28uY29udHJpYi5hdXRoLmJhY2tlbmRzLk1vZGVsQmFja2VuZCIsIl9hdXRoX3VzZXJfaGFzaCI6IjYzZDg4MjEwZjQ0YzQ1NmEyZjM4MTFmMTJjN2VmNmUzZDE2YzNiYmEifQ==	2020-11-10 15:34:00.382834+00
hkcpg4ejja5zsivqzhjl0n8fq4fcdj8b	YjViNzU5NWMzYmExNmFlZWQ2YzhmNDY0OTJiMGQxYjcxODhhMzY0NDp7Il9hdXRoX3VzZXJfaWQiOiIyNDYiLCJfYXV0aF91c2VyX2JhY2tlbmQiOiJkamFuZ28uY29udHJpYi5hdXRoLmJhY2tlbmRzLk1vZGVsQmFja2VuZCIsIl9hdXRoX3VzZXJfaGFzaCI6IjI2NzNlNDQ5M2YwNjdlNmM2MGE4NjY3MjI1ZTQxZThlYTZiYjkxYWIifQ==	2020-10-06 02:08:34.233628+00
etukf0vj0oimdm17oqfu2muhi8mv0bep	ODlkNzZhMTI2M2JlYmUwNjU2NTAzOGY2MTI5NWY2YjgwMTJmNDU4Mzp7Il9hdXRoX3VzZXJfaWQiOiIzMjEiLCJfYXV0aF91c2VyX2JhY2tlbmQiOiJkamFuZ28uY29udHJpYi5hdXRoLmJhY2tlbmRzLk1vZGVsQmFja2VuZCIsIl9hdXRoX3VzZXJfaGFzaCI6ImEzNjY4MzgwODUyNWE1OTQ1NDQ4ZmVmNzcyYTBiM2ZlZjBlMDJjNTEifQ==	2020-10-12 09:59:52.746265+00
2mliv3weq1r0z6r6s51lwecc24bhs4ir	MjdjNzdhYTRhM2U4OWE5NDc4NWY0OWM4NWQ3NmQ4YmI0YTA3ZjczMjp7Il9hdXRoX3VzZXJfaWQiOiIxIiwiX2F1dGhfdXNlcl9iYWNrZW5kIjoiZGphbmdvLmNvbnRyaWIuYXV0aC5iYWNrZW5kcy5Nb2RlbEJhY2tlbmQiLCJfYXV0aF91c2VyX2hhc2giOiJjZmU5OTZiOTg4ZjIzYmEzNjQ4ZDZmYmVhZDUyMWQwYjIyNDRmOWEwIn0=	2020-11-21 20:15:10.363921+00
sncnm1wf2nxxzgqndzd03bwrow19zl7i	NDUzZjg1OTZkMWM3NDUwMDVhMWFlMjA3MTgyYTZlNzE1OTlkNWI0Njp7Il9hdXRoX3VzZXJfaWQiOiIzMTUiLCJfYXV0aF91c2VyX2JhY2tlbmQiOiJkamFuZ28uY29udHJpYi5hdXRoLmJhY2tlbmRzLk1vZGVsQmFja2VuZCIsIl9hdXRoX3VzZXJfaGFzaCI6IjMzMzczN2MxMWYwMzFjYzkxMzEyZjA3ZTBiYmUyNmVhZTk5YTkyOTAifQ==	2020-10-27 08:31:26.183622+00
h8s3tce5fkzoelsiufa8b3hn6de18nqw	NDYwMjMxMmIxYzVlM2VmYjdiZjIwNWRkNWUwNWYwZGU0ZjY3MjM2Njp7Il9hdXRoX3VzZXJfaWQiOiIyNjEiLCJfYXV0aF91c2VyX2JhY2tlbmQiOiJkamFuZ28uY29udHJpYi5hdXRoLmJhY2tlbmRzLk1vZGVsQmFja2VuZCIsIl9hdXRoX3VzZXJfaGFzaCI6ImJmMTk3OTBkOGFkODQ5MmM5ZDJkOGEzNzY4MTUzMmFmYjVlZTczNzQifQ==	2020-10-29 04:13:27.422996+00
bd7mit6er885qb6rqx0jpjjhca72qm9c	YjA3ODdhOGQyYTk3ODYyM2U0ZGZiYTQyZmQ0NTY4ZDk3OWM5YTU4MDp7Il9hdXRoX3VzZXJfaWQiOiIzNjUiLCJfYXV0aF91c2VyX2JhY2tlbmQiOiJkamFuZ28uY29udHJpYi5hdXRoLmJhY2tlbmRzLk1vZGVsQmFja2VuZCIsIl9hdXRoX3VzZXJfaGFzaCI6IjFiOWY5OTRkZjZiMjg3OTAxZTJmYTg5ZGI3ZDI4MzYzZTEyMGRmYzMifQ==	2020-12-06 14:09:35.39254+00
63z9vq792qnk9mrdyu4g8um1z0d3aiwg	M2MyYmRhY2RmY2YzYmFlM2FiNDY1MDMzZTA3YWRkMGEyNWU1NWI2ODp7Il9hdXRoX3VzZXJfaWQiOiIxIiwiX2F1dGhfdXNlcl9iYWNrZW5kIjoiZGphbmdvLmNvbnRyaWIuYXV0aC5iYWNrZW5kcy5Nb2RlbEJhY2tlbmQiLCJfYXV0aF91c2VyX2hhc2giOiIzNDYxNGViNTY3OWQ3YmE2NjlmYWNmYzZiN2UzZDYxZThhOTAyOTBhIn0=	2020-09-02 01:37:03.797+00
6xrfw0jhdjqdgl4jbcksb8n8eajgum66	ZDEyNGU2M2QyMDBhN2E4Y2I3MDBkMWY2YWNhYzQ2MDkzYjBkMGYxMDp7Il9wYXNzd29yZF9yZXNldF90b2tlbiI6IjVrai04MThlNGI3ODk2Yzc1MGJkMzU4MyJ9	2020-10-21 06:39:31.778907+00
8zfy1iitm9uxgs7lfjkyjupd8v0hr3ip	ZmU2NWI4MDdhZmJmMmVjZDAyM2E2ODMzMjM0OWQ3Y2FhYzExMGUzZDp7Il9hdXRoX3VzZXJfaWQiOiIzMDIiLCJfYXV0aF91c2VyX2JhY2tlbmQiOiJkamFuZ28uY29udHJpYi5hdXRoLmJhY2tlbmRzLk1vZGVsQmFja2VuZCIsIl9hdXRoX3VzZXJfaGFzaCI6ImQyMGEzZTMyMjVlNjVlMTc2ODk0YWQzYTZkNGM3Yzg5ZDg1NDJiNjcifQ==	2020-10-13 05:53:32.368873+00
uhnsqt6n0t28w49527w1qdz51ssngh2t	ZGE2NjJmMmMwZjlmYTQ4MmI1MWM0NzI4MWUwNmMzMGUyNTc5ZmExNTp7Il9hdXRoX3VzZXJfaWQiOiIyNjYiLCJfYXV0aF91c2VyX2JhY2tlbmQiOiJkamFuZ28uY29udHJpYi5hdXRoLmJhY2tlbmRzLk1vZGVsQmFja2VuZCIsIl9hdXRoX3VzZXJfaGFzaCI6ImU1YTkwM2JiMDI2YjNjZDc0OTBhZDViYjcxZWYzNzE3ODZkMGQyMzEifQ==	2020-10-23 01:51:52.39815+00
8youy3afvehdrbg4w6tw9cubm12yiqsv	NTczYjRkOWZiMDU3MTJiNWI4NGRiNmY3OGQyODFjODk1NmI1ZWNmZjp7Il9hdXRoX3VzZXJfaWQiOiIyNzEiLCJfYXV0aF91c2VyX2JhY2tlbmQiOiJkamFuZ28uY29udHJpYi5hdXRoLmJhY2tlbmRzLk1vZGVsQmFja2VuZCIsIl9hdXRoX3VzZXJfaGFzaCI6IjE0OTNkOWQ0NWZlOGNmYmM4MWE4MmViZjIyOTRjMGZjMjczMjBlNGQifQ==	2020-10-25 06:38:15.28724+00
xpbj6assyhg123kug61sas26l6oonts9	MTRlNDdiNjQ4MDc5MjRlZGMzMTQ0ZDk0OWViYTE3NzFhOTllZTI4MTp7Il9hdXRoX3VzZXJfaWQiOiIyNTkiLCJfYXV0aF91c2VyX2JhY2tlbmQiOiJkamFuZ28uY29udHJpYi5hdXRoLmJhY2tlbmRzLk1vZGVsQmFja2VuZCIsIl9hdXRoX3VzZXJfaGFzaCI6ImM1YjkxNTcwOGYyMjJjZjhhZTRlODhkNGI2ZGRkZTc1NGFkODU4ZDMifQ==	2020-11-02 02:23:55.814643+00
a17unt21yejw2xk35dagkoj9hmolhn7v	ZTdkZGZjOGI1YThiZmYzYjJmNWEzNWYxOTkyNGVlZTkxNWRkYWExMjp7Il9hdXRoX3VzZXJfaWQiOiIyNzUiLCJfYXV0aF91c2VyX2JhY2tlbmQiOiJkamFuZ28uY29udHJpYi5hdXRoLmJhY2tlbmRzLk1vZGVsQmFja2VuZCIsIl9hdXRoX3VzZXJfaGFzaCI6IjYxZTZhMWU2MWM3N2E0YTI3N2RhOWI2ZDAyOWY5MjY1NTcwNTFkNjAifQ==	2020-10-27 09:28:17.786303+00
8wylqnnu4670s6je6yg4npekqxrz0sp1	MTkyZDYyMmFmYTI2YjNiNGRjYzRjZDRkZDM1NTRlNWM2MzMzNTZkYjp7Il9hdXRoX3VzZXJfaWQiOiIzMzYiLCJfYXV0aF91c2VyX2JhY2tlbmQiOiJkamFuZ28uY29udHJpYi5hdXRoLmJhY2tlbmRzLk1vZGVsQmFja2VuZCIsIl9hdXRoX3VzZXJfaGFzaCI6ImEzMjI5YzM0NmY3ODhlMjdlODQ4M2M1NDhjNWM1MDI2ZTRhZDMwOGMifQ==	2020-10-29 08:24:24.034494+00
ar0gzr8o0gjbn57ulq0zj8fxkb1wevy6	YjU1ZjM0OWZmMjBhMTI4ZDhiYjU0MDkxYzBmNThhYWMwNWM5OTM2ODp7Il9hdXRoX3VzZXJfaWQiOiIzNjUiLCJfYXV0aF91c2VyX2JhY2tlbmQiOiJkamFuZ28uY29udHJpYi5hdXRoLmJhY2tlbmRzLk1vZGVsQmFja2VuZCIsIl9hdXRoX3VzZXJfaGFzaCI6IjljOWVkMTIyYTNhZjZjZGRlZDZkZDI1NGRmMmNhZDk3YjhjMGUxZTYifQ==	2020-11-23 08:27:34.140092+00
kh9cf8zc9ccnexu6f22fi5alm0gsx36v	.eJxVjDsOwjAQBe_iGlnxbpADJT1nsPZnHECOFCcV4u4QKQW0b2beyyVal5LWZnMa1Z1dcIffjUkeVjegd6q3yctUl3lkvyl-p81fJ7XnZXf_Dgq18q2ZLQMKntCODDEMki0AciDQLIrRKKt2KhxEAFgwRMWeSAdm6Dv3_gAeJzmB:1kl5zI:CXg4z_yZi8pBifeuRxevGTawqBiWcwXQtAqBHglw_0E	2020-12-18 07:58:44.443308+00
oswb0hvagpcu4bcfv2zbuzzotxd8f6rb	YmIwMjVjNDBhMTNlZDg1YTJjMmIwYmYwNzQ1NTRhOWQ1MGRjYTM2Yzp7Il9hdXRoX3VzZXJfaWQiOiIyNjkiLCJfYXV0aF91c2VyX2JhY2tlbmQiOiJkamFuZ28uY29udHJpYi5hdXRoLmJhY2tlbmRzLk1vZGVsQmFja2VuZCIsIl9hdXRoX3VzZXJfaGFzaCI6ImFmNmQ3MTI1OTY3ODg0Mjg2ZDRkZWI3NTg1MTk5YmU4NjJkYzhjMGUifQ==	2020-10-08 06:57:32.514252+00
b0845aax24hihulikaugytl23z0kon7m	ZDFhMzUzYWY5MDM0YzZmOGJmYTIyYjZhZDgwNzQzOTcyNTg2ZjRiMzp7Il9hdXRoX3VzZXJfaWQiOiIzNTgiLCJfYXV0aF91c2VyX2JhY2tlbmQiOiJkamFuZ28uY29udHJpYi5hdXRoLmJhY2tlbmRzLk1vZGVsQmFja2VuZCIsIl9hdXRoX3VzZXJfaGFzaCI6IjRjZjQxOWMyZGViOGM3MmVjY2NkYTkyODg5ZDBiYTZkMzhlNjFlMDIifQ==	2020-09-02 16:03:10.04276+00
h96ra3d112elcevdf16xgpi0x6jjfmff	N2E3ZjljMjcyOGJiZmQ3MWQwN2I1Mjk2Y2M3M2QwMGU0NmQzZTkzMTp7Il9hdXRoX3VzZXJfaWQiOiIyNDgiLCJfYXV0aF91c2VyX2JhY2tlbmQiOiJkamFuZ28uY29udHJpYi5hdXRoLmJhY2tlbmRzLk1vZGVsQmFja2VuZCIsIl9hdXRoX3VzZXJfaGFzaCI6IjE5ZDY1NDc0NjI2ODU1YWY4NDc3NDAyNWMwNGY0MjYyNDZkY2ZjNTEifQ==	2020-11-13 01:19:50.235798+00
j4dcfuv1hsiachhlwjj4s081wl7988sy	OWU0NjY5NDBmOTNiNTBlMDAzYmM3YWJkMzc4NDBhNjIxM2JmZGRmNTp7Il9hdXRoX3VzZXJfaWQiOiIzMjQiLCJfYXV0aF91c2VyX2JhY2tlbmQiOiJkamFuZ28uY29udHJpYi5hdXRoLmJhY2tlbmRzLk1vZGVsQmFja2VuZCIsIl9hdXRoX3VzZXJfaGFzaCI6IjJmYjhlMzRhMDA1YWFiN2Y2ZDUyOGZhYmEwZjk3Y2EwY2VlZWUxY2UifQ==	2020-10-06 09:52:39.977673+00
dyah3il73c3pttcowtvi1hf0iyx9w05h	e30:1kjZ2O:mVPsxF9xT7-1fTeKUsOLhtc2ZLRU78VSWRpxdHrp4Ww	2020-12-14 02:35:36.726049+00
98h39uk0lpoeuw3pn6uamdt3e9rhj9ql	OWU0NjY5NDBmOTNiNTBlMDAzYmM3YWJkMzc4NDBhNjIxM2JmZGRmNTp7Il9hdXRoX3VzZXJfaWQiOiIzMjQiLCJfYXV0aF91c2VyX2JhY2tlbmQiOiJkamFuZ28uY29udHJpYi5hdXRoLmJhY2tlbmRzLk1vZGVsQmFja2VuZCIsIl9hdXRoX3VzZXJfaGFzaCI6IjJmYjhlMzRhMDA1YWFiN2Y2ZDUyOGZhYmEwZjk3Y2EwY2VlZWUxY2UifQ==	2020-10-14 07:59:23.583986+00
hjjazxqvgokccvk9gvxm4birqzkpda43	M2Y1NjE2N2IyNzJmZDc2MjM3MTE5ZTcwMDRkZmI1YjYwMjgzMDg2Mjp7Il9hdXRoX3VzZXJfaWQiOiIzNTMiLCJfYXV0aF91c2VyX2JhY2tlbmQiOiJkamFuZ28uY29udHJpYi5hdXRoLmJhY2tlbmRzLk1vZGVsQmFja2VuZCIsIl9hdXRoX3VzZXJfaGFzaCI6ImIxNjY0OGQwMGMyNGI2NWJiY2IyNjEwZWY3MTg5NWI4OGJlMzcwZmQifQ==	2020-10-20 01:37:07.800477+00
nut907qqf856d7kz3ys07zhtvgoss5ul	OWU0NjY5NDBmOTNiNTBlMDAzYmM3YWJkMzc4NDBhNjIxM2JmZGRmNTp7Il9hdXRoX3VzZXJfaWQiOiIzMjQiLCJfYXV0aF91c2VyX2JhY2tlbmQiOiJkamFuZ28uY29udHJpYi5hdXRoLmJhY2tlbmRzLk1vZGVsQmFja2VuZCIsIl9hdXRoX3VzZXJfaGFzaCI6IjJmYjhlMzRhMDA1YWFiN2Y2ZDUyOGZhYmEwZjk3Y2EwY2VlZWUxY2UifQ==	2020-11-03 05:41:31.229459+00
vsrn4aa9kusdqfhj2ngfriv7pxltkebk	ZDUzYTM4MjBiNThhN2M5YzI3ZjhjNGM1ODhjZWE0NDY0NTYzNjI4YTp7Il9hdXRoX3VzZXJfaWQiOiIyNjkiLCJfYXV0aF91c2VyX2JhY2tlbmQiOiJkamFuZ28uY29udHJpYi5hdXRoLmJhY2tlbmRzLk1vZGVsQmFja2VuZCIsIl9hdXRoX3VzZXJfaGFzaCI6IjdkNjk4NTc5ZWVhMjBiOTUwNzJkZmI4ZDYzZTc4MjUzZTkxYWZiNTUifQ==	2020-11-16 05:38:41.597594+00
19xh5ybqa55ans4qo0zb2a2p379538qx	Y2Q2ZDYyODkxZjljMWVkY2JhMzE2MmEwN2E3MjJhMGNkOTZhYzUzYzp7Il9wYXNzd29yZF9yZXNldF90b2tlbiI6IjVrbC03MjMyZWYxMDRjMjJiNmUxMDY1NiJ9	2020-10-23 08:59:52.529246+00
o6kiz0nxwwsut89eyjfqcjh0613ypjw1	ZWU5MTIyNjAyODdlOGIzNDdjMDgxM2UzNjYwYzllZjEwZDcyMDc5MTp7Il9hdXRoX3VzZXJfaWQiOiIyNjAiLCJfYXV0aF91c2VyX2JhY2tlbmQiOiJkamFuZ28uY29udHJpYi5hdXRoLmJhY2tlbmRzLk1vZGVsQmFja2VuZCIsIl9hdXRoX3VzZXJfaGFzaCI6IjA3MmE2NzhmMzc0OTZlMDVlNWJlNmM0YzhjYjc2ZGZlZWY1OTU2OTEifQ==	2020-11-24 02:53:02.143367+00
4l7eujs0jzgpls04at4u2lu0u8mmex77	.eJxVjEEOwiAQRe_C2pAhMEBduvcMBGamUjU0Ke3KeHdt0oVu_3vvv1TK21rT1mVJE6uzsoDq9LuWTA9pO-J7brdZ09zWZSp6V_RBu77OLM_L4f4d1NzrtzYuWsfkfGSyET0GB-IdWvEotlBEiOMAUmBEQxwGyM6ANyEwC2BW7w8HSzd-:1kiBbt:-I8zyRbFHtDo_m8zwkscf5kWFMUtSv4G605tGuc7KFE	2020-12-10 07:22:33.101521+00
jo31zomdnpp3a57yq6616g8eq8blp9so	.eJxVjMsOwiAQRf-FtSE8BgZcuvcbCDAgVUOT0q6M_65NutDtPefcFwtxW1vYRlnCROzMFEp2-l1TzI_Sd0T32G8zz3NflynxXeEHHfw6U3leDvfvoMXRvnVFjQW0zcUrRUlBBWmJlBFGJHTkK6TsNVXlvBMSPOoabbIWZZTOAHt_ACKtN5E:1kl60H:vI6VJD6KpnwvHPQEX4yV_hwrks8aufwAP0_VgyYQcRU	2020-12-18 07:59:45.512379+00
ec48s936r2v91uknxvhmfz6t2vhs4htk	MTRlMTlmODdhNGVmMzk4MTBmMTY2NDhlMTQwZWJhMDhkYmE0ZDkyNzp7Il9hdXRoX3VzZXJfaWQiOiIzMDkiLCJfYXV0aF91c2VyX2JhY2tlbmQiOiJkamFuZ28uY29udHJpYi5hdXRoLmJhY2tlbmRzLk1vZGVsQmFja2VuZCIsIl9hdXRoX3VzZXJfaGFzaCI6ImU0MmM0NjY5NDJhODM1MTRkYjhjYzQ0N2NhMGJlOWU3OTRlMTg0ZDMifQ==	2020-10-27 09:30:43.354412+00
kwrqky15ebscic4nwv7klb6ida0usz07	MzU1MDQxNGM4ZTlkOWU5ZjhhNTBhNWY3YWU3MTcwMzY0ZGFhZjk5NDp7Il9hdXRoX3VzZXJfaWQiOiIzMTUiLCJfYXV0aF91c2VyX2JhY2tlbmQiOiJkamFuZ28uY29udHJpYi5hdXRoLmJhY2tlbmRzLk1vZGVsQmFja2VuZCIsIl9hdXRoX3VzZXJfaGFzaCI6IjZlNGJhZjQ3ZDBjMjgyZTAzMjQ3NzY5M2JkNzM2ZjFjYjdhNDE3MWUifQ==	2020-09-02 02:04:12.377749+00
7w76hh0as32evsow59jnmcgjv22janab	eyJfcGFzc3dvcmRfcmVzZXRfdG9rZW4iOiJhZTRwc3otNmZmOTc0NmZlYjNmOTY2NGJjY2ZmMzlmYmNlNWQ5MTMifQ:1kjZ1l:4S4wHM4CnT3hBUdAVIxUcSJwLNfF9lyjpiYx4ktdsUc	2020-12-14 02:34:57.730981+00
ngjcsfh0oyuwik0l72zf9ao6oljio7nx	NmM2ZmM5MWEyYzQ2Y2NjYjUxZmQ1YjE5YjEzMGVkYjFjZDRmN2Y5MTp7Il9hdXRoX3VzZXJfaWQiOiIyNTUiLCJfYXV0aF91c2VyX2JhY2tlbmQiOiJkamFuZ28uY29udHJpYi5hdXRoLmJhY2tlbmRzLk1vZGVsQmFja2VuZCIsIl9hdXRoX3VzZXJfaGFzaCI6IjBhMTcyYzZkZTllNjZiYTg4YjZmZWQyNjYwYTQxOWM1NGJlMmM1ZDQifQ==	2020-10-08 06:59:05.550177+00
1tcunk7wq4vp0wygers1ack1ezodyqya	OTczOWNjZmYyMmMxMTk1MTg2MjlhOGZlNjI3MTljYTk0MjEwMDEyNTp7Il9hdXRoX3VzZXJfaWQiOiIyNTIiLCJfYXV0aF91c2VyX2JhY2tlbmQiOiJkamFuZ28uY29udHJpYi5hdXRoLmJhY2tlbmRzLk1vZGVsQmFja2VuZCIsIl9hdXRoX3VzZXJfaGFzaCI6IjI0ZTVlODFhZjhkY2E3NDhmZTc4NzZlNmM1Y2U3Y2ZjYjk3ZDMyMGMifQ==	2020-10-12 02:11:11.416172+00
jto3ufcs16qysavvy89z52lqneruayke	MDRhNmMxOGQ1OTQ1NGNmNTE4OTVmNTEyNzBhNDhmMmJlMjEzNzNmNjp7Il9hdXRoX3VzZXJfaWQiOiIyNTIiLCJfYXV0aF91c2VyX2JhY2tlbmQiOiJkamFuZ28uY29udHJpYi5hdXRoLmJhY2tlbmRzLk1vZGVsQmFja2VuZCIsIl9hdXRoX3VzZXJfaGFzaCI6ImNiYmY1YWJlMjA3N2RlZTVhZTZiZjU5MzAxNTMwZGM3NTIxZDYzODIifQ==	2020-10-09 02:59:29.877332+00
bd3in4ntfpckdtbcoff6pv09ztrugz64	NjkwYWM2ZDEzMzNlNjc0YmNmY2Q2NWY5N2RmOTAwY2JiNDIxOGIwNTp7Il9hdXRoX3VzZXJfaWQiOiIzMjMiLCJfYXV0aF91c2VyX2JhY2tlbmQiOiJkamFuZ28uY29udHJpYi5hdXRoLmJhY2tlbmRzLk1vZGVsQmFja2VuZCIsIl9hdXRoX3VzZXJfaGFzaCI6ImRmZTE1ZDY4ZjdkMjdjNjRkMDlhZDRkYzk1MWMxOTBlODFiOTljMmUifQ==	2020-11-02 03:44:23.601114+00
uucjbs4f2j4ggfskavpz6xjceqjheaqy	NGQ5YjNkNjcyZjUxNWU2MjkxYTRmNmU5OTFjMmQ4NmE0NTVmMzFiYjp7Il9wYXNzd29yZF9yZXNldF90b2tlbiI6IjVrbC1lOTQ4M2VlYjMyMTM2NzUyN2FlZCJ9	2020-10-23 02:07:36.260728+00
u1qqyp6stm2nbpzt84l5bactukfotksb	Y2Q2ZDYyODkxZjljMWVkY2JhMzE2MmEwN2E3MjJhMGNkOTZhYzUzYzp7Il9wYXNzd29yZF9yZXNldF90b2tlbiI6IjVrbC03MjMyZWYxMDRjMjJiNmUxMDY1NiJ9	2020-10-23 08:59:52.721297+00
cj6th6m3eptc637xt5qbk4jgeq79xvjd	MjViNmIyMTQxMmI0MjE0NDM4NDhjZDdiZGEwNTM0YzNiNzY2OTU1YTp7Il9wYXNzd29yZF9yZXNldF90b2tlbiI6IjVrci0wM2ViNTM0OTY2ODAwODZjMTcwMiJ9	2020-10-29 09:34:15.495342+00
q9h5yg6djz8twjs1g677euczem4u51kg	.eJxVjMsOwiAQRf-FtSHQgSl16d5vaAY6I1UDSR8r478rSRe6veec-1Ij7Vse95WXcZ7UWQF6dfpdI6UHl4amO5Vb1amWbZmjboo-6KqvdeLn5XD_DjKtudUUnR8COYsmekkooSMAawfPgcUZcL0zCCgsDL34wXaIYuSbCZBV7w8mTzfm:1kiXCO:tBVZUPM4mp5fc9wRP3drcaw1SsRgB_tx8rhYvnEoM1s	2020-12-11 06:25:40.640449+00
q3z0ru886lmo83x2p19gfhzekvqaz9j4	.eJxVjMsOwiAQRf-FtSE8BgZcuvcbCDAgVUOT0q6M_65NutDtPefcFwtxW1vYRlnCROzMFEp2-l1TzI_Sd0T32G8zz3NflynxXeEHHfw6U3leDvfvoMXRvnVFjQW0zcUrRUlBBWmJlBFGJHTkK6TsNVXlvBMSPOoabbIWZZTOAHt_ACKtN5E:1kl7Ed:2ecUTuCYKNGnEE91GbqSKl31ZtkVYsXL3xQ-M6c5cTs	2020-12-18 09:18:39.544764+00
64g6l0gr58wjtvud0ilokp2c8nny9ob2	NDQwNGNiOGNjNGZkZmM0MDgxYTAyYmVkM2I2NmJmNzE4Yzg0NmY3Yjp7Il9hdXRoX3VzZXJfaWQiOiIzMDIiLCJfYXV0aF91c2VyX2JhY2tlbmQiOiJkamFuZ28uY29udHJpYi5hdXRoLmJhY2tlbmRzLk1vZGVsQmFja2VuZCIsIl9hdXRoX3VzZXJfaGFzaCI6IjUxODZkYzEwN2U0YTQ5OGZjNWI4OWRmNjZhNzQzODViYTM5ZTM2NGQifQ==	2020-09-02 02:28:03.998064+00
cjys0skkude01p1dl65pef65udo65xa5	eyJfcGFzc3dvcmRfcmVzZXRfdG9rZW4iOiJhZTRwc3otNmZmOTc0NmZlYjNmOTY2NGJjY2ZmMzlmYmNlNWQ5MTMifQ:1kjZ1l:4S4wHM4CnT3hBUdAVIxUcSJwLNfF9lyjpiYx4ktdsUc	2020-12-14 02:34:57.804715+00
q2ixmhulon1m6t8tw5t3mwxozk7pbrvp	OTczOWNjZmYyMmMxMTk1MTg2MjlhOGZlNjI3MTljYTk0MjEwMDEyNTp7Il9hdXRoX3VzZXJfaWQiOiIyNTIiLCJfYXV0aF91c2VyX2JhY2tlbmQiOiJkamFuZ28uY29udHJpYi5hdXRoLmJhY2tlbmRzLk1vZGVsQmFja2VuZCIsIl9hdXRoX3VzZXJfaGFzaCI6IjI0ZTVlODFhZjhkY2E3NDhmZTc4NzZlNmM1Y2U3Y2ZjYjk3ZDMyMGMifQ==	2020-10-12 02:17:16.256333+00
3rxp5rtjknriftt9ic9duhtnrdwk3rwy	NmRmM2JjY2RkN2RjYTRiNDU4ZjRmMDY5ZGI5OWE0M2RhOTU3Y2QxYzp7Il9hdXRoX3VzZXJfaWQiOiIyNTEiLCJfYXV0aF91c2VyX2JhY2tlbmQiOiJkamFuZ28uY29udHJpYi5hdXRoLmJhY2tlbmRzLk1vZGVsQmFja2VuZCIsIl9hdXRoX3VzZXJfaGFzaCI6IjBmYzBlZDljNGVhY2FkZDJjY2U0MjcyNzAxZGE1ZTM4ZDIwMjc4YWUifQ==	2020-11-13 09:48:24.083934+00
gbpke3fr38gsfyf14b88lnpg1cnrim36	NGQ5YjNkNjcyZjUxNWU2MjkxYTRmNmU5OTFjMmQ4NmE0NTVmMzFiYjp7Il9wYXNzd29yZF9yZXNldF90b2tlbiI6IjVrbC1lOTQ4M2VlYjMyMTM2NzUyN2FlZCJ9	2020-10-23 02:07:36.350791+00
6wywjx66xuo4fsefwh95mh38u9zbnooa	.eJxVjDsOwjAQBe_iGlnxbpADJT1nsPZnHECOFCcV4u4QKQW0b2beyyVal5LWZnMa1Z1dcIffjUkeVjegd6q3yctUl3lkvyl-p81fJ7XnZXf_Dgq18q2ZLQMKntCODDEMki0AciDQLIrRKKt2KhxEAFgwRMWeSAdm6Dv3_gAeJzmB:1khnfC:GJVBCVwiqVdtRA6eB55NOmTDZLz3_zYx52SWmuvoaPQ	2020-12-09 05:48:22.93319+00
8z9dmxtqqu8zo7k1dgx8z6r4y87o5lrr	YzcxN2I2Yjc4MzAzYzBiYjk4M2ZlNmQ4MjYyYTliNzhmM2IyZmY2ZTp7Il9hdXRoX3VzZXJfaWQiOiIzMTIiLCJfYXV0aF91c2VyX2JhY2tlbmQiOiJkamFuZ28uY29udHJpYi5hdXRoLmJhY2tlbmRzLk1vZGVsQmFja2VuZCIsIl9hdXRoX3VzZXJfaGFzaCI6IjYxN2MyZTUyMTExZmNhNTM1ZDIzNzg5NDQ1MzZjODFiNjcwNmI2ZGUifQ==	2020-11-16 07:18:50.097592+00
aqjvtuxi9aotwvdky2cxy9h6xewhlhdx	Nzg3OWY0ZjhjMTliMTEzNGI5ZDNjYjQwNTU3MjU2MDg5MzY0MjZkZjp7Il9hdXRoX3VzZXJfaWQiOiIyNzQiLCJfYXV0aF91c2VyX2JhY2tlbmQiOiJkamFuZ28uY29udHJpYi5hdXRoLmJhY2tlbmRzLk1vZGVsQmFja2VuZCIsIl9hdXRoX3VzZXJfaGFzaCI6ImMyZDY4OTMxMjk4ZjJjOGQxNWFjNzk1NTE0Yzg1MWMwZTM4ODdkY2MifQ==	2020-10-27 13:24:43.474336+00
s54wvyva75kqe1qmqq1bjc3uj2y0ap0r	NmRmM2JjY2RkN2RjYTRiNDU4ZjRmMDY5ZGI5OWE0M2RhOTU3Y2QxYzp7Il9hdXRoX3VzZXJfaWQiOiIyNTEiLCJfYXV0aF91c2VyX2JhY2tlbmQiOiJkamFuZ28uY29udHJpYi5hdXRoLmJhY2tlbmRzLk1vZGVsQmFja2VuZCIsIl9hdXRoX3VzZXJfaGFzaCI6IjBmYzBlZDljNGVhY2FkZDJjY2U0MjcyNzAxZGE1ZTM4ZDIwMjc4YWUifQ==	2020-10-29 09:35:06.093965+00
65imacsys8zdumdtyywedext8d8h4p66	.eJxVjDsOwyAQBe9CHSGzfJ0yvc-AlgWCkwhLxq6i3D1YcpG0b2bem3nct-L3llY_R3Zl0ih2-V0D0jPVA8UH1vvCaanbOgd-KPykjU9LTK_b6f4dFGyl15CDdingiDFGgJyFNspKO7pMwpE1EgiMzERSGt2FQMqJAYzAjmBgny9BNTfV:1kgr2k:rlTHcgKa1ocpU5AJgTby2sB_IOgW7Q702u-rd_YDdsg	2020-12-06 15:12:46.332667+00
2zv70rvaxab2wg0yt7hxa2q3hcgtn240	.eJxVjDsOwjAQBe_iGlnxbpADJT1nsPZnHECOFCcV4u4QKQW0b2beyyVal5LWZnMa1Z1dcIffjUkeVjegd6q3yctUl3lkvyl-p81fJ7XnZXf_Dgq18q2ZLQMKntCODDEMki0AciDQLIrRKKt2KhxEAFgwRMWeSAdm6Dv3_gAeJzmB:1kiBoY:tQA1pdw8QpwWc-7gqYjjbRJZ4AeqqzxGfo9MVL-E2UI	2020-12-10 07:35:38.880304+00
36c5ue7t6s3z2bsc0tqf9h8tgqfqcuos	.eJxVjMsOwiAQRf-FtSE8BgZcuvcbCDAgVUOT0q6M_65NutDtPefcFwtxW1vYRlnCROzMFEp2-l1TzI_Sd0T32G8zz3NflynxXeEHHfw6U3leDvfvoMXRvnVFjQW0zcUrRUlBBWmJlBFGJHTkK6TsNVXlvBMSPOoabbIWZZTOAHt_ACKtN5E:1kmAH1:Lt1dVRSWK1z0Vdv2Gvfrna8DPyJshrnEmqrgoXgz74s	2020-12-21 06:45:27.7687+00
k335xtjm70wgb8vefycbi6oacurwbs3a	MDg5N2U1OTYwYjA1NjFhNjJlZWRjODVlOTk3MjNiYTI4YzUyOWFkNjp7Il9hdXRoX3VzZXJfaWQiOiIzNDkiLCJfYXV0aF91c2VyX2JhY2tlbmQiOiJkamFuZ28uY29udHJpYi5hdXRoLmJhY2tlbmRzLk1vZGVsQmFja2VuZCIsIl9hdXRoX3VzZXJfaGFzaCI6ImQ4YTViZDAyNTE2ODc5ZWU5MjNhMzI1MGU1MGJmM2U3ZjBiZDA1ODAifQ==	2020-09-24 05:47:29.132887+00
hlpenfvjdultwh04h55ti4wdvyinpjwe	MGZlMDExNTg1ZThiNjQwOTgxZTg5Yjc1MzFmY2QyMTJjMjAxN2Q0ZDp7Il9hdXRoX3VzZXJfaWQiOiIyNzkiLCJfYXV0aF91c2VyX2JhY2tlbmQiOiJkamFuZ28uY29udHJpYi5hdXRoLmJhY2tlbmRzLk1vZGVsQmFja2VuZCIsIl9hdXRoX3VzZXJfaGFzaCI6IjIzYTU3ZWRhZmNhNzcxNTkxODQ1NTY4N2JhMzdhOWZhN2NlNzlmODgifQ==	2020-09-30 07:39:31.450526+00
vgpcqkqa4jf9eu3tkbo60ulzlpybqsyl	ZWU1MDE4MmU4YzIxZTZlYTMzODI0MzlmMGJmMTY1MjEwYmU0MTMxNTp7Il9hdXRoX3VzZXJfaWQiOiIyNjUiLCJfYXV0aF91c2VyX2JhY2tlbmQiOiJkamFuZ28uY29udHJpYi5hdXRoLmJhY2tlbmRzLk1vZGVsQmFja2VuZCIsIl9hdXRoX3VzZXJfaGFzaCI6ImE3NmFjZTFkMWIxZDJhMTM4YmNlZDlkZGNkODNkZGNiMzljYTE1M2IifQ==	2020-11-02 04:09:10.516268+00
tmz9dm6u30tzl4fk07ot6kxvgdees52a	NmRmM2JjY2RkN2RjYTRiNDU4ZjRmMDY5ZGI5OWE0M2RhOTU3Y2QxYzp7Il9hdXRoX3VzZXJfaWQiOiIyNTEiLCJfYXV0aF91c2VyX2JhY2tlbmQiOiJkamFuZ28uY29udHJpYi5hdXRoLmJhY2tlbmRzLk1vZGVsQmFja2VuZCIsIl9hdXRoX3VzZXJfaGFzaCI6IjBmYzBlZDljNGVhY2FkZDJjY2U0MjcyNzAxZGE1ZTM4ZDIwMjc4YWUifQ==	2020-11-13 09:49:52.311417+00
x8c2jwhgvnh88lkr6k1m6gwg9ihkntn0	YmIwZDI5ZDg4NzdiNzc5NzQwMzZhNjk5OGFmZjdjN2JjMjY1MWFiYjp7Il9hdXRoX3VzZXJfaWQiOiIzMjAiLCJfYXV0aF91c2VyX2JhY2tlbmQiOiJkamFuZ28uY29udHJpYi5hdXRoLmJhY2tlbmRzLk1vZGVsQmFja2VuZCIsIl9hdXRoX3VzZXJfaGFzaCI6IjRmYzMwOTM1OTYyMDgyMTIxYTNiYzEwNDZiNTA0YmE5OTliNTBmMjgifQ==	2020-10-28 01:16:03.890062+00
il3naa4sxzye96gvecirwne22ibq8jc7	NmRmM2JjY2RkN2RjYTRiNDU4ZjRmMDY5ZGI5OWE0M2RhOTU3Y2QxYzp7Il9hdXRoX3VzZXJfaWQiOiIyNTEiLCJfYXV0aF91c2VyX2JhY2tlbmQiOiJkamFuZ28uY29udHJpYi5hdXRoLmJhY2tlbmRzLk1vZGVsQmFja2VuZCIsIl9hdXRoX3VzZXJfaGFzaCI6IjBmYzBlZDljNGVhY2FkZDJjY2U0MjcyNzAxZGE1ZTM4ZDIwMjc4YWUifQ==	2020-10-30 02:17:44.526891+00
hhfhot7k3e79r8gaki297thok4464ccn	.eJxVjDsOwyAQBe9CHSGzfJ0yvc-AlgWCkwhLxq6i3D1YcpG0b2bem3nct-L3llY_R3Zl0ih2-V0D0jPVA8UH1vvCaanbOgd-KPykjU9LTK_b6f4dFGyl15CDdingiDFGgJyFNspKO7pMwpE1EgiMzERSGt2FQMqJAYzAjmBgny9BNTfV:1khG3N:CHLrQaxNxxXnlGwOf2ImsWtYIZcp7-VjHuADIJ_XOvs	2020-12-07 17:55:05.507266+00
gwqljc95yzbtquzdm9di1cfehzah9tqq	NGQ3ZGJlYjg4YzMyYjEwNTIxZjhiNDFkMDFkNzhkY2IyZDc3YzQxMDp7Il9hdXRoX3VzZXJfaWQiOiIzNjQiLCJfYXV0aF91c2VyX2JhY2tlbmQiOiJkamFuZ28uY29udHJpYi5hdXRoLmJhY2tlbmRzLk1vZGVsQmFja2VuZCIsIl9hdXRoX3VzZXJfaGFzaCI6IjJlNzM2OWQ2NGI5NTExN2Y4NmFiYzBkMDIzNDIyNDZiYWFhMDM5NDgifQ==	2020-11-24 08:44:13.135496+00
dkfdbpt77oli9v6x0xt529knshv8wj5n	.eJxVjDsOwjAQBe_iGlnxbpADJT1nsPZnHECOFCcV4u4QKQW0b2beyyVal5LWZnMa1Z1dcIffjUkeVjegd6q3yctUl3lkvyl-p81fJ7XnZXf_Dgq18q2ZLQMKntCODDEMki0AciDQLIrRKKt2KhxEAFgwRMWeSAdm6Dv3_gAeJzmB:1khngD:kB28MWckbwZxF7EWcsbA6WqlLn0MVOc1jhmcaTFicZs	2020-12-09 05:49:25.471773+00
opmpz9vrlpueu6ud40j0nv2u1epdnp9w	.eJxVjDsOwjAQBe_iGlnxbpADJT1nsPZnHECOFCcV4u4QKQW0b2beyyVal5LWZnMa1Z1dcIffjUkeVjegd6q3yctUl3lkvyl-p81fJ7XnZXf_Dgq18q2ZLQMKntCODDEMki0AciDQLIrRKKt2KhxEAFgwRMWeSAdm6Dv3_gAeJzmB:1ki91G:67ZJF4cC0eTSXjEurTXOiyeTDkQ3AKNrSuyHp-w8bwI	2020-12-10 04:36:34.104335+00
roxmzbehbomlmr352z2xrp6r64u7fo8h	.eJxVjMsOwiAQRf-FtSHDoxVcuu83kIFhpGogKe3K-O_apAvd3nPOfYmA21rC1vMSZhIXoQctTr9rxPTIdUd0x3prMrW6LnOUuyIP2uXUKD-vh_t3ULCXb20BFKuReGBwRlllEjIkOFvyFAmj8qS1g2TAeIfOW2XH7Dm7bKLTLN4fHVs4Ag:1kiYIF:qYgBZr-e9ZEHYHud096JSK8UW06wtcVEGHedqMrV584	2020-12-11 07:35:47.813927+00
nd3anqw681zb9exm59clh5y0z62ydju9	YWQyZTcyM2MwYTg3MDkzM2M5OGY3MTI2YzYwZDJlY2VlMWMyOTViOTp7Il9hdXRoX3VzZXJfaWQiOiIzMDQiLCJfYXV0aF91c2VyX2JhY2tlbmQiOiJkamFuZ28uY29udHJpYi5hdXRoLmJhY2tlbmRzLk1vZGVsQmFja2VuZCIsIl9hdXRoX3VzZXJfaGFzaCI6IjhlYzQyNzM2MGYyYzgxOTA2MGJkYWRkN2E4MDI4YTAyZTMwZTgzYTIifQ==	2020-09-02 03:23:56.779918+00
gj10bk19tviuv8e25z8telt51cz2tuqo	MTRlNDdiNjQ4MDc5MjRlZGMzMTQ0ZDk0OWViYTE3NzFhOTllZTI4MTp7Il9hdXRoX3VzZXJfaWQiOiIyNTkiLCJfYXV0aF91c2VyX2JhY2tlbmQiOiJkamFuZ28uY29udHJpYi5hdXRoLmJhY2tlbmRzLk1vZGVsQmFja2VuZCIsIl9hdXRoX3VzZXJfaGFzaCI6ImM1YjkxNTcwOGYyMjJjZjhhZTRlODhkNGI2ZGRkZTc1NGFkODU4ZDMifQ==	2020-09-24 06:55:21.709392+00
zr1k4iaqw8y6z8qgji9zc2ys3tcw332g	OGExZGRmNzM2YmI2Y2YwMTU1ODE0Y2I1ZmZiNDMwNGMxNGQ4OGVhZDp7Il9hdXRoX3VzZXJfaWQiOiIzNDYiLCJfYXV0aF91c2VyX2JhY2tlbmQiOiJkamFuZ28uY29udHJpYi5hdXRoLmJhY2tlbmRzLk1vZGVsQmFja2VuZCIsIl9hdXRoX3VzZXJfaGFzaCI6ImVhZjE4MWY5YmZiZTVhZmViZGQwMDVmMDljMTZiY2JhNWY3MGRlZjUifQ==	2020-10-19 07:09:11.683222+00
f0jjrakrh7fyjd7zkxbvraty7l8o28ix	NTczYjRkOWZiMDU3MTJiNWI4NGRiNmY3OGQyODFjODk1NmI1ZWNmZjp7Il9hdXRoX3VzZXJfaWQiOiIyNzEiLCJfYXV0aF91c2VyX2JhY2tlbmQiOiJkamFuZ28uY29udHJpYi5hdXRoLmJhY2tlbmRzLk1vZGVsQmFja2VuZCIsIl9hdXRoX3VzZXJfaGFzaCI6IjE0OTNkOWQ0NWZlOGNmYmM4MWE4MmViZjIyOTRjMGZjMjczMjBlNGQifQ==	2020-10-26 02:54:35.735072+00
bw95yuvf6q3mhha7m8ekztwyfvtijjm8	YzIyNDhhNzI5MDc4MDlhMzRjY2ExMmVhNjUxMzU4Njc5ZDNmNDA1Yzp7Il9hdXRoX3VzZXJfaWQiOiIyNDciLCJfYXV0aF91c2VyX2JhY2tlbmQiOiJkamFuZ28uY29udHJpYi5hdXRoLmJhY2tlbmRzLk1vZGVsQmFja2VuZCIsIl9hdXRoX3VzZXJfaGFzaCI6IjA0NmIyNjZmYWM0ZTJiMWVhYzBhYjVkYWVmYmRlMTBiY2U1MWIyMzUifQ==	2020-10-14 10:00:54.912127+00
bzb26pi2vmo4t9nmtfoucpjatb1xz0ju	YjViNzU5NWMzYmExNmFlZWQ2YzhmNDY0OTJiMGQxYjcxODhhMzY0NDp7Il9hdXRoX3VzZXJfaWQiOiIyNDYiLCJfYXV0aF91c2VyX2JhY2tlbmQiOiJkamFuZ28uY29udHJpYi5hdXRoLmJhY2tlbmRzLk1vZGVsQmFja2VuZCIsIl9hdXRoX3VzZXJfaGFzaCI6IjI2NzNlNDQ5M2YwNjdlNmM2MGE4NjY3MjI1ZTQxZThlYTZiYjkxYWIifQ==	2020-11-17 08:21:01.634102+00
80wocnfsmac246rfge0irxudebbp1hjw	NGQ3ZGJlYjg4YzMyYjEwNTIxZjhiNDFkMDFkNzhkY2IyZDc3YzQxMDp7Il9hdXRoX3VzZXJfaWQiOiIzNjQiLCJfYXV0aF91c2VyX2JhY2tlbmQiOiJkamFuZ28uY29udHJpYi5hdXRoLmJhY2tlbmRzLk1vZGVsQmFja2VuZCIsIl9hdXRoX3VzZXJfaGFzaCI6IjJlNzM2OWQ2NGI5NTExN2Y4NmFiYzBkMDIzNDIyNDZiYWFhMDM5NDgifQ==	2020-11-26 06:02:30.195843+00
vxmhavi8xsyoxrhuz6f61iqxqeaohcjf	M2MyYmRhY2RmY2YzYmFlM2FiNDY1MDMzZTA3YWRkMGEyNWU1NWI2ODp7Il9hdXRoX3VzZXJfaWQiOiIxIiwiX2F1dGhfdXNlcl9iYWNrZW5kIjoiZGphbmdvLmNvbnRyaWIuYXV0aC5iYWNrZW5kcy5Nb2RlbEJhY2tlbmQiLCJfYXV0aF91c2VyX2hhc2giOiIzNDYxNGViNTY3OWQ3YmE2NjlmYWNmYzZiN2UzZDYxZThhOTAyOTBhIn0=	2020-09-02 03:33:31.525517+00
mwqb3p5hba9fh3vdv7b6eykuc6hju3ua	NzE1ZTQ3MjcxNjIzMTk2M2Q3ZTYyYTYxZDFmMzUxZWMxOTg2OTFmZTp7Il9wYXNzd29yZF9yZXNldF90b2tlbiI6IjVrai1jNzI3ZGJhOWUzZTcxNTUwNTZlNiJ9	2020-10-21 09:53:49.93761+00
0pko64r1z2lqre23nmmiqizv9zjdfljk	MGZlMDExNTg1ZThiNjQwOTgxZTg5Yjc1MzFmY2QyMTJjMjAxN2Q0ZDp7Il9hdXRoX3VzZXJfaWQiOiIyNzkiLCJfYXV0aF91c2VyX2JhY2tlbmQiOiJkamFuZ28uY29udHJpYi5hdXRoLmJhY2tlbmRzLk1vZGVsQmFja2VuZCIsIl9hdXRoX3VzZXJfaGFzaCI6IjIzYTU3ZWRhZmNhNzcxNTkxODQ1NTY4N2JhMzdhOWZhN2NlNzlmODgifQ==	2020-09-03 03:33:45.911434+00
4f45ysdco1fv3pnfmk3hjxng19fu0s5n	OTJiOThkMTNhMjk0MDQ2NjlkMjFmMDFmYTZmZTliOWNmMTI2MmUxNjp7Il9hdXRoX3VzZXJfaWQiOiIyNTEiLCJfYXV0aF91c2VyX2JhY2tlbmQiOiJkamFuZ28uY29udHJpYi5hdXRoLmJhY2tlbmRzLk1vZGVsQmFja2VuZCIsIl9hdXRoX3VzZXJfaGFzaCI6IjM4MmNjY2IyOWQyYjU4MTIzOGJiNjJkZmNkZjk5MDcwMDBmYzRjODUifQ==	2020-09-17 10:51:53.340245+00
um49aye2tmm8srz30pp0h38tcsln7xrh	ODc3NTg4N2ZhYjA2OTliNmI0MzFiYTg2N2NhODNmNmM0ZTM0MmUzYzp7Il9hdXRoX3VzZXJfaWQiOiIzMjkiLCJfYXV0aF91c2VyX2JhY2tlbmQiOiJkamFuZ28uY29udHJpYi5hdXRoLmJhY2tlbmRzLk1vZGVsQmFja2VuZCIsIl9hdXRoX3VzZXJfaGFzaCI6Ijc1MDQ3NDhjODNmNGI5YTExZjk1NjVjMDM4OTdlYjk0YzlkNTgzMmYifQ==	2020-10-05 02:59:07.040483+00
m0n5bz4r2doryuf2i14glx9rveeq1any	ZjIyYjJmMWQ3ZDE0MWU2ZDRjMDM2NTA5MjIxMmE5NzQ2NGM3NTJmMzp7Il9hdXRoX3VzZXJfaWQiOiIyODEiLCJfYXV0aF91c2VyX2JhY2tlbmQiOiJkamFuZ28uY29udHJpYi5hdXRoLmJhY2tlbmRzLk1vZGVsQmFja2VuZCIsIl9hdXRoX3VzZXJfaGFzaCI6IjJlNTdhM2EwMWFhZjkxMDNmNGY2ZDBhZWM1ZGUwZGY5MGY4NjVmNjAifQ==	2020-10-23 03:16:48.034843+00
2hbljw47rsgry1xkwfz5e8qqyipv6icv	MTdkMGM4Y2VjNTQ5YjcwMzU4ZDJmOGRjMjAwYTEyYzA3NTlhNzIyZDp7Il9hdXRoX3VzZXJfaWQiOiIzMjUiLCJfYXV0aF91c2VyX2JhY2tlbmQiOiJkamFuZ28uY29udHJpYi5hdXRoLmJhY2tlbmRzLk1vZGVsQmFja2VuZCIsIl9hdXRoX3VzZXJfaGFzaCI6ImVjNTVjNjVkNWEzMzM5ZmYwYjdiM2FlNDNiMTU0NzA4YzMwODVmNTQifQ==	2020-11-16 02:38:02.505977+00
breji8omojtxe3goble4hyj6l8svqwas	NDUzZjg1OTZkMWM3NDUwMDVhMWFlMjA3MTgyYTZlNzE1OTlkNWI0Njp7Il9hdXRoX3VzZXJfaWQiOiIzMTUiLCJfYXV0aF91c2VyX2JhY2tlbmQiOiJkamFuZ28uY29udHJpYi5hdXRoLmJhY2tlbmRzLk1vZGVsQmFja2VuZCIsIl9hdXRoX3VzZXJfaGFzaCI6IjMzMzczN2MxMWYwMzFjYzkxMzEyZjA3ZTBiYmUyNmVhZTk5YTkyOTAifQ==	2020-10-12 13:43:23.651933+00
brc06ikajjz3dh3hx0inn75nw5pveh4b	.eJxVjDsOwyAUBO9CHSF4_oBTpvcZrIUHwUkEkrGrKHePLblI2p2ZfYsJ25qmrYZlmllcBXWtuPyuDv4Z8oH4gXwv0pe8LrOThyJPWuVYOLxup_t3kFDTXocepGG0iTEOaDVc3wAWTdTKMjXggbxXnVVg6tnx7pJyBm0HE60Vny9KwDjf:1kjuOo:K5WmOpE2Skd8ynvQl2gcpQ9F2qlZb3eZB_H65mBdFF0	2020-12-15 01:24:10.894674+00
m5g1epxkicizyox6vy2vu6g49me8v4x4	Mzg1NzQwMzc1MmZiMGY1ZjU1MTEzYWU4NjU4ODBmYjczNWJjNTZiMzp7Il9hdXRoX3VzZXJfaWQiOiIyNjIiLCJfYXV0aF91c2VyX2JhY2tlbmQiOiJkamFuZ28uY29udHJpYi5hdXRoLmJhY2tlbmRzLk1vZGVsQmFja2VuZCIsIl9hdXRoX3VzZXJfaGFzaCI6ImIyMzk2ODEzOTgwOTU4NDZhNzE4ODQ2OGEwMWVjMzk3MjExZGI3ZTgifQ==	2020-10-30 03:53:02.923971+00
jxvlwzuscn8ooxseealxxcloozdqh16e	M2M1ZTQ1MTIxN2FhN2FkYzg3OTkyM2E5YWVmOGU1Y2E3MzMzYWU4Zjp7Il9hdXRoX3VzZXJfaWQiOiIzNTciLCJfYXV0aF91c2VyX2JhY2tlbmQiOiJkamFuZ28uY29udHJpYi5hdXRoLmJhY2tlbmRzLk1vZGVsQmFja2VuZCIsIl9hdXRoX3VzZXJfaGFzaCI6ImJjMzE1ZTdlNWYzNzA3NjA2Njg3ZTFlOGVjMmQyOTQwZjI4MWQ0OTAifQ==	2020-10-28 02:05:21.708795+00
3xgd8u0y3x4xryy39xwmkq7peffeyji7	.eJxVjMEOwiAQRP-FsyHLFoR69O43kN0FpGrapLQn47_bJj3oaZJ5b-atIq1LjWvLcxySuigMVp1-WyZ55nFH6UHjfdIyjcs8sN4VfdCmb1PKr-vh_h1UanVbO-jZe0Y0AMyu9x2wJGuDFCeYxYoXIFO2CCX0UBycPXboiJhNQvX5AigiOFU:1kmAsY:OS9r9NAdG6dYxcl0LunAt-yQdn4drC6tKkbk8P3m6v4	2020-12-21 07:24:14.938645+00
wto1dsqdyqfy84hnkpxvjdxe1lh6bx72	NTVmYzNlN2RiYWZlZjE2NmIwMjhmMzM5NWI0YmNjODc3MDhlYzc1MTp7Il9hdXRoX3VzZXJfaWQiOiIzNTUiLCJfYXV0aF91c2VyX2JhY2tlbmQiOiJkamFuZ28uY29udHJpYi5hdXRoLmJhY2tlbmRzLk1vZGVsQmFja2VuZCIsIl9hdXRoX3VzZXJfaGFzaCI6ImNjYTFhOTEyNmZhYzMyODhkZTBhZjlhMDgzYjVkM2I1MjZmM2U0Y2MifQ==	2020-09-02 03:35:48.475087+00
75fg48ptv62s95atbjzm3az5wgrx1v37	NzE1ZTQ3MjcxNjIzMTk2M2Q3ZTYyYTYxZDFmMzUxZWMxOTg2OTFmZTp7Il9wYXNzd29yZF9yZXNldF90b2tlbiI6IjVrai1jNzI3ZGJhOWUzZTcxNTUwNTZlNiJ9	2020-10-21 09:53:50.43728+00
ffxyvhy0znnftafvhpajaxl0noomim3f	ZWU5MTIyNjAyODdlOGIzNDdjMDgxM2UzNjYwYzllZjEwZDcyMDc5MTp7Il9hdXRoX3VzZXJfaWQiOiIyNjAiLCJfYXV0aF91c2VyX2JhY2tlbmQiOiJkamFuZ28uY29udHJpYi5hdXRoLmJhY2tlbmRzLk1vZGVsQmFja2VuZCIsIl9hdXRoX3VzZXJfaGFzaCI6IjA3MmE2NzhmMzc0OTZlMDVlNWJlNmM0YzhjYjc2ZGZlZWY1OTU2OTEifQ==	2020-10-05 03:02:01.395047+00
4a386rdj0jtu37a65yjhgsj4uvmlt32a	NjkzMGUwODllYzJhN2M5ZGUwZGFmNTM4ZjRmMDkxNDJjNmViMWRiOTp7Il9wYXNzd29yZF9yZXNldF90b2tlbiI6IjVrdi0yMGZmNmJjMzg5NmI0M2QxMWNlMiJ9	2020-11-02 07:55:59.404993+00
yx4ukan0bezmb9b3ij23dz28hp7gjkh1	MDg0MjcyZjI1NmEyZGRjMjUxMmU0OTlkZGVjMDM4M2Q5NWZmYTQzZDp7Il9wYXNzd29yZF9yZXNldF90b2tlbiI6IjVrZC00OWMyN2QwYTQ0ZDU1MTNhN2I1ZCJ9	2020-10-15 01:41:46.539881+00
6g48clni0jhm87oj6fcjjuv9bnsd5f9d	MzY3OTE3Nzc0ZmNlNDgwZDgxMjU2YmQ3MDk4MWE5OWIxOGE1NDUzOTp7Il9hdXRoX3VzZXJfaWQiOiIyNTciLCJfYXV0aF91c2VyX2JhY2tlbmQiOiJkamFuZ28uY29udHJpYi5hdXRoLmJhY2tlbmRzLk1vZGVsQmFja2VuZCIsIl9hdXRoX3VzZXJfaGFzaCI6IjNjMWExZGM1MmQ5NGIyOTdiNmE4NDFhYTdmMjE2YzNmODE5MDlhYmUifQ==	2020-11-16 03:17:50.872181+00
srehni0xzu3a8cseyhu6jym3kpqtgnz6	YWY0ZWJhZDFmM2JhYTAxODEyMjk4YTRmNWRlZDljZmM1ZTRiYjE3YTp7Il9hdXRoX3VzZXJfaWQiOiIyNzYiLCJfYXV0aF91c2VyX2JhY2tlbmQiOiJkamFuZ28uY29udHJpYi5hdXRoLmJhY2tlbmRzLk1vZGVsQmFja2VuZCIsIl9hdXRoX3VzZXJfaGFzaCI6ImRmNmY1NDQ1NDJiN2JkM2U1YzU2MzEzZWUxZGZlZTVlNmRmYThhNmUifQ==	2020-10-20 04:11:02.268041+00
5ok72txg6jdtf2w46t0sw1cdrlw4xuqv	ZjZhMmM5ODI5ZDFkZmE4ZDkxZWZiMWRiNTU2NjNlZGQ0MWQyZGE2Yzp7Il9hdXRoX3VzZXJfaWQiOiIyNjciLCJfYXV0aF91c2VyX2JhY2tlbmQiOiJkamFuZ28uY29udHJpYi5hdXRoLmJhY2tlbmRzLk1vZGVsQmFja2VuZCIsIl9hdXRoX3VzZXJfaGFzaCI6IjM4ZmQxZmY2YWYwM2VjZDhkNjBiOTY4MWYzYmVjOTczOTgwYTE5NjYifQ==	2020-11-17 09:44:05.175475+00
9ssqumyjftfkr0s4ennif1zcs28k1plj	MjdjNzdhYTRhM2U4OWE5NDc4NWY0OWM4NWQ3NmQ4YmI0YTA3ZjczMjp7Il9hdXRoX3VzZXJfaWQiOiIxIiwiX2F1dGhfdXNlcl9iYWNrZW5kIjoiZGphbmdvLmNvbnRyaWIuYXV0aC5iYWNrZW5kcy5Nb2RlbEJhY2tlbmQiLCJfYXV0aF91c2VyX2hhc2giOiJjZmU5OTZiOTg4ZjIzYmEzNjQ4ZDZmYmVhZDUyMWQwYjIyNDRmOWEwIn0=	2020-11-30 07:51:40.207489+00
29pm7qmx03fzg59htrkss6xqz2vrt0rt	.eJxVjDsOwyAQBe9CHSHAfFOm9xnQwi7BSYQlY1dR7h5bcpG0M_Pem0XY1hq3TkuckF3ZoAK7_NIE-UntUPiAdp95ntu6TIkfCT9t5-OM9Lqd7d9BhV73dQEBBrIchFJGOgRtZSqEZKlkJ3bkivWYpTUegjdBAGpD2peCZLxkny9Axzim:1kiCc3:Rp2FuZK_b6cGzouGfZiRnGlOJbWmwC0Ppwd2hMsn2lw	2020-12-10 08:26:47.291597+00
0h1q2ouvca1z9bs9brwd05d8jxk5284a	.eJxVjM0OwiAQhN-FsyH8WFg8evcZCMsuUjU0Ke3J-O62SQ-auc33zbxFTOtS49p5jiOJizCDFqffFlN-ctsRPVK7TzJPbZlHlLsiD9rlbSJ-XQ_376CmXre1ViYYB5zBA6AlRFIDKM6GrNMqOVOsLaiCLVswM5PWJfsA4InORXy-JT44nw:1kiZHy:Vw3SI6dM2sc_KOZUoMIsC6C3yq7Vxt4r6gA1UB3r-i4	2020-12-11 08:39:34.247093+00
\.


--
-- Data for Name: thumbnail_kvstore; Type: TABLE DATA; Schema: public; Owner: benny6789
--

COPY public.thumbnail_kvstore (key, value) FROM stdin;
\.


--
-- Name: Appraisals_appraisal_category_id_seq; Type: SEQUENCE SET; Schema: public; Owner: benny6789
--

SELECT pg_catalog.setval('public."Appraisals_appraisal_category_id_seq"', 6, true);


--
-- Name: Appraisals_appraisal_id_seq; Type: SEQUENCE SET; Schema: public; Owner: benny6789
--

SELECT pg_catalog.setval('public."Appraisals_appraisal_id_seq"', 1, false);


--
-- Name: Appraisals_overall_appraisal_id_seq; Type: SEQUENCE SET; Schema: public; Owner: benny6789
--

SELECT pg_catalog.setval('public."Appraisals_overall_appraisal_id_seq"', 51, true);


--
-- Name: Appraisals_peerappraisal_id_seq; Type: SEQUENCE SET; Schema: public; Owner: benny6789
--

SELECT pg_catalog.setval('public."Appraisals_peerappraisal_id_seq"', 1, false);


--
-- Name: Appraisals_peerappraisalquestion_id_seq; Type: SEQUENCE SET; Schema: public; Owner: benny6789
--

SELECT pg_catalog.setval('public."Appraisals_peerappraisalquestion_id_seq"', 1, false);


--
-- Name: Appraisals_rating_scale_id_seq; Type: SEQUENCE SET; Schema: public; Owner: benny6789
--

SELECT pg_catalog.setval('public."Appraisals_rating_scale_id_seq"', 1, true);


--
-- Name: Appraisals_user_appraisal_list_id_seq; Type: SEQUENCE SET; Schema: public; Owner: benny6789
--

SELECT pg_catalog.setval('public."Appraisals_user_appraisal_list_id_seq"', 284, true);


--
-- Name: GnC_comment_box_id_seq; Type: SEQUENCE SET; Schema: public; Owner: benny6789
--

SELECT pg_catalog.setval('public."GnC_comment_box_id_seq"', 36, true);


--
-- Name: GnC_competencies_id_seq; Type: SEQUENCE SET; Schema: public; Owner: benny6789
--

SELECT pg_catalog.setval('public."GnC_competencies_id_seq"', 279, true);


--
-- Name: GnC_competency_category_id_seq; Type: SEQUENCE SET; Schema: public; Owner: benny6789
--

SELECT pg_catalog.setval('public."GnC_competency_category_id_seq"', 10, true);


--
-- Name: GnC_competency_comment_id_seq; Type: SEQUENCE SET; Schema: public; Owner: benny6789
--

SELECT pg_catalog.setval('public."GnC_competency_comment_id_seq"', 1, true);


--
-- Name: GnC_departmental_competencies_comment_id_seq; Type: SEQUENCE SET; Schema: public; Owner: benny6789
--

SELECT pg_catalog.setval('public."GnC_departmental_competencies_comment_id_seq"', 1, false);


--
-- Name: GnC_departmental_competencies_id_seq; Type: SEQUENCE SET; Schema: public; Owner: benny6789
--

SELECT pg_catalog.setval('public."GnC_departmental_competencies_id_seq"', 8, true);


--
-- Name: GnC_departmental_goal_comment_id_seq; Type: SEQUENCE SET; Schema: public; Owner: benny6789
--

SELECT pg_catalog.setval('public."GnC_departmental_goal_comment_id_seq"', 1, false);


--
-- Name: GnC_departmental_goals_id_seq; Type: SEQUENCE SET; Schema: public; Owner: benny6789
--

SELECT pg_catalog.setval('public."GnC_departmental_goals_id_seq"', 20, true);


--
-- Name: GnC_goal_category_id_seq; Type: SEQUENCE SET; Schema: public; Owner: benny6789
--

SELECT pg_catalog.setval('public."GnC_goal_category_id_seq"', 6, true);


--
-- Name: GnC_goal_comment_id_seq; Type: SEQUENCE SET; Schema: public; Owner: benny6789
--

SELECT pg_catalog.setval('public."GnC_goal_comment_id_seq"', 3, true);


--
-- Name: GnC_goals_id_seq; Type: SEQUENCE SET; Schema: public; Owner: benny6789
--

SELECT pg_catalog.setval('public."GnC_goals_id_seq"', 520, true);


--
-- Name: GnC_kpi_id_seq; Type: SEQUENCE SET; Schema: public; Owner: benny6789
--

SELECT pg_catalog.setval('public."GnC_kpi_id_seq"', 718, true);


--
-- Name: GnC_mid_yr_comment_box_id_seq; Type: SEQUENCE SET; Schema: public; Owner: benny6789
--

SELECT pg_catalog.setval('public."GnC_mid_yr_comment_box_id_seq"', 194, true);


--
-- Name: Profile_departments_id_seq; Type: SEQUENCE SET; Schema: public; Owner: benny6789
--

SELECT pg_catalog.setval('public."Profile_departments_id_seq"', 26, true);


--
-- Name: Profile_discard_skills_id_seq; Type: SEQUENCE SET; Schema: public; Owner: benny6789
--

SELECT pg_catalog.setval('public."Profile_discard_skills_id_seq"', 1, false);


--
-- Name: Profile_profile_id_seq; Type: SEQUENCE SET; Schema: public; Owner: benny6789
--

SELECT pg_catalog.setval('public."Profile_profile_id_seq"', 20, true);


--
-- Name: Profile_qualifications_id_seq; Type: SEQUENCE SET; Schema: public; Owner: benny6789
--

SELECT pg_catalog.setval('public."Profile_qualifications_id_seq"', 6, true);


--
-- Name: Ticketing_ticket_comments_id_seq; Type: SEQUENCE SET; Schema: public; Owner: benny6789
--

SELECT pg_catalog.setval('public."Ticketing_ticket_comments_id_seq"', 1, false);


--
-- Name: Ticketing_ticket_id_seq; Type: SEQUENCE SET; Schema: public; Owner: benny6789
--

SELECT pg_catalog.setval('public."Ticketing_ticket_id_seq"', 1, false);


--
-- Name: Trainings_apply_trainings_id_seq; Type: SEQUENCE SET; Schema: public; Owner: benny6789
--

SELECT pg_catalog.setval('public."Trainings_apply_trainings_id_seq"', 1, false);


--
-- Name: Trainings_career_discussion_id_seq; Type: SEQUENCE SET; Schema: public; Owner: benny6789
--

SELECT pg_catalog.setval('public."Trainings_career_discussion_id_seq"', 9, true);


--
-- Name: Trainings_skill_category_id_seq; Type: SEQUENCE SET; Schema: public; Owner: benny6789
--

SELECT pg_catalog.setval('public."Trainings_skill_category_id_seq"', 137, true);


--
-- Name: Trainings_skills_id_seq; Type: SEQUENCE SET; Schema: public; Owner: benny6789
--

SELECT pg_catalog.setval('public."Trainings_skills_id_seq"', 119, true);


--
-- Name: Trainings_survey_trainings_id_seq; Type: SEQUENCE SET; Schema: public; Owner: benny6789
--

SELECT pg_catalog.setval('public."Trainings_survey_trainings_id_seq"', 1, false);


--
-- Name: Trainings_training_courses_id_seq; Type: SEQUENCE SET; Schema: public; Owner: benny6789
--

SELECT pg_catalog.setval('public."Trainings_training_courses_id_seq"', 1, false);


--
-- Name: Trainings_trainings_id_seq; Type: SEQUENCE SET; Schema: public; Owner: benny6789
--

SELECT pg_catalog.setval('public."Trainings_trainings_id_seq"', 1, false);


--
-- Name: auth_group_id_seq; Type: SEQUENCE SET; Schema: public; Owner: benny6789
--

SELECT pg_catalog.setval('public.auth_group_id_seq', 5, true);


--
-- Name: auth_group_permissions_id_seq; Type: SEQUENCE SET; Schema: public; Owner: benny6789
--

SELECT pg_catalog.setval('public.auth_group_permissions_id_seq', 306, true);


--
-- Name: auth_permission_id_seq; Type: SEQUENCE SET; Schema: public; Owner: benny6789
--

SELECT pg_catalog.setval('public.auth_permission_id_seq', 160, true);


--
-- Name: auth_user_groups_id_seq; Type: SEQUENCE SET; Schema: public; Owner: benny6789
--

SELECT pg_catalog.setval('public.auth_user_groups_id_seq', 268, true);


--
-- Name: auth_user_id_seq; Type: SEQUENCE SET; Schema: public; Owner: benny6789
--

SELECT pg_catalog.setval('public.auth_user_id_seq', 368, true);


--
-- Name: auth_user_user_permissions_id_seq; Type: SEQUENCE SET; Schema: public; Owner: benny6789
--

SELECT pg_catalog.setval('public.auth_user_user_permissions_id_seq', 152, true);


--
-- Name: django_admin_log_id_seq; Type: SEQUENCE SET; Schema: public; Owner: benny6789
--

SELECT pg_catalog.setval('public.django_admin_log_id_seq', 841, true);


--
-- Name: django_content_type_id_seq; Type: SEQUENCE SET; Schema: public; Owner: benny6789
--

SELECT pg_catalog.setval('public.django_content_type_id_seq', 40, true);


--
-- Name: django_migrations_id_seq; Type: SEQUENCE SET; Schema: public; Owner: benny6789
--

SELECT pg_catalog.setval('public.django_migrations_id_seq', 31, true);


--
-- Name: Appraisals_appraisal_category Appraisals_appraisal_category_pkey; Type: CONSTRAINT; Schema: public; Owner: benny6789
--

ALTER TABLE ONLY public."Appraisals_appraisal_category"
    ADD CONSTRAINT "Appraisals_appraisal_category_pkey" PRIMARY KEY (id);


--
-- Name: Appraisals_appraisal Appraisals_appraisal_employee_list_id_key; Type: CONSTRAINT; Schema: public; Owner: benny6789
--

ALTER TABLE ONLY public."Appraisals_appraisal"
    ADD CONSTRAINT "Appraisals_appraisal_employee_list_id_key" UNIQUE (employee_list_id);


--
-- Name: Appraisals_appraisal Appraisals_appraisal_pkey; Type: CONSTRAINT; Schema: public; Owner: benny6789
--

ALTER TABLE ONLY public."Appraisals_appraisal"
    ADD CONSTRAINT "Appraisals_appraisal_pkey" PRIMARY KEY (id);


--
-- Name: Appraisals_overall_appraisal Appraisals_overall_appraisal_pkey; Type: CONSTRAINT; Schema: public; Owner: benny6789
--

ALTER TABLE ONLY public."Appraisals_overall_appraisal"
    ADD CONSTRAINT "Appraisals_overall_appraisal_pkey" PRIMARY KEY (id);


--
-- Name: Appraisals_peerappraisal Appraisals_peerappraisal_pkey; Type: CONSTRAINT; Schema: public; Owner: benny6789
--

ALTER TABLE ONLY public."Appraisals_peerappraisal"
    ADD CONSTRAINT "Appraisals_peerappraisal_pkey" PRIMARY KEY (id);


--
-- Name: Appraisals_peerappraisalquestion Appraisals_peerappraisalquestion_pkey; Type: CONSTRAINT; Schema: public; Owner: benny6789
--

ALTER TABLE ONLY public."Appraisals_peerappraisalquestion"
    ADD CONSTRAINT "Appraisals_peerappraisalquestion_pkey" PRIMARY KEY (id);


--
-- Name: Appraisals_rating_scale Appraisals_rating_scale_pkey; Type: CONSTRAINT; Schema: public; Owner: benny6789
--

ALTER TABLE ONLY public."Appraisals_rating_scale"
    ADD CONSTRAINT "Appraisals_rating_scale_pkey" PRIMARY KEY (id);


--
-- Name: Appraisals_user_appraisal_list Appraisals_user_appraisal_list_pkey; Type: CONSTRAINT; Schema: public; Owner: benny6789
--

ALTER TABLE ONLY public."Appraisals_user_appraisal_list"
    ADD CONSTRAINT "Appraisals_user_appraisal_list_pkey" PRIMARY KEY (id);


--
-- Name: GnC_comment_box GnC_comment_box_pkey; Type: CONSTRAINT; Schema: public; Owner: benny6789
--

ALTER TABLE ONLY public."GnC_comment_box"
    ADD CONSTRAINT "GnC_comment_box_pkey" PRIMARY KEY (id);


--
-- Name: GnC_competencies GnC_competencies_pkey; Type: CONSTRAINT; Schema: public; Owner: benny6789
--

ALTER TABLE ONLY public."GnC_competencies"
    ADD CONSTRAINT "GnC_competencies_pkey" PRIMARY KEY (id);


--
-- Name: GnC_competency_category GnC_competency_category_pkey; Type: CONSTRAINT; Schema: public; Owner: benny6789
--

ALTER TABLE ONLY public."GnC_competency_category"
    ADD CONSTRAINT "GnC_competency_category_pkey" PRIMARY KEY (id);


--
-- Name: GnC_competency_comment GnC_competency_comment_pkey; Type: CONSTRAINT; Schema: public; Owner: benny6789
--

ALTER TABLE ONLY public."GnC_competency_comment"
    ADD CONSTRAINT "GnC_competency_comment_pkey" PRIMARY KEY (id);


--
-- Name: GnC_departmental_competencies_comment GnC_departmental_competencies_comment_pkey; Type: CONSTRAINT; Schema: public; Owner: benny6789
--

ALTER TABLE ONLY public."GnC_departmental_competencies_comment"
    ADD CONSTRAINT "GnC_departmental_competencies_comment_pkey" PRIMARY KEY (id);


--
-- Name: GnC_departmental_competencies GnC_departmental_competencies_pkey; Type: CONSTRAINT; Schema: public; Owner: benny6789
--

ALTER TABLE ONLY public."GnC_departmental_competencies"
    ADD CONSTRAINT "GnC_departmental_competencies_pkey" PRIMARY KEY (id);


--
-- Name: GnC_departmental_goal_comment GnC_departmental_goal_comment_pkey; Type: CONSTRAINT; Schema: public; Owner: benny6789
--

ALTER TABLE ONLY public."GnC_departmental_goal_comment"
    ADD CONSTRAINT "GnC_departmental_goal_comment_pkey" PRIMARY KEY (id);


--
-- Name: GnC_departmental_goals GnC_departmental_goals_pkey; Type: CONSTRAINT; Schema: public; Owner: benny6789
--

ALTER TABLE ONLY public."GnC_departmental_goals"
    ADD CONSTRAINT "GnC_departmental_goals_pkey" PRIMARY KEY (id);


--
-- Name: GnC_goal_category GnC_goal_category_pkey; Type: CONSTRAINT; Schema: public; Owner: benny6789
--

ALTER TABLE ONLY public."GnC_goal_category"
    ADD CONSTRAINT "GnC_goal_category_pkey" PRIMARY KEY (id);


--
-- Name: GnC_goal_comment GnC_goal_comment_pkey; Type: CONSTRAINT; Schema: public; Owner: benny6789
--

ALTER TABLE ONLY public."GnC_goal_comment"
    ADD CONSTRAINT "GnC_goal_comment_pkey" PRIMARY KEY (id);


--
-- Name: GnC_goals GnC_goals_pkey; Type: CONSTRAINT; Schema: public; Owner: benny6789
--

ALTER TABLE ONLY public."GnC_goals"
    ADD CONSTRAINT "GnC_goals_pkey" PRIMARY KEY (id);


--
-- Name: GnC_kpi GnC_kpi_pkey; Type: CONSTRAINT; Schema: public; Owner: benny6789
--

ALTER TABLE ONLY public."GnC_kpi"
    ADD CONSTRAINT "GnC_kpi_pkey" PRIMARY KEY (id);


--
-- Name: GnC_mid_yr_comment_box GnC_mid_yr_comment_box_pkey; Type: CONSTRAINT; Schema: public; Owner: benny6789
--

ALTER TABLE ONLY public."GnC_mid_yr_comment_box"
    ADD CONSTRAINT "GnC_mid_yr_comment_box_pkey" PRIMARY KEY (id);


--
-- Name: Profile_departments Profile_departments_pkey; Type: CONSTRAINT; Schema: public; Owner: benny6789
--

ALTER TABLE ONLY public."Profile_departments"
    ADD CONSTRAINT "Profile_departments_pkey" PRIMARY KEY (id);


--
-- Name: Profile_discard_skills Profile_discard_skills_pkey; Type: CONSTRAINT; Schema: public; Owner: benny6789
--

ALTER TABLE ONLY public."Profile_discard_skills"
    ADD CONSTRAINT "Profile_discard_skills_pkey" PRIMARY KEY (id);


--
-- Name: Profile_profile Profile_profile_pkey; Type: CONSTRAINT; Schema: public; Owner: benny6789
--

ALTER TABLE ONLY public."Profile_profile"
    ADD CONSTRAINT "Profile_profile_pkey" PRIMARY KEY (id);


--
-- Name: Profile_profile Profile_profile_user_id_key; Type: CONSTRAINT; Schema: public; Owner: benny6789
--

ALTER TABLE ONLY public."Profile_profile"
    ADD CONSTRAINT "Profile_profile_user_id_key" UNIQUE (user_id);


--
-- Name: Profile_qualifications Profile_qualifications_pkey; Type: CONSTRAINT; Schema: public; Owner: benny6789
--

ALTER TABLE ONLY public."Profile_qualifications"
    ADD CONSTRAINT "Profile_qualifications_pkey" PRIMARY KEY (id);


--
-- Name: Ticketing_ticket_comments Ticketing_ticket_comments_pkey; Type: CONSTRAINT; Schema: public; Owner: benny6789
--

ALTER TABLE ONLY public."Ticketing_ticket_comments"
    ADD CONSTRAINT "Ticketing_ticket_comments_pkey" PRIMARY KEY (id);


--
-- Name: Ticketing_ticket Ticketing_ticket_pkey; Type: CONSTRAINT; Schema: public; Owner: benny6789
--

ALTER TABLE ONLY public."Ticketing_ticket"
    ADD CONSTRAINT "Ticketing_ticket_pkey" PRIMARY KEY (id);


--
-- Name: Trainings_apply_trainings Trainings_apply_trainings_pkey; Type: CONSTRAINT; Schema: public; Owner: benny6789
--

ALTER TABLE ONLY public."Trainings_apply_trainings"
    ADD CONSTRAINT "Trainings_apply_trainings_pkey" PRIMARY KEY (id);


--
-- Name: Trainings_career_discussion Trainings_career_discussion_pkey; Type: CONSTRAINT; Schema: public; Owner: benny6789
--

ALTER TABLE ONLY public."Trainings_career_discussion"
    ADD CONSTRAINT "Trainings_career_discussion_pkey" PRIMARY KEY (id);


--
-- Name: Trainings_skill_category Trainings_skill_category_pkey; Type: CONSTRAINT; Schema: public; Owner: benny6789
--

ALTER TABLE ONLY public."Trainings_skill_category"
    ADD CONSTRAINT "Trainings_skill_category_pkey" PRIMARY KEY (id);


--
-- Name: Trainings_skills Trainings_skills_pkey; Type: CONSTRAINT; Schema: public; Owner: benny6789
--

ALTER TABLE ONLY public."Trainings_skills"
    ADD CONSTRAINT "Trainings_skills_pkey" PRIMARY KEY (id);


--
-- Name: Trainings_survey_trainings Trainings_survey_trainings_pkey; Type: CONSTRAINT; Schema: public; Owner: benny6789
--

ALTER TABLE ONLY public."Trainings_survey_trainings"
    ADD CONSTRAINT "Trainings_survey_trainings_pkey" PRIMARY KEY (id);


--
-- Name: Trainings_training_courses Trainings_training_courses_pkey; Type: CONSTRAINT; Schema: public; Owner: benny6789
--

ALTER TABLE ONLY public."Trainings_training_courses"
    ADD CONSTRAINT "Trainings_training_courses_pkey" PRIMARY KEY (id);


--
-- Name: Trainings_trainings Trainings_trainings_pkey; Type: CONSTRAINT; Schema: public; Owner: benny6789
--

ALTER TABLE ONLY public."Trainings_trainings"
    ADD CONSTRAINT "Trainings_trainings_pkey" PRIMARY KEY (id);


--
-- Name: auth_group auth_group_name_key; Type: CONSTRAINT; Schema: public; Owner: benny6789
--

ALTER TABLE ONLY public.auth_group
    ADD CONSTRAINT auth_group_name_key UNIQUE (name);


--
-- Name: auth_group_permissions auth_group_permissions_group_id_permission_id_0cd325b0_uniq; Type: CONSTRAINT; Schema: public; Owner: benny6789
--

ALTER TABLE ONLY public.auth_group_permissions
    ADD CONSTRAINT auth_group_permissions_group_id_permission_id_0cd325b0_uniq UNIQUE (group_id, permission_id);


--
-- Name: auth_group_permissions auth_group_permissions_pkey; Type: CONSTRAINT; Schema: public; Owner: benny6789
--

ALTER TABLE ONLY public.auth_group_permissions
    ADD CONSTRAINT auth_group_permissions_pkey PRIMARY KEY (id);


--
-- Name: auth_group auth_group_pkey; Type: CONSTRAINT; Schema: public; Owner: benny6789
--

ALTER TABLE ONLY public.auth_group
    ADD CONSTRAINT auth_group_pkey PRIMARY KEY (id);


--
-- Name: auth_permission auth_permission_content_type_id_codename_01ab375a_uniq; Type: CONSTRAINT; Schema: public; Owner: benny6789
--

ALTER TABLE ONLY public.auth_permission
    ADD CONSTRAINT auth_permission_content_type_id_codename_01ab375a_uniq UNIQUE (content_type_id, codename);


--
-- Name: auth_permission auth_permission_pkey; Type: CONSTRAINT; Schema: public; Owner: benny6789
--

ALTER TABLE ONLY public.auth_permission
    ADD CONSTRAINT auth_permission_pkey PRIMARY KEY (id);


--
-- Name: auth_user_groups auth_user_groups_pkey; Type: CONSTRAINT; Schema: public; Owner: benny6789
--

ALTER TABLE ONLY public.auth_user_groups
    ADD CONSTRAINT auth_user_groups_pkey PRIMARY KEY (id);


--
-- Name: auth_user_groups auth_user_groups_user_id_group_id_94350c0c_uniq; Type: CONSTRAINT; Schema: public; Owner: benny6789
--

ALTER TABLE ONLY public.auth_user_groups
    ADD CONSTRAINT auth_user_groups_user_id_group_id_94350c0c_uniq UNIQUE (user_id, group_id);


--
-- Name: auth_user auth_user_pkey; Type: CONSTRAINT; Schema: public; Owner: benny6789
--

ALTER TABLE ONLY public.auth_user
    ADD CONSTRAINT auth_user_pkey PRIMARY KEY (id);


--
-- Name: auth_user_user_permissions auth_user_user_permissions_pkey; Type: CONSTRAINT; Schema: public; Owner: benny6789
--

ALTER TABLE ONLY public.auth_user_user_permissions
    ADD CONSTRAINT auth_user_user_permissions_pkey PRIMARY KEY (id);


--
-- Name: auth_user_user_permissions auth_user_user_permissions_user_id_permission_id_14a6b632_uniq; Type: CONSTRAINT; Schema: public; Owner: benny6789
--

ALTER TABLE ONLY public.auth_user_user_permissions
    ADD CONSTRAINT auth_user_user_permissions_user_id_permission_id_14a6b632_uniq UNIQUE (user_id, permission_id);


--
-- Name: auth_user auth_user_username_key; Type: CONSTRAINT; Schema: public; Owner: benny6789
--

ALTER TABLE ONLY public.auth_user
    ADD CONSTRAINT auth_user_username_key UNIQUE (username);


--
-- Name: django_admin_log django_admin_log_pkey; Type: CONSTRAINT; Schema: public; Owner: benny6789
--

ALTER TABLE ONLY public.django_admin_log
    ADD CONSTRAINT django_admin_log_pkey PRIMARY KEY (id);


--
-- Name: django_content_type django_content_type_app_label_model_76bd3d3b_uniq; Type: CONSTRAINT; Schema: public; Owner: benny6789
--

ALTER TABLE ONLY public.django_content_type
    ADD CONSTRAINT django_content_type_app_label_model_76bd3d3b_uniq UNIQUE (app_label, model);


--
-- Name: django_content_type django_content_type_pkey; Type: CONSTRAINT; Schema: public; Owner: benny6789
--

ALTER TABLE ONLY public.django_content_type
    ADD CONSTRAINT django_content_type_pkey PRIMARY KEY (id);


--
-- Name: django_migrations django_migrations_pkey; Type: CONSTRAINT; Schema: public; Owner: benny6789
--

ALTER TABLE ONLY public.django_migrations
    ADD CONSTRAINT django_migrations_pkey PRIMARY KEY (id);


--
-- Name: django_session django_session_pkey; Type: CONSTRAINT; Schema: public; Owner: benny6789
--

ALTER TABLE ONLY public.django_session
    ADD CONSTRAINT django_session_pkey PRIMARY KEY (session_key);


--
-- Name: thumbnail_kvstore thumbnail_kvstore_pkey; Type: CONSTRAINT; Schema: public; Owner: benny6789
--

ALTER TABLE ONLY public.thumbnail_kvstore
    ADD CONSTRAINT thumbnail_kvstore_pkey PRIMARY KEY (key);


--
-- Name: Appraisals_appraisal_created_by_id_3e175c99; Type: INDEX; Schema: public; Owner: benny6789
--

CREATE INDEX "Appraisals_appraisal_created_by_id_3e175c99" ON public."Appraisals_appraisal" USING btree (created_by_id);


--
-- Name: Appraisals_appraisal_manager_id_a46f0385; Type: INDEX; Schema: public; Owner: benny6789
--

CREATE INDEX "Appraisals_appraisal_manager_id_a46f0385" ON public."Appraisals_appraisal" USING btree (manager_id);


--
-- Name: Appraisals_appraisal_rating_scale_id_9524c390; Type: INDEX; Schema: public; Owner: benny6789
--

CREATE INDEX "Appraisals_appraisal_rating_scale_id_9524c390" ON public."Appraisals_appraisal" USING btree (rating_scale_id);


--
-- Name: Appraisals_appraisal_user_id_d49ce642; Type: INDEX; Schema: public; Owner: benny6789
--

CREATE INDEX "Appraisals_appraisal_user_id_d49ce642" ON public."Appraisals_appraisal" USING btree (user_id);


--
-- Name: Appraisals_overall_appraisal_appraisal_category_id_a8a548aa; Type: INDEX; Schema: public; Owner: benny6789
--

CREATE INDEX "Appraisals_overall_appraisal_appraisal_category_id_a8a548aa" ON public."Appraisals_overall_appraisal" USING btree (appraisal_category_id);


--
-- Name: Appraisals_peerappraisal_appraisal_id_28d7ec5a; Type: INDEX; Schema: public; Owner: benny6789
--

CREATE INDEX "Appraisals_peerappraisal_appraisal_id_28d7ec5a" ON public."Appraisals_peerappraisal" USING btree (appraisal_id);


--
-- Name: Appraisals_peerappraisal_created_by_id_5d13bf1c; Type: INDEX; Schema: public; Owner: benny6789
--

CREATE INDEX "Appraisals_peerappraisal_created_by_id_5d13bf1c" ON public."Appraisals_peerappraisal" USING btree (created_by_id);


--
-- Name: Appraisals_peerappraisal_manager_id_a1f5a6f1; Type: INDEX; Schema: public; Owner: benny6789
--

CREATE INDEX "Appraisals_peerappraisal_manager_id_a1f5a6f1" ON public."Appraisals_peerappraisal" USING btree (manager_id);


--
-- Name: Appraisals_peerappraisal_viewer_id_e8b84916; Type: INDEX; Schema: public; Owner: benny6789
--

CREATE INDEX "Appraisals_peerappraisal_viewer_id_e8b84916" ON public."Appraisals_peerappraisal" USING btree (viewer_id);


--
-- Name: Appraisals_peerappraisalquestion_appraisal_id_2b7db054; Type: INDEX; Schema: public; Owner: benny6789
--

CREATE INDEX "Appraisals_peerappraisalquestion_appraisal_id_2b7db054" ON public."Appraisals_peerappraisalquestion" USING btree (appraisal_id);


--
-- Name: Appraisals_user_appraisal_list_appraisal_category_id_6c4ae8cd; Type: INDEX; Schema: public; Owner: benny6789
--

CREATE INDEX "Appraisals_user_appraisal_list_appraisal_category_id_6c4ae8cd" ON public."Appraisals_user_appraisal_list" USING btree (appraisal_category_id);


--
-- Name: Appraisals_user_appraisal_list_employee_id_da7a4baa; Type: INDEX; Schema: public; Owner: benny6789
--

CREATE INDEX "Appraisals_user_appraisal_list_employee_id_da7a4baa" ON public."Appraisals_user_appraisal_list" USING btree (employee_id);


--
-- Name: Appraisals_user_appraisal_list_manager_id_ecd68e59; Type: INDEX; Schema: public; Owner: benny6789
--

CREATE INDEX "Appraisals_user_appraisal_list_manager_id_ecd68e59" ON public."Appraisals_user_appraisal_list" USING btree (manager_id);


--
-- Name: Appraisals_user_appraisal_list_overall_appraisal_id_ba7766ac; Type: INDEX; Schema: public; Owner: benny6789
--

CREATE INDEX "Appraisals_user_appraisal_list_overall_appraisal_id_ba7766ac" ON public."Appraisals_user_appraisal_list" USING btree (overall_appraisal_id);


--
-- Name: GnC_comment_box_created_by_id_ad780112; Type: INDEX; Schema: public; Owner: benny6789
--

CREATE INDEX "GnC_comment_box_created_by_id_ad780112" ON public."GnC_comment_box" USING btree (created_by_id);


--
-- Name: GnC_comment_box_goal_id_23f61d7e; Type: INDEX; Schema: public; Owner: benny6789
--

CREATE INDEX "GnC_comment_box_goal_id_23f61d7e" ON public."GnC_comment_box" USING btree (goal_id);


--
-- Name: GnC_competencies_appraisal_id_4538b174; Type: INDEX; Schema: public; Owner: benny6789
--

CREATE INDEX "GnC_competencies_appraisal_id_4538b174" ON public."GnC_competencies" USING btree (appraisal_id);


--
-- Name: GnC_competencies_competency_category_id_307d3c08; Type: INDEX; Schema: public; Owner: benny6789
--

CREATE INDEX "GnC_competencies_competency_category_id_307d3c08" ON public."GnC_competencies" USING btree (competency_category_id);


--
-- Name: GnC_competencies_employee_id_82fd6ae3; Type: INDEX; Schema: public; Owner: benny6789
--

CREATE INDEX "GnC_competencies_employee_id_82fd6ae3" ON public."GnC_competencies" USING btree (employee_id);


--
-- Name: GnC_competency_comment_competency_id_66c3fc44; Type: INDEX; Schema: public; Owner: benny6789
--

CREATE INDEX "GnC_competency_comment_competency_id_66c3fc44" ON public."GnC_competency_comment" USING btree (competency_id);


--
-- Name: GnC_competency_comment_created_by_id_b6295ed5; Type: INDEX; Schema: public; Owner: benny6789
--

CREATE INDEX "GnC_competency_comment_created_by_id_b6295ed5" ON public."GnC_competency_comment" USING btree (created_by_id);


--
-- Name: GnC_departmental_competenc_departmental_competencies__cdc829d6; Type: INDEX; Schema: public; Owner: benny6789
--

CREATE INDEX "GnC_departmental_competenc_departmental_competencies__cdc829d6" ON public."GnC_departmental_competencies_comment" USING btree (departmental_competencies_id);


--
-- Name: GnC_departmental_competencies_appraisal_id_a82557cf; Type: INDEX; Schema: public; Owner: benny6789
--

CREATE INDEX "GnC_departmental_competencies_appraisal_id_a82557cf" ON public."GnC_departmental_competencies" USING btree (appraisal_id);


--
-- Name: GnC_departmental_competencies_comment_created_by_id_588e99d3; Type: INDEX; Schema: public; Owner: benny6789
--

CREATE INDEX "GnC_departmental_competencies_comment_created_by_id_588e99d3" ON public."GnC_departmental_competencies_comment" USING btree (created_by_id);


--
-- Name: GnC_departmental_competencies_competency_category_id_0a050889; Type: INDEX; Schema: public; Owner: benny6789
--

CREATE INDEX "GnC_departmental_competencies_competency_category_id_0a050889" ON public."GnC_departmental_competencies" USING btree (competency_category_id);


--
-- Name: GnC_departmental_competencies_department_id_7cbe1345; Type: INDEX; Schema: public; Owner: benny6789
--

CREATE INDEX "GnC_departmental_competencies_department_id_7cbe1345" ON public."GnC_departmental_competencies" USING btree (department_id);


--
-- Name: GnC_departmental_competencies_manager_id_90ca0401; Type: INDEX; Schema: public; Owner: benny6789
--

CREATE INDEX "GnC_departmental_competencies_manager_id_90ca0401" ON public."GnC_departmental_competencies" USING btree (manager_id);


--
-- Name: GnC_departmental_goal_comment_created_by_id_5debfbed; Type: INDEX; Schema: public; Owner: benny6789
--

CREATE INDEX "GnC_departmental_goal_comment_created_by_id_5debfbed" ON public."GnC_departmental_goal_comment" USING btree (created_by_id);


--
-- Name: GnC_departmental_goal_comment_departmental_goal_id_a50df18e; Type: INDEX; Schema: public; Owner: benny6789
--

CREATE INDEX "GnC_departmental_goal_comment_departmental_goal_id_a50df18e" ON public."GnC_departmental_goal_comment" USING btree (departmental_goal_id);


--
-- Name: GnC_departmental_goals_appraisal_id_622e3b20; Type: INDEX; Schema: public; Owner: benny6789
--

CREATE INDEX "GnC_departmental_goals_appraisal_id_622e3b20" ON public."GnC_departmental_goals" USING btree (appraisal_id);


--
-- Name: GnC_departmental_goals_department_id_435bc3fd; Type: INDEX; Schema: public; Owner: benny6789
--

CREATE INDEX "GnC_departmental_goals_department_id_435bc3fd" ON public."GnC_departmental_goals" USING btree (department_id);


--
-- Name: GnC_departmental_goals_goal_category_id_1e2af518; Type: INDEX; Schema: public; Owner: benny6789
--

CREATE INDEX "GnC_departmental_goals_goal_category_id_1e2af518" ON public."GnC_departmental_goals" USING btree (goal_category_id);


--
-- Name: GnC_departmental_goals_manager_id_3a87871e; Type: INDEX; Schema: public; Owner: benny6789
--

CREATE INDEX "GnC_departmental_goals_manager_id_3a87871e" ON public."GnC_departmental_goals" USING btree (manager_id);


--
-- Name: GnC_goal_comment_created_by_id_7bb27831; Type: INDEX; Schema: public; Owner: benny6789
--

CREATE INDEX "GnC_goal_comment_created_by_id_7bb27831" ON public."GnC_goal_comment" USING btree (created_by_id);


--
-- Name: GnC_goal_comment_goal_id_d65b24f7; Type: INDEX; Schema: public; Owner: benny6789
--

CREATE INDEX "GnC_goal_comment_goal_id_d65b24f7" ON public."GnC_goal_comment" USING btree (goal_id);


--
-- Name: GnC_goals_appraisal_id_f27b997d; Type: INDEX; Schema: public; Owner: benny6789
--

CREATE INDEX "GnC_goals_appraisal_id_f27b997d" ON public."GnC_goals" USING btree (appraisal_id);


--
-- Name: GnC_goals_employee_id_13965219; Type: INDEX; Schema: public; Owner: benny6789
--

CREATE INDEX "GnC_goals_employee_id_13965219" ON public."GnC_goals" USING btree (employee_id);


--
-- Name: GnC_goals_goal_category_id_a9e9cdc9; Type: INDEX; Schema: public; Owner: benny6789
--

CREATE INDEX "GnC_goals_goal_category_id_a9e9cdc9" ON public."GnC_goals" USING btree (goal_category_id);


--
-- Name: GnC_kpi_goal_id_4121a0f5; Type: INDEX; Schema: public; Owner: benny6789
--

CREATE INDEX "GnC_kpi_goal_id_4121a0f5" ON public."GnC_kpi" USING btree (goal_id);


--
-- Name: GnC_mid_yr_comment_box_appraisal_id_f1a26d8d; Type: INDEX; Schema: public; Owner: benny6789
--

CREATE INDEX "GnC_mid_yr_comment_box_appraisal_id_f1a26d8d" ON public."GnC_mid_yr_comment_box" USING btree (appraisal_id);


--
-- Name: GnC_mid_yr_comment_box_created_by_id_4f77aa2d; Type: INDEX; Schema: public; Owner: benny6789
--

CREATE INDEX "GnC_mid_yr_comment_box_created_by_id_4f77aa2d" ON public."GnC_mid_yr_comment_box" USING btree (created_by_id);


--
-- Name: GnC_mid_yr_comment_box_goal_id_de8b3e3c; Type: INDEX; Schema: public; Owner: benny6789
--

CREATE INDEX "GnC_mid_yr_comment_box_goal_id_de8b3e3c" ON public."GnC_mid_yr_comment_box" USING btree (goal_id);


--
-- Name: GnC_mid_yr_comment_box_user_id_71aff757; Type: INDEX; Schema: public; Owner: benny6789
--

CREATE INDEX "GnC_mid_yr_comment_box_user_id_71aff757" ON public."GnC_mid_yr_comment_box" USING btree (user_id);


--
-- Name: Profile_departments_manager_id_e97442f4; Type: INDEX; Schema: public; Owner: benny6789
--

CREATE INDEX "Profile_departments_manager_id_e97442f4" ON public."Profile_departments" USING btree (manager_id);


--
-- Name: Profile_profile_department_id_eee178e7; Type: INDEX; Schema: public; Owner: benny6789
--

CREATE INDEX "Profile_profile_department_id_eee178e7" ON public."Profile_profile" USING btree (department_id);


--
-- Name: Profile_profile_first_Reporting_Manager_id_64f9df34; Type: INDEX; Schema: public; Owner: benny6789
--

CREATE INDEX "Profile_profile_first_Reporting_Manager_id_64f9df34" ON public."Profile_profile" USING btree ("first_Reporting_Manager_id");


--
-- Name: Profile_qualifications_employee_id_c375f548; Type: INDEX; Schema: public; Owner: benny6789
--

CREATE INDEX "Profile_qualifications_employee_id_c375f548" ON public."Profile_qualifications" USING btree (employee_id);


--
-- Name: Ticketing_ticket_comments_ticket_id_3e9811ca; Type: INDEX; Schema: public; Owner: benny6789
--

CREATE INDEX "Ticketing_ticket_comments_ticket_id_3e9811ca" ON public."Ticketing_ticket_comments" USING btree (ticket_id);


--
-- Name: Ticketing_ticket_comments_user_id_2376d04a; Type: INDEX; Schema: public; Owner: benny6789
--

CREATE INDEX "Ticketing_ticket_comments_user_id_2376d04a" ON public."Ticketing_ticket_comments" USING btree (user_id);


--
-- Name: Ticketing_ticket_created_by_id_a8b998fe; Type: INDEX; Schema: public; Owner: benny6789
--

CREATE INDEX "Ticketing_ticket_created_by_id_a8b998fe" ON public."Ticketing_ticket" USING btree (created_by_id);


--
-- Name: Trainings_apply_trainings_employee_id_01b3fb06; Type: INDEX; Schema: public; Owner: benny6789
--

CREATE INDEX "Trainings_apply_trainings_employee_id_01b3fb06" ON public."Trainings_apply_trainings" USING btree (employee_id);


--
-- Name: Trainings_apply_trainings_training_id_be7f02b3; Type: INDEX; Schema: public; Owner: benny6789
--

CREATE INDEX "Trainings_apply_trainings_training_id_be7f02b3" ON public."Trainings_apply_trainings" USING btree (training_id);


--
-- Name: Trainings_career_discussion_employee_id_3f0de8f9; Type: INDEX; Schema: public; Owner: benny6789
--

CREATE INDEX "Trainings_career_discussion_employee_id_3f0de8f9" ON public."Trainings_career_discussion" USING btree (employee_id);


--
-- Name: Trainings_career_discussion_user_appraisal_id_d3022616; Type: INDEX; Schema: public; Owner: benny6789
--

CREATE INDEX "Trainings_career_discussion_user_appraisal_id_d3022616" ON public."Trainings_career_discussion" USING btree (user_appraisal_id);


--
-- Name: Trainings_skills_appraisal_id_cd1ae658; Type: INDEX; Schema: public; Owner: benny6789
--

CREATE INDEX "Trainings_skills_appraisal_id_cd1ae658" ON public."Trainings_skills" USING btree (appraisal_id);


--
-- Name: Trainings_skills_employee_id_3fda8559; Type: INDEX; Schema: public; Owner: benny6789
--

CREATE INDEX "Trainings_skills_employee_id_3fda8559" ON public."Trainings_skills" USING btree (employee_id);


--
-- Name: Trainings_skills_skill_category_id_8fa3e7c9; Type: INDEX; Schema: public; Owner: benny6789
--

CREATE INDEX "Trainings_skills_skill_category_id_8fa3e7c9" ON public."Trainings_skills" USING btree (skill_category_id);


--
-- Name: Trainings_survey_trainings_training_id_316c804a; Type: INDEX; Schema: public; Owner: benny6789
--

CREATE INDEX "Trainings_survey_trainings_training_id_316c804a" ON public."Trainings_survey_trainings" USING btree (training_id);


--
-- Name: Trainings_training_courses_skill_category_id_46a04102; Type: INDEX; Schema: public; Owner: benny6789
--

CREATE INDEX "Trainings_training_courses_skill_category_id_46a04102" ON public."Trainings_training_courses" USING btree (skill_category_id);


--
-- Name: Trainings_trainings_skill_category_id_2d85711f; Type: INDEX; Schema: public; Owner: benny6789
--

CREATE INDEX "Trainings_trainings_skill_category_id_2d85711f" ON public."Trainings_trainings" USING btree (skill_category_id);


--
-- Name: auth_group_name_a6ea08ec_like; Type: INDEX; Schema: public; Owner: benny6789
--

CREATE INDEX auth_group_name_a6ea08ec_like ON public.auth_group USING btree (name varchar_pattern_ops);


--
-- Name: auth_group_permissions_group_id_b120cbf9; Type: INDEX; Schema: public; Owner: benny6789
--

CREATE INDEX auth_group_permissions_group_id_b120cbf9 ON public.auth_group_permissions USING btree (group_id);


--
-- Name: auth_group_permissions_permission_id_84c5c92e; Type: INDEX; Schema: public; Owner: benny6789
--

CREATE INDEX auth_group_permissions_permission_id_84c5c92e ON public.auth_group_permissions USING btree (permission_id);


--
-- Name: auth_permission_content_type_id_2f476e4b; Type: INDEX; Schema: public; Owner: benny6789
--

CREATE INDEX auth_permission_content_type_id_2f476e4b ON public.auth_permission USING btree (content_type_id);


--
-- Name: auth_user_groups_group_id_97559544; Type: INDEX; Schema: public; Owner: benny6789
--

CREATE INDEX auth_user_groups_group_id_97559544 ON public.auth_user_groups USING btree (group_id);


--
-- Name: auth_user_groups_user_id_6a12ed8b; Type: INDEX; Schema: public; Owner: benny6789
--

CREATE INDEX auth_user_groups_user_id_6a12ed8b ON public.auth_user_groups USING btree (user_id);


--
-- Name: auth_user_user_permissions_permission_id_1fbb5f2c; Type: INDEX; Schema: public; Owner: benny6789
--

CREATE INDEX auth_user_user_permissions_permission_id_1fbb5f2c ON public.auth_user_user_permissions USING btree (permission_id);


--
-- Name: auth_user_user_permissions_user_id_a95ead1b; Type: INDEX; Schema: public; Owner: benny6789
--

CREATE INDEX auth_user_user_permissions_user_id_a95ead1b ON public.auth_user_user_permissions USING btree (user_id);


--
-- Name: auth_user_username_6821ab7c_like; Type: INDEX; Schema: public; Owner: benny6789
--

CREATE INDEX auth_user_username_6821ab7c_like ON public.auth_user USING btree (username varchar_pattern_ops);


--
-- Name: django_admin_log_content_type_id_c4bce8eb; Type: INDEX; Schema: public; Owner: benny6789
--

CREATE INDEX django_admin_log_content_type_id_c4bce8eb ON public.django_admin_log USING btree (content_type_id);


--
-- Name: django_admin_log_user_id_c564eba6; Type: INDEX; Schema: public; Owner: benny6789
--

CREATE INDEX django_admin_log_user_id_c564eba6 ON public.django_admin_log USING btree (user_id);


--
-- Name: django_session_expire_date_a5c62663; Type: INDEX; Schema: public; Owner: benny6789
--

CREATE INDEX django_session_expire_date_a5c62663 ON public.django_session USING btree (expire_date);


--
-- Name: django_session_session_key_c0390e0f_like; Type: INDEX; Schema: public; Owner: benny6789
--

CREATE INDEX django_session_session_key_c0390e0f_like ON public.django_session USING btree (session_key varchar_pattern_ops);


--
-- Name: thumbnail_kvstore_key_3f850178_like; Type: INDEX; Schema: public; Owner: benny6789
--

CREATE INDEX thumbnail_kvstore_key_3f850178_like ON public.thumbnail_kvstore USING btree (key varchar_pattern_ops);


--
-- Name: Appraisals_appraisal Appraisals_appraisal_created_by_id_3e175c99_fk_Profile_p; Type: FK CONSTRAINT; Schema: public; Owner: benny6789
--

ALTER TABLE ONLY public."Appraisals_appraisal"
    ADD CONSTRAINT "Appraisals_appraisal_created_by_id_3e175c99_fk_Profile_p" FOREIGN KEY (created_by_id) REFERENCES public."Profile_profile"(id) DEFERRABLE INITIALLY DEFERRED;


--
-- Name: Appraisals_appraisal Appraisals_appraisal_employee_list_id_68c88d6d_fk_Appraisal; Type: FK CONSTRAINT; Schema: public; Owner: benny6789
--

ALTER TABLE ONLY public."Appraisals_appraisal"
    ADD CONSTRAINT "Appraisals_appraisal_employee_list_id_68c88d6d_fk_Appraisal" FOREIGN KEY (employee_list_id) REFERENCES public."Appraisals_user_appraisal_list"(id) DEFERRABLE INITIALLY DEFERRED;


--
-- Name: Appraisals_appraisal Appraisals_appraisal_manager_id_a46f0385_fk_Profile_profile_id; Type: FK CONSTRAINT; Schema: public; Owner: benny6789
--

ALTER TABLE ONLY public."Appraisals_appraisal"
    ADD CONSTRAINT "Appraisals_appraisal_manager_id_a46f0385_fk_Profile_profile_id" FOREIGN KEY (manager_id) REFERENCES public."Profile_profile"(id) DEFERRABLE INITIALLY DEFERRED;


--
-- Name: Appraisals_appraisal Appraisals_appraisal_rating_scale_id_9524c390_fk_Appraisal; Type: FK CONSTRAINT; Schema: public; Owner: benny6789
--

ALTER TABLE ONLY public."Appraisals_appraisal"
    ADD CONSTRAINT "Appraisals_appraisal_rating_scale_id_9524c390_fk_Appraisal" FOREIGN KEY (rating_scale_id) REFERENCES public."Appraisals_rating_scale"(id) DEFERRABLE INITIALLY DEFERRED;


--
-- Name: Appraisals_appraisal Appraisals_appraisal_user_id_d49ce642_fk_Profile_profile_id; Type: FK CONSTRAINT; Schema: public; Owner: benny6789
--

ALTER TABLE ONLY public."Appraisals_appraisal"
    ADD CONSTRAINT "Appraisals_appraisal_user_id_d49ce642_fk_Profile_profile_id" FOREIGN KEY (user_id) REFERENCES public."Profile_profile"(id) DEFERRABLE INITIALLY DEFERRED;


--
-- Name: Appraisals_overall_appraisal Appraisals_overall_a_appraisal_category_i_a8a548aa_fk_Appraisal; Type: FK CONSTRAINT; Schema: public; Owner: benny6789
--

ALTER TABLE ONLY public."Appraisals_overall_appraisal"
    ADD CONSTRAINT "Appraisals_overall_a_appraisal_category_i_a8a548aa_fk_Appraisal" FOREIGN KEY (appraisal_category_id) REFERENCES public."Appraisals_appraisal_category"(id) DEFERRABLE INITIALLY DEFERRED;


--
-- Name: Appraisals_peerappraisal Appraisals_peerappra_appraisal_id_28d7ec5a_fk_Appraisal; Type: FK CONSTRAINT; Schema: public; Owner: benny6789
--

ALTER TABLE ONLY public."Appraisals_peerappraisal"
    ADD CONSTRAINT "Appraisals_peerappra_appraisal_id_28d7ec5a_fk_Appraisal" FOREIGN KEY (appraisal_id) REFERENCES public."Appraisals_user_appraisal_list"(id) DEFERRABLE INITIALLY DEFERRED;


--
-- Name: Appraisals_peerappraisalquestion Appraisals_peerappra_appraisal_id_2b7db054_fk_Appraisal; Type: FK CONSTRAINT; Schema: public; Owner: benny6789
--

ALTER TABLE ONLY public."Appraisals_peerappraisalquestion"
    ADD CONSTRAINT "Appraisals_peerappra_appraisal_id_2b7db054_fk_Appraisal" FOREIGN KEY (appraisal_id) REFERENCES public."Appraisals_peerappraisal"(id) DEFERRABLE INITIALLY DEFERRED;


--
-- Name: Appraisals_peerappraisal Appraisals_peerappra_created_by_id_5d13bf1c_fk_Profile_p; Type: FK CONSTRAINT; Schema: public; Owner: benny6789
--

ALTER TABLE ONLY public."Appraisals_peerappraisal"
    ADD CONSTRAINT "Appraisals_peerappra_created_by_id_5d13bf1c_fk_Profile_p" FOREIGN KEY (created_by_id) REFERENCES public."Profile_profile"(id) DEFERRABLE INITIALLY DEFERRED;


--
-- Name: Appraisals_peerappraisal Appraisals_peerappra_manager_id_a1f5a6f1_fk_Profile_p; Type: FK CONSTRAINT; Schema: public; Owner: benny6789
--

ALTER TABLE ONLY public."Appraisals_peerappraisal"
    ADD CONSTRAINT "Appraisals_peerappra_manager_id_a1f5a6f1_fk_Profile_p" FOREIGN KEY (manager_id) REFERENCES public."Profile_profile"(id) DEFERRABLE INITIALLY DEFERRED;


--
-- Name: Appraisals_peerappraisal Appraisals_peerappra_viewer_id_e8b84916_fk_Profile_p; Type: FK CONSTRAINT; Schema: public; Owner: benny6789
--

ALTER TABLE ONLY public."Appraisals_peerappraisal"
    ADD CONSTRAINT "Appraisals_peerappra_viewer_id_e8b84916_fk_Profile_p" FOREIGN KEY (viewer_id) REFERENCES public."Profile_profile"(id) DEFERRABLE INITIALLY DEFERRED;


--
-- Name: Appraisals_user_appraisal_list Appraisals_user_appr_appraisal_category_i_6c4ae8cd_fk_Appraisal; Type: FK CONSTRAINT; Schema: public; Owner: benny6789
--

ALTER TABLE ONLY public."Appraisals_user_appraisal_list"
    ADD CONSTRAINT "Appraisals_user_appr_appraisal_category_i_6c4ae8cd_fk_Appraisal" FOREIGN KEY (appraisal_category_id) REFERENCES public."Appraisals_appraisal_category"(id) DEFERRABLE INITIALLY DEFERRED;


--
-- Name: Appraisals_user_appraisal_list Appraisals_user_appr_employee_id_da7a4baa_fk_Profile_p; Type: FK CONSTRAINT; Schema: public; Owner: benny6789
--

ALTER TABLE ONLY public."Appraisals_user_appraisal_list"
    ADD CONSTRAINT "Appraisals_user_appr_employee_id_da7a4baa_fk_Profile_p" FOREIGN KEY (employee_id) REFERENCES public."Profile_profile"(id) DEFERRABLE INITIALLY DEFERRED;


--
-- Name: Appraisals_user_appraisal_list Appraisals_user_appr_manager_id_ecd68e59_fk_Profile_p; Type: FK CONSTRAINT; Schema: public; Owner: benny6789
--

ALTER TABLE ONLY public."Appraisals_user_appraisal_list"
    ADD CONSTRAINT "Appraisals_user_appr_manager_id_ecd68e59_fk_Profile_p" FOREIGN KEY (manager_id) REFERENCES public."Profile_profile"(id) DEFERRABLE INITIALLY DEFERRED;


--
-- Name: Appraisals_user_appraisal_list Appraisals_user_appr_overall_appraisal_id_ba7766ac_fk_Appraisal; Type: FK CONSTRAINT; Schema: public; Owner: benny6789
--

ALTER TABLE ONLY public."Appraisals_user_appraisal_list"
    ADD CONSTRAINT "Appraisals_user_appr_overall_appraisal_id_ba7766ac_fk_Appraisal" FOREIGN KEY (overall_appraisal_id) REFERENCES public."Appraisals_overall_appraisal"(id) DEFERRABLE INITIALLY DEFERRED;


--
-- Name: GnC_comment_box GnC_comment_box_created_by_id_ad780112_fk_Profile_profile_id; Type: FK CONSTRAINT; Schema: public; Owner: benny6789
--

ALTER TABLE ONLY public."GnC_comment_box"
    ADD CONSTRAINT "GnC_comment_box_created_by_id_ad780112_fk_Profile_profile_id" FOREIGN KEY (created_by_id) REFERENCES public."Profile_profile"(id) DEFERRABLE INITIALLY DEFERRED;


--
-- Name: GnC_comment_box GnC_comment_box_goal_id_23f61d7e_fk_GnC_goals_id; Type: FK CONSTRAINT; Schema: public; Owner: benny6789
--

ALTER TABLE ONLY public."GnC_comment_box"
    ADD CONSTRAINT "GnC_comment_box_goal_id_23f61d7e_fk_GnC_goals_id" FOREIGN KEY (goal_id) REFERENCES public."GnC_goals"(id) DEFERRABLE INITIALLY DEFERRED;


--
-- Name: GnC_competencies GnC_competencies_appraisal_id_4538b174_fk_Appraisal; Type: FK CONSTRAINT; Schema: public; Owner: benny6789
--

ALTER TABLE ONLY public."GnC_competencies"
    ADD CONSTRAINT "GnC_competencies_appraisal_id_4538b174_fk_Appraisal" FOREIGN KEY (appraisal_id) REFERENCES public."Appraisals_user_appraisal_list"(id) DEFERRABLE INITIALLY DEFERRED;


--
-- Name: GnC_competencies GnC_competencies_competency_category__307d3c08_fk_GnC_compe; Type: FK CONSTRAINT; Schema: public; Owner: benny6789
--

ALTER TABLE ONLY public."GnC_competencies"
    ADD CONSTRAINT "GnC_competencies_competency_category__307d3c08_fk_GnC_compe" FOREIGN KEY (competency_category_id) REFERENCES public."GnC_competency_category"(id) DEFERRABLE INITIALLY DEFERRED;


--
-- Name: GnC_competencies GnC_competencies_employee_id_82fd6ae3_fk_Profile_profile_id; Type: FK CONSTRAINT; Schema: public; Owner: benny6789
--

ALTER TABLE ONLY public."GnC_competencies"
    ADD CONSTRAINT "GnC_competencies_employee_id_82fd6ae3_fk_Profile_profile_id" FOREIGN KEY (employee_id) REFERENCES public."Profile_profile"(id) DEFERRABLE INITIALLY DEFERRED;


--
-- Name: GnC_competency_comment GnC_competency_comme_competency_id_66c3fc44_fk_GnC_compe; Type: FK CONSTRAINT; Schema: public; Owner: benny6789
--

ALTER TABLE ONLY public."GnC_competency_comment"
    ADD CONSTRAINT "GnC_competency_comme_competency_id_66c3fc44_fk_GnC_compe" FOREIGN KEY (competency_id) REFERENCES public."GnC_competencies"(id) DEFERRABLE INITIALLY DEFERRED;


--
-- Name: GnC_competency_comment GnC_competency_comme_created_by_id_b6295ed5_fk_Profile_p; Type: FK CONSTRAINT; Schema: public; Owner: benny6789
--

ALTER TABLE ONLY public."GnC_competency_comment"
    ADD CONSTRAINT "GnC_competency_comme_created_by_id_b6295ed5_fk_Profile_p" FOREIGN KEY (created_by_id) REFERENCES public."Profile_profile"(id) DEFERRABLE INITIALLY DEFERRED;


--
-- Name: GnC_departmental_competencies GnC_departmental_com_appraisal_id_a82557cf_fk_Appraisal; Type: FK CONSTRAINT; Schema: public; Owner: benny6789
--

ALTER TABLE ONLY public."GnC_departmental_competencies"
    ADD CONSTRAINT "GnC_departmental_com_appraisal_id_a82557cf_fk_Appraisal" FOREIGN KEY (appraisal_id) REFERENCES public."Appraisals_overall_appraisal"(id) DEFERRABLE INITIALLY DEFERRED;


--
-- Name: GnC_departmental_competencies GnC_departmental_com_competency_category__0a050889_fk_GnC_compe; Type: FK CONSTRAINT; Schema: public; Owner: benny6789
--

ALTER TABLE ONLY public."GnC_departmental_competencies"
    ADD CONSTRAINT "GnC_departmental_com_competency_category__0a050889_fk_GnC_compe" FOREIGN KEY (competency_category_id) REFERENCES public."GnC_competency_category"(id) DEFERRABLE INITIALLY DEFERRED;


--
-- Name: GnC_departmental_competencies_comment GnC_departmental_com_created_by_id_588e99d3_fk_Profile_p; Type: FK CONSTRAINT; Schema: public; Owner: benny6789
--

ALTER TABLE ONLY public."GnC_departmental_competencies_comment"
    ADD CONSTRAINT "GnC_departmental_com_created_by_id_588e99d3_fk_Profile_p" FOREIGN KEY (created_by_id) REFERENCES public."Profile_profile"(id) DEFERRABLE INITIALLY DEFERRED;


--
-- Name: GnC_departmental_competencies GnC_departmental_com_department_id_7cbe1345_fk_Profile_d; Type: FK CONSTRAINT; Schema: public; Owner: benny6789
--

ALTER TABLE ONLY public."GnC_departmental_competencies"
    ADD CONSTRAINT "GnC_departmental_com_department_id_7cbe1345_fk_Profile_d" FOREIGN KEY (department_id) REFERENCES public."Profile_departments"(id) DEFERRABLE INITIALLY DEFERRED;


--
-- Name: GnC_departmental_competencies_comment GnC_departmental_com_departmental_compete_cdc829d6_fk_GnC_depar; Type: FK CONSTRAINT; Schema: public; Owner: benny6789
--

ALTER TABLE ONLY public."GnC_departmental_competencies_comment"
    ADD CONSTRAINT "GnC_departmental_com_departmental_compete_cdc829d6_fk_GnC_depar" FOREIGN KEY (departmental_competencies_id) REFERENCES public."GnC_departmental_competencies"(id) DEFERRABLE INITIALLY DEFERRED;


--
-- Name: GnC_departmental_competencies GnC_departmental_com_manager_id_90ca0401_fk_Profile_p; Type: FK CONSTRAINT; Schema: public; Owner: benny6789
--

ALTER TABLE ONLY public."GnC_departmental_competencies"
    ADD CONSTRAINT "GnC_departmental_com_manager_id_90ca0401_fk_Profile_p" FOREIGN KEY (manager_id) REFERENCES public."Profile_profile"(id) DEFERRABLE INITIALLY DEFERRED;


--
-- Name: GnC_departmental_goals GnC_departmental_goa_appraisal_id_622e3b20_fk_Appraisal; Type: FK CONSTRAINT; Schema: public; Owner: benny6789
--

ALTER TABLE ONLY public."GnC_departmental_goals"
    ADD CONSTRAINT "GnC_departmental_goa_appraisal_id_622e3b20_fk_Appraisal" FOREIGN KEY (appraisal_id) REFERENCES public."Appraisals_overall_appraisal"(id) DEFERRABLE INITIALLY DEFERRED;


--
-- Name: GnC_departmental_goal_comment GnC_departmental_goa_created_by_id_5debfbed_fk_Profile_p; Type: FK CONSTRAINT; Schema: public; Owner: benny6789
--

ALTER TABLE ONLY public."GnC_departmental_goal_comment"
    ADD CONSTRAINT "GnC_departmental_goa_created_by_id_5debfbed_fk_Profile_p" FOREIGN KEY (created_by_id) REFERENCES public."Profile_profile"(id) DEFERRABLE INITIALLY DEFERRED;


--
-- Name: GnC_departmental_goals GnC_departmental_goa_department_id_435bc3fd_fk_Profile_d; Type: FK CONSTRAINT; Schema: public; Owner: benny6789
--

ALTER TABLE ONLY public."GnC_departmental_goals"
    ADD CONSTRAINT "GnC_departmental_goa_department_id_435bc3fd_fk_Profile_d" FOREIGN KEY (department_id) REFERENCES public."Profile_departments"(id) DEFERRABLE INITIALLY DEFERRED;


--
-- Name: GnC_departmental_goal_comment GnC_departmental_goa_departmental_goal_id_a50df18e_fk_GnC_depar; Type: FK CONSTRAINT; Schema: public; Owner: benny6789
--

ALTER TABLE ONLY public."GnC_departmental_goal_comment"
    ADD CONSTRAINT "GnC_departmental_goa_departmental_goal_id_a50df18e_fk_GnC_depar" FOREIGN KEY (departmental_goal_id) REFERENCES public."GnC_departmental_goals"(id) DEFERRABLE INITIALLY DEFERRED;


--
-- Name: GnC_departmental_goals GnC_departmental_goa_goal_category_id_1e2af518_fk_GnC_goal_; Type: FK CONSTRAINT; Schema: public; Owner: benny6789
--

ALTER TABLE ONLY public."GnC_departmental_goals"
    ADD CONSTRAINT "GnC_departmental_goa_goal_category_id_1e2af518_fk_GnC_goal_" FOREIGN KEY (goal_category_id) REFERENCES public."GnC_goal_category"(id) DEFERRABLE INITIALLY DEFERRED;


--
-- Name: GnC_departmental_goals GnC_departmental_goa_manager_id_3a87871e_fk_Profile_p; Type: FK CONSTRAINT; Schema: public; Owner: benny6789
--

ALTER TABLE ONLY public."GnC_departmental_goals"
    ADD CONSTRAINT "GnC_departmental_goa_manager_id_3a87871e_fk_Profile_p" FOREIGN KEY (manager_id) REFERENCES public."Profile_profile"(id) DEFERRABLE INITIALLY DEFERRED;


--
-- Name: GnC_goal_comment GnC_goal_comment_created_by_id_7bb27831_fk_Profile_profile_id; Type: FK CONSTRAINT; Schema: public; Owner: benny6789
--

ALTER TABLE ONLY public."GnC_goal_comment"
    ADD CONSTRAINT "GnC_goal_comment_created_by_id_7bb27831_fk_Profile_profile_id" FOREIGN KEY (created_by_id) REFERENCES public."Profile_profile"(id) DEFERRABLE INITIALLY DEFERRED;


--
-- Name: GnC_goal_comment GnC_goal_comment_goal_id_d65b24f7_fk_GnC_goals_id; Type: FK CONSTRAINT; Schema: public; Owner: benny6789
--

ALTER TABLE ONLY public."GnC_goal_comment"
    ADD CONSTRAINT "GnC_goal_comment_goal_id_d65b24f7_fk_GnC_goals_id" FOREIGN KEY (goal_id) REFERENCES public."GnC_goals"(id) DEFERRABLE INITIALLY DEFERRED;


--
-- Name: GnC_goals GnC_goals_appraisal_id_f27b997d_fk_Appraisal; Type: FK CONSTRAINT; Schema: public; Owner: benny6789
--

ALTER TABLE ONLY public."GnC_goals"
    ADD CONSTRAINT "GnC_goals_appraisal_id_f27b997d_fk_Appraisal" FOREIGN KEY (appraisal_id) REFERENCES public."Appraisals_user_appraisal_list"(id) DEFERRABLE INITIALLY DEFERRED;


--
-- Name: GnC_goals GnC_goals_employee_id_13965219_fk_Profile_profile_id; Type: FK CONSTRAINT; Schema: public; Owner: benny6789
--

ALTER TABLE ONLY public."GnC_goals"
    ADD CONSTRAINT "GnC_goals_employee_id_13965219_fk_Profile_profile_id" FOREIGN KEY (employee_id) REFERENCES public."Profile_profile"(id) DEFERRABLE INITIALLY DEFERRED;


--
-- Name: GnC_goals GnC_goals_goal_category_id_a9e9cdc9_fk_GnC_goal_category_id; Type: FK CONSTRAINT; Schema: public; Owner: benny6789
--

ALTER TABLE ONLY public."GnC_goals"
    ADD CONSTRAINT "GnC_goals_goal_category_id_a9e9cdc9_fk_GnC_goal_category_id" FOREIGN KEY (goal_category_id) REFERENCES public."GnC_goal_category"(id) DEFERRABLE INITIALLY DEFERRED;


--
-- Name: GnC_kpi GnC_kpi_goal_id_4121a0f5_fk_GnC_goals_id; Type: FK CONSTRAINT; Schema: public; Owner: benny6789
--

ALTER TABLE ONLY public."GnC_kpi"
    ADD CONSTRAINT "GnC_kpi_goal_id_4121a0f5_fk_GnC_goals_id" FOREIGN KEY (goal_id) REFERENCES public."GnC_goals"(id) DEFERRABLE INITIALLY DEFERRED;


--
-- Name: GnC_mid_yr_comment_box GnC_mid_yr_comment_b_appraisal_id_f1a26d8d_fk_Appraisal; Type: FK CONSTRAINT; Schema: public; Owner: benny6789
--

ALTER TABLE ONLY public."GnC_mid_yr_comment_box"
    ADD CONSTRAINT "GnC_mid_yr_comment_b_appraisal_id_f1a26d8d_fk_Appraisal" FOREIGN KEY (appraisal_id) REFERENCES public."Appraisals_user_appraisal_list"(id) DEFERRABLE INITIALLY DEFERRED;


--
-- Name: GnC_mid_yr_comment_box GnC_mid_yr_comment_b_created_by_id_4f77aa2d_fk_Profile_p; Type: FK CONSTRAINT; Schema: public; Owner: benny6789
--

ALTER TABLE ONLY public."GnC_mid_yr_comment_box"
    ADD CONSTRAINT "GnC_mid_yr_comment_b_created_by_id_4f77aa2d_fk_Profile_p" FOREIGN KEY (created_by_id) REFERENCES public."Profile_profile"(id) DEFERRABLE INITIALLY DEFERRED;


--
-- Name: GnC_mid_yr_comment_box GnC_mid_yr_comment_box_goal_id_de8b3e3c_fk_GnC_goals_id; Type: FK CONSTRAINT; Schema: public; Owner: benny6789
--

ALTER TABLE ONLY public."GnC_mid_yr_comment_box"
    ADD CONSTRAINT "GnC_mid_yr_comment_box_goal_id_de8b3e3c_fk_GnC_goals_id" FOREIGN KEY (goal_id) REFERENCES public."GnC_goals"(id) DEFERRABLE INITIALLY DEFERRED;


--
-- Name: GnC_mid_yr_comment_box GnC_mid_yr_comment_box_user_id_71aff757_fk_auth_user_id; Type: FK CONSTRAINT; Schema: public; Owner: benny6789
--

ALTER TABLE ONLY public."GnC_mid_yr_comment_box"
    ADD CONSTRAINT "GnC_mid_yr_comment_box_user_id_71aff757_fk_auth_user_id" FOREIGN KEY (user_id) REFERENCES public.auth_user(id) DEFERRABLE INITIALLY DEFERRED;


--
-- Name: Profile_departments Profile_departments_manager_id_e97442f4_fk_Profile_profile_id; Type: FK CONSTRAINT; Schema: public; Owner: benny6789
--

ALTER TABLE ONLY public."Profile_departments"
    ADD CONSTRAINT "Profile_departments_manager_id_e97442f4_fk_Profile_profile_id" FOREIGN KEY (manager_id) REFERENCES public."Profile_profile"(id) DEFERRABLE INITIALLY DEFERRED;


--
-- Name: Profile_profile Profile_profile_department_id_eee178e7_fk_Profile_d; Type: FK CONSTRAINT; Schema: public; Owner: benny6789
--

ALTER TABLE ONLY public."Profile_profile"
    ADD CONSTRAINT "Profile_profile_department_id_eee178e7_fk_Profile_d" FOREIGN KEY (department_id) REFERENCES public."Profile_departments"(id) DEFERRABLE INITIALLY DEFERRED;


--
-- Name: Profile_profile Profile_profile_first_Reporting_Mana_64f9df34_fk_Profile_p; Type: FK CONSTRAINT; Schema: public; Owner: benny6789
--

ALTER TABLE ONLY public."Profile_profile"
    ADD CONSTRAINT "Profile_profile_first_Reporting_Mana_64f9df34_fk_Profile_p" FOREIGN KEY ("first_Reporting_Manager_id") REFERENCES public."Profile_profile"(id) DEFERRABLE INITIALLY DEFERRED;


--
-- Name: Profile_profile Profile_profile_user_id_957ea2e4_fk_auth_user_id; Type: FK CONSTRAINT; Schema: public; Owner: benny6789
--

ALTER TABLE ONLY public."Profile_profile"
    ADD CONSTRAINT "Profile_profile_user_id_957ea2e4_fk_auth_user_id" FOREIGN KEY (user_id) REFERENCES public.auth_user(id) DEFERRABLE INITIALLY DEFERRED;


--
-- Name: Profile_qualifications Profile_qualificatio_employee_id_c375f548_fk_Profile_p; Type: FK CONSTRAINT; Schema: public; Owner: benny6789
--

ALTER TABLE ONLY public."Profile_qualifications"
    ADD CONSTRAINT "Profile_qualificatio_employee_id_c375f548_fk_Profile_p" FOREIGN KEY (employee_id) REFERENCES public."Profile_profile"(id) DEFERRABLE INITIALLY DEFERRED;


--
-- Name: Ticketing_ticket_comments Ticketing_ticket_com_ticket_id_3e9811ca_fk_Ticketing; Type: FK CONSTRAINT; Schema: public; Owner: benny6789
--

ALTER TABLE ONLY public."Ticketing_ticket_comments"
    ADD CONSTRAINT "Ticketing_ticket_com_ticket_id_3e9811ca_fk_Ticketing" FOREIGN KEY (ticket_id) REFERENCES public."Ticketing_ticket"(id) DEFERRABLE INITIALLY DEFERRED;


--
-- Name: Ticketing_ticket_comments Ticketing_ticket_com_user_id_2376d04a_fk_Profile_p; Type: FK CONSTRAINT; Schema: public; Owner: benny6789
--

ALTER TABLE ONLY public."Ticketing_ticket_comments"
    ADD CONSTRAINT "Ticketing_ticket_com_user_id_2376d04a_fk_Profile_p" FOREIGN KEY (user_id) REFERENCES public."Profile_profile"(id) DEFERRABLE INITIALLY DEFERRED;


--
-- Name: Ticketing_ticket Ticketing_ticket_created_by_id_a8b998fe_fk_Profile_profile_id; Type: FK CONSTRAINT; Schema: public; Owner: benny6789
--

ALTER TABLE ONLY public."Ticketing_ticket"
    ADD CONSTRAINT "Ticketing_ticket_created_by_id_a8b998fe_fk_Profile_profile_id" FOREIGN KEY (created_by_id) REFERENCES public."Profile_profile"(id) DEFERRABLE INITIALLY DEFERRED;


--
-- Name: Trainings_apply_trainings Trainings_apply_trai_employee_id_01b3fb06_fk_Profile_p; Type: FK CONSTRAINT; Schema: public; Owner: benny6789
--

ALTER TABLE ONLY public."Trainings_apply_trainings"
    ADD CONSTRAINT "Trainings_apply_trai_employee_id_01b3fb06_fk_Profile_p" FOREIGN KEY (employee_id) REFERENCES public."Profile_profile"(id) DEFERRABLE INITIALLY DEFERRED;


--
-- Name: Trainings_apply_trainings Trainings_apply_trai_training_id_be7f02b3_fk_Trainings; Type: FK CONSTRAINT; Schema: public; Owner: benny6789
--

ALTER TABLE ONLY public."Trainings_apply_trainings"
    ADD CONSTRAINT "Trainings_apply_trai_training_id_be7f02b3_fk_Trainings" FOREIGN KEY (training_id) REFERENCES public."Trainings_trainings"(id) DEFERRABLE INITIALLY DEFERRED;


--
-- Name: Trainings_career_discussion Trainings_career_dis_employee_id_3f0de8f9_fk_Profile_p; Type: FK CONSTRAINT; Schema: public; Owner: benny6789
--

ALTER TABLE ONLY public."Trainings_career_discussion"
    ADD CONSTRAINT "Trainings_career_dis_employee_id_3f0de8f9_fk_Profile_p" FOREIGN KEY (employee_id) REFERENCES public."Profile_profile"(id) DEFERRABLE INITIALLY DEFERRED;


--
-- Name: Trainings_career_discussion Trainings_career_dis_user_appraisal_id_d3022616_fk_Appraisal; Type: FK CONSTRAINT; Schema: public; Owner: benny6789
--

ALTER TABLE ONLY public."Trainings_career_discussion"
    ADD CONSTRAINT "Trainings_career_dis_user_appraisal_id_d3022616_fk_Appraisal" FOREIGN KEY (user_appraisal_id) REFERENCES public."Appraisals_user_appraisal_list"(id) DEFERRABLE INITIALLY DEFERRED;


--
-- Name: Trainings_skills Trainings_skills_appraisal_id_cd1ae658_fk_Appraisal; Type: FK CONSTRAINT; Schema: public; Owner: benny6789
--

ALTER TABLE ONLY public."Trainings_skills"
    ADD CONSTRAINT "Trainings_skills_appraisal_id_cd1ae658_fk_Appraisal" FOREIGN KEY (appraisal_id) REFERENCES public."Appraisals_user_appraisal_list"(id) DEFERRABLE INITIALLY DEFERRED;


--
-- Name: Trainings_skills Trainings_skills_employee_id_3fda8559_fk_Profile_profile_id; Type: FK CONSTRAINT; Schema: public; Owner: benny6789
--

ALTER TABLE ONLY public."Trainings_skills"
    ADD CONSTRAINT "Trainings_skills_employee_id_3fda8559_fk_Profile_profile_id" FOREIGN KEY (employee_id) REFERENCES public."Profile_profile"(id) DEFERRABLE INITIALLY DEFERRED;


--
-- Name: Trainings_skills Trainings_skills_skill_category_id_8fa3e7c9_fk_Trainings; Type: FK CONSTRAINT; Schema: public; Owner: benny6789
--

ALTER TABLE ONLY public."Trainings_skills"
    ADD CONSTRAINT "Trainings_skills_skill_category_id_8fa3e7c9_fk_Trainings" FOREIGN KEY (skill_category_id) REFERENCES public."Trainings_skill_category"(id) DEFERRABLE INITIALLY DEFERRED;


--
-- Name: Trainings_survey_trainings Trainings_survey_tra_training_id_316c804a_fk_Trainings; Type: FK CONSTRAINT; Schema: public; Owner: benny6789
--

ALTER TABLE ONLY public."Trainings_survey_trainings"
    ADD CONSTRAINT "Trainings_survey_tra_training_id_316c804a_fk_Trainings" FOREIGN KEY (training_id) REFERENCES public."Trainings_trainings"(id) DEFERRABLE INITIALLY DEFERRED;


--
-- Name: Trainings_training_courses Trainings_training_c_skill_category_id_46a04102_fk_Trainings; Type: FK CONSTRAINT; Schema: public; Owner: benny6789
--

ALTER TABLE ONLY public."Trainings_training_courses"
    ADD CONSTRAINT "Trainings_training_c_skill_category_id_46a04102_fk_Trainings" FOREIGN KEY (skill_category_id) REFERENCES public."Trainings_skill_category"(id) DEFERRABLE INITIALLY DEFERRED;


--
-- Name: Trainings_trainings Trainings_trainings_skill_category_id_2d85711f_fk_Trainings; Type: FK CONSTRAINT; Schema: public; Owner: benny6789
--

ALTER TABLE ONLY public."Trainings_trainings"
    ADD CONSTRAINT "Trainings_trainings_skill_category_id_2d85711f_fk_Trainings" FOREIGN KEY (skill_category_id) REFERENCES public."Trainings_skill_category"(id) DEFERRABLE INITIALLY DEFERRED;


--
-- Name: auth_group_permissions auth_group_permissio_permission_id_84c5c92e_fk_auth_perm; Type: FK CONSTRAINT; Schema: public; Owner: benny6789
--

ALTER TABLE ONLY public.auth_group_permissions
    ADD CONSTRAINT auth_group_permissio_permission_id_84c5c92e_fk_auth_perm FOREIGN KEY (permission_id) REFERENCES public.auth_permission(id) DEFERRABLE INITIALLY DEFERRED;


--
-- Name: auth_group_permissions auth_group_permissions_group_id_b120cbf9_fk_auth_group_id; Type: FK CONSTRAINT; Schema: public; Owner: benny6789
--

ALTER TABLE ONLY public.auth_group_permissions
    ADD CONSTRAINT auth_group_permissions_group_id_b120cbf9_fk_auth_group_id FOREIGN KEY (group_id) REFERENCES public.auth_group(id) DEFERRABLE INITIALLY DEFERRED;


--
-- Name: auth_permission auth_permission_content_type_id_2f476e4b_fk_django_co; Type: FK CONSTRAINT; Schema: public; Owner: benny6789
--

ALTER TABLE ONLY public.auth_permission
    ADD CONSTRAINT auth_permission_content_type_id_2f476e4b_fk_django_co FOREIGN KEY (content_type_id) REFERENCES public.django_content_type(id) DEFERRABLE INITIALLY DEFERRED;


--
-- Name: auth_user_groups auth_user_groups_group_id_97559544_fk_auth_group_id; Type: FK CONSTRAINT; Schema: public; Owner: benny6789
--

ALTER TABLE ONLY public.auth_user_groups
    ADD CONSTRAINT auth_user_groups_group_id_97559544_fk_auth_group_id FOREIGN KEY (group_id) REFERENCES public.auth_group(id) DEFERRABLE INITIALLY DEFERRED;


--
-- Name: auth_user_groups auth_user_groups_user_id_6a12ed8b_fk_auth_user_id; Type: FK CONSTRAINT; Schema: public; Owner: benny6789
--

ALTER TABLE ONLY public.auth_user_groups
    ADD CONSTRAINT auth_user_groups_user_id_6a12ed8b_fk_auth_user_id FOREIGN KEY (user_id) REFERENCES public.auth_user(id) DEFERRABLE INITIALLY DEFERRED;


--
-- Name: auth_user_user_permissions auth_user_user_permi_permission_id_1fbb5f2c_fk_auth_perm; Type: FK CONSTRAINT; Schema: public; Owner: benny6789
--

ALTER TABLE ONLY public.auth_user_user_permissions
    ADD CONSTRAINT auth_user_user_permi_permission_id_1fbb5f2c_fk_auth_perm FOREIGN KEY (permission_id) REFERENCES public.auth_permission(id) DEFERRABLE INITIALLY DEFERRED;


--
-- Name: auth_user_user_permissions auth_user_user_permissions_user_id_a95ead1b_fk_auth_user_id; Type: FK CONSTRAINT; Schema: public; Owner: benny6789
--

ALTER TABLE ONLY public.auth_user_user_permissions
    ADD CONSTRAINT auth_user_user_permissions_user_id_a95ead1b_fk_auth_user_id FOREIGN KEY (user_id) REFERENCES public.auth_user(id) DEFERRABLE INITIALLY DEFERRED;


--
-- Name: django_admin_log django_admin_log_content_type_id_c4bce8eb_fk_django_co; Type: FK CONSTRAINT; Schema: public; Owner: benny6789
--

ALTER TABLE ONLY public.django_admin_log
    ADD CONSTRAINT django_admin_log_content_type_id_c4bce8eb_fk_django_co FOREIGN KEY (content_type_id) REFERENCES public.django_content_type(id) DEFERRABLE INITIALLY DEFERRED;


--
-- Name: django_admin_log django_admin_log_user_id_c564eba6_fk_auth_user_id; Type: FK CONSTRAINT; Schema: public; Owner: benny6789
--

ALTER TABLE ONLY public.django_admin_log
    ADD CONSTRAINT django_admin_log_user_id_c564eba6_fk_auth_user_id FOREIGN KEY (user_id) REFERENCES public.auth_user(id) DEFERRABLE INITIALLY DEFERRED;


--
-- PostgreSQL database dump complete
--

